node_id,filtered_tilt,filtered_vibration,filtered_strain,status
NODE_01,0.1019,0.1082,0.165,SAFE
NODE_01,0.2329,0.2848,0.0235,SAFE
NODE_01,0.1875,0.2256,0.1571,SAFE
NODE_01,0.0116,0.0992,0.1329,SAFE
NODE_01,0.1736,0.0152,0.067,SAFE
NODE_01,0.075,0.2515,0.1963,SAFE
NODE_01,0.045,0.1784,0.1971,SAFE
NODE_01,0.1932,0.0478,0.1732,SAFE
NODE_01,0.1415,0.118,0.1979,SAFE
NODE_01,0.0253,0.0469,0.0687,SAFE
NODE_01,0.1171,0.1101,0.1618,SAFE
NODE_01,0.6583,0.6534,1.0441,WARNING
NODE_01,0.0901,0.2797,0.0097,SAFE
NODE_01,0.1064,0.142,0.0493,SAFE
NODE_01,0.0492,0.1736,0.1645,SAFE
NODE_01,0.0709,0.0387,0.0777,SAFE
NODE_01,0.1483,0.0104,0.093,SAFE
NODE_01,9.1787,2.0173,4.3547,DANGER
NODE_01,1.154,0.5551,1.2344,WARNING
NODE_01,1.96,1.1449,1.7964,WARNING
NODE_01,7.9872,2.596,3.4577,DANGER
NODE_01,0.0354,0.0992,0.0101,SAFE
NODE_01,0.2838,0.296,0.1703,SAFE
NODE_01,10.0067,3.2255,2.3601,DANGER
NODE_01,0.2227,0.089,0.1438,SAFE
NODE_01,6.205,3.4059,5.1657,DANGER
NODE_01,0.1158,0.0134,0.0538,SAFE
NODE_01,2.6273,0.548,1.4797,WARNING
NODE_01,0.1367,0.0782,0.1076,SAFE
NODE_01,1.0844,0.3732,1.6676,WARNING
NODE_01,0.2147,0.1643,0.0054,SAFE
NODE_01,0.0343,0.1571,0.0067,SAFE
NODE_01,0.2051,0.0307,0.1468,SAFE
NODE_01,0.2537,0.2193,0.1006,SAFE
NODE_01,0.5508,0.9198,0.7072,WARNING
NODE_01,0.2279,0.1309,0.0534,SAFE
NODE_01,0.1927,0.2179,0.151,SAFE
NODE_01,0.1161,0.2752,0.1713,SAFE
NODE_01,0.2131,0.2038,0.147,SAFE
NODE_01,0.1242,0.0626,0.1632,SAFE
NODE_01,0.0157,0.2072,0.0846,SAFE
NODE_01,0.2427,0.2525,0.1539,SAFE
NODE_01,3.2618,1.057,1.461,WARNING
NODE_01,0.0065,0.2095,0.1452,SAFE
NODE_01,11.3018,3.7305,5.1957,DANGER
NODE_01,0.1326,0.2025,0.0278,SAFE
NODE_01,0.0606,0.0998,0.0221,SAFE
NODE_01,0.2118,0.117,0.1223,SAFE
NODE_01,0.1369,0.0157,0.0223,SAFE
NODE_01,0.2796,0.2269,0.1273,SAFE
NODE_01,0.0565,0.2675,0.1679,SAFE
NODE_01,2.9706,0.692,0.7928,WARNING
NODE_01,0.1949,0.021,0.1059,SAFE
NODE_01,3.3868,0.3658,0.4808,WARNING
NODE_01,0.2255,0.2646,0.0684,SAFE
NODE_01,2.7402,0.5899,1.1548,WARNING
NODE_01,0.1561,0.0389,0.118,SAFE
NODE_01,4.6583,4.9927,2.3955,DANGER
NODE_01,0.1468,0.0411,0.1038,SAFE
NODE_01,0.1662,0.2243,0.131,SAFE
NODE_01,0.091,0.1608,0.0436,SAFE
NODE_01,1.8638,0.5412,0.4922,WARNING
NODE_01,0.1637,0.1995,0.0835,SAFE
NODE_01,0.2269,0.081,0.0506,SAFE
NODE_01,0.1934,0.0966,0.1678,SAFE
NODE_01,1.7995,0.9422,0.7392,WARNING
NODE_01,0.1042,0.2329,0.0952,SAFE
NODE_01,14.2211,3.2077,5.5351,DANGER
NODE_01,0.2735,0.1354,0.0661,SAFE
NODE_01,0.1498,0.0269,0.0192,SAFE
NODE_01,0.2996,0.1803,0.0062,SAFE
NODE_01,0.2768,0.0864,0.1464,SAFE
NODE_01,0.0948,0.1927,0.1855,SAFE
NODE_01,0.0463,0.2216,0.1411,SAFE
NODE_01,0.2955,0.2999,0.0542,SAFE
NODE_01,3.0967,1.0834,1.1881,WARNING
NODE_01,0.2811,0.1947,0.0991,SAFE
NODE_01,0.1062,0.2953,0.0639,SAFE
NODE_01,1.4654,1.1146,0.6511,WARNING
NODE_01,0.2891,0.089,0.0984,SAFE
NODE_01,12.2339,4.6867,6.791,DANGER
NODE_01,0.0534,0.1849,0.157,SAFE
NODE_01,0.15,0.1445,0.0185,SAFE
NODE_01,0.1656,0.049,0.1404,SAFE
NODE_01,0.1559,0.2884,0.1868,SAFE
NODE_01,0.1112,0.2361,0.1343,SAFE
NODE_01,0.1058,0.22,0.0129,SAFE
NODE_01,0.2719,0.0193,0.0882,SAFE
NODE_01,4.2892,2.5317,2.4881,DANGER
NODE_01,1.5702,0.5175,0.6862,WARNING
NODE_01,1.4323,0.4049,0.8252,WARNING
NODE_01,2.8147,0.6458,1.7757,WARNING
NODE_01,9.4591,4.9334,4.8761,DANGER
NODE_01,0.2304,0.1075,0.0289,SAFE
NODE_01,0.1333,0.2407,0.1575,SAFE
NODE_01,0.1397,0.0126,0.1267,SAFE
NODE_01,13.8831,4.0821,2.8665,DANGER
NODE_01,1.4652,1.0533,1.1582,WARNING
NODE_01,2.9523,0.8937,1.1273,WARNING
NODE_01,0.7835,0.5086,0.7655,WARNING
NODE_01,0.011,0.2012,0.1853,SAFE
NODE_01,0.2575,0.0305,0.0252,SAFE
NODE_01,0.093,0.1311,0.0966,SAFE
NODE_01,1.308,0.7338,1.7392,WARNING
NODE_01,0.0265,0.0567,0.1994,SAFE
NODE_01,0.2938,0.2479,0.167,SAFE
NODE_01,0.0541,0.2597,0.118,SAFE
NODE_01,0.6349,0.8537,0.749,WARNING
NODE_01,12.4402,2.631,7.6714,DANGER
NODE_01,0.2256,0.2055,0.0013,SAFE
NODE_01,0.0254,0.0103,0.059,SAFE
NODE_01,0.2587,0.1996,0.1914,SAFE
NODE_01,0.047,0.1013,0.1436,SAFE
NODE_01,0.243,0.1999,0.1223,SAFE
NODE_01,1.2455,1.0268,1.3365,WARNING
NODE_01,0.0613,0.0584,0.1869,SAFE
NODE_01,3.4105,0.4704,0.5187,WARNING
NODE_01,0.1714,0.1912,0.0713,SAFE
NODE_01,0.2826,0.0269,0.0697,SAFE
NODE_01,0.2033,0.2744,0.1878,SAFE
NODE_01,2.5477,0.8945,1.3058,WARNING
NODE_01,0.0134,0.1353,0.1231,SAFE
NODE_01,2.3291,0.7539,0.6452,WARNING
NODE_01,0.2376,0.1559,0.0651,SAFE
NODE_01,0.0653,0.1777,0.1564,SAFE
NODE_01,0.2641,0.1071,0.0802,SAFE
NODE_01,0.1734,0.1526,0.1961,SAFE
NODE_01,0.0708,0.1056,0.0941,SAFE
NODE_01,10.1193,5.826,5.8593,DANGER
NODE_01,0.1265,0.1115,0.0022,SAFE
NODE_01,0.2856,0.1693,0.1042,SAFE
NODE_01,0.0197,0.2683,0.0348,SAFE
NODE_01,0.1844,0.2527,0.1869,SAFE
NODE_01,0.1514,0.13,0.1218,SAFE
NODE_01,1.9358,0.8936,1.24,WARNING
NODE_01,9.7296,2.0051,6.8894,DANGER
NODE_01,0.1573,0.2523,0.113,SAFE
NODE_01,0.0707,0.2564,0.0807,SAFE
NODE_01,0.2867,0.2167,0.1789,SAFE
NODE_01,2.6836,0.5325,1.3111,WARNING
NODE_01,0.1623,0.1759,0.0073,SAFE
NODE_01,0.8648,0.7151,1.0969,WARNING
NODE_01,0.2184,0.2791,0.1823,SAFE
NODE_01,0.2847,0.1802,0.0497,SAFE
NODE_01,2.6009,0.4563,0.8383,WARNING
NODE_01,0.2795,0.1256,0.1763,SAFE
NODE_01,0.0935,0.136,0.1082,SAFE
NODE_01,0.107,0.1402,0.029,SAFE
NODE_01,0.1119,0.0195,0.1133,SAFE
NODE_01,0.0126,0.0224,0.0735,SAFE
NODE_01,0.2887,0.2099,0.148,SAFE
NODE_01,0.2601,0.25,0.01,SAFE
NODE_01,0.2472,0.2131,0.1258,SAFE
NODE_01,1.0262,0.7236,1.2933,WARNING
NODE_01,0.0922,0.0446,0.1538,SAFE
NODE_01,0.0021,0.0456,0.0221,SAFE
NODE_01,0.2683,0.2187,0.1195,SAFE
NODE_01,0.052,0.0924,0.1631,SAFE
NODE_01,0.2874,0.1077,0.0414,SAFE
NODE_01,0.288,0.0229,0.1054,SAFE
NODE_01,0.0149,0.0541,0.0208,SAFE
NODE_01,0.0385,0.1859,0.198,SAFE
NODE_01,2.5744,0.9392,0.4669,WARNING
NODE_01,0.2633,0.1938,0.0047,SAFE
NODE_01,0.0783,0.1565,0.0415,SAFE
NODE_01,0.1237,0.0182,0.113,SAFE
NODE_01,5.288,4.8026,3.4954,DANGER
NODE_01,2.7808,0.4617,0.4495,WARNING
NODE_01,2.7337,0.6713,1.2789,WARNING
NODE_01,0.271,0.2791,0.1442,SAFE
NODE_01,0.1775,0.1013,0.0803,SAFE
NODE_01,10.7077,5.8767,2.4286,DANGER
NODE_01,3.0387,0.5344,1.1177,WARNING
NODE_01,0.1656,0.2111,0.1744,SAFE
NODE_01,0.1171,0.2143,0.1905,SAFE
NODE_01,0.2181,0.0218,0.0957,SAFE
NODE_01,0.2064,0.2629,0.1469,SAFE
NODE_01,0.8196,0.9275,0.6997,WARNING
NODE_01,0.1881,0.1207,0.1814,SAFE
NODE_01,0.1225,0.1703,0.1066,SAFE
NODE_01,2.0422,0.5967,0.8086,WARNING
NODE_01,0.0287,0.2919,0.1665,SAFE
NODE_01,0.0764,0.2193,0.1242,SAFE
NODE_01,0.1625,0.0471,0.1038,SAFE
NODE_01,0.1386,0.2515,0.1033,SAFE
NODE_01,2.6492,0.4237,0.7094,WARNING
NODE_01,0.0636,0.1741,0.0699,SAFE
NODE_01,1.1068,0.6224,1.101,WARNING
NODE_01,0.2942,0.2872,0.0599,SAFE
NODE_01,0.1241,0.1397,0.0622,SAFE
NODE_01,1.2047,1.0462,1.0081,WARNING
NODE_01,0.1523,0.1496,0.1988,SAFE
NODE_01,0.2822,0.0867,0.1289,SAFE
NODE_01,0.092,0.0589,0.1796,SAFE
NODE_01,3.1768,1.0696,0.9358,WARNING
NODE_01,0.1569,0.1189,0.1437,SAFE
NODE_01,0.2395,0.0632,0.1666,SAFE
NODE_01,0.1337,0.1705,0.1102,SAFE
NODE_01,0.1994,0.295,0.2,SAFE
NODE_01,0.0029,0.0687,0.1224,SAFE
NODE_01,0.1168,0.0949,0.1088,SAFE
NODE_01,3.0482,1.0792,1.5731,WARNING
NODE_01,0.0301,0.1389,0.0173,SAFE
NODE_01,0.0652,0.2381,0.1797,SAFE
NODE_01,11.7562,1.3514,3.1032,DANGER
NODE_01,0.085,0.2888,0.1672,SAFE
NODE_01,1.2295,0.7911,1.49,WARNING
NODE_01,0.2962,0.2382,0.1913,SAFE
NODE_01,1.8797,1.0048,1.6642,WARNING
NODE_01,0.0245,0.1627,0.0796,SAFE
NODE_01,0.1827,0.1059,0.1227,SAFE
NODE_01,0.5009,0.3888,0.5851,WARNING
NODE_01,2.4069,1.0452,1.6551,WARNING
NODE_01,14.1081,3.6568,5.0437,DANGER
NODE_01,0.2807,0.1299,0.1997,SAFE
NODE_01,1.7435,0.4991,1.4354,WARNING
NODE_01,0.0249,0.2004,0.0982,SAFE
NODE_01,0.2479,0.0827,0.0115,SAFE
NODE_01,2.6233,0.868,0.7045,WARNING
NODE_01,0.1638,0.0153,0.1095,SAFE
NODE_01,2.985,0.4179,1.1488,WARNING
NODE_01,0.2556,0.1044,0.1733,SAFE
NODE_01,0.6936,0.8697,1.0335,WARNING
NODE_01,0.0107,0.1814,0.0529,SAFE
NODE_01,5.5838,4.0644,4.1551,DANGER
NODE_01,0.1861,0.0472,0.1154,SAFE
NODE_01,2.7939,0.9327,0.4848,WARNING
NODE_01,2.7357,1.0018,1.6163,WARNING
NODE_01,0.2125,0.2733,0.0172,SAFE
NODE_01,0.1518,0.1765,0.0035,SAFE
NODE_01,0.0507,0.0536,0.1221,SAFE
NODE_01,0.0887,0.0984,0.1471,SAFE
NODE_01,0.1713,0.179,0.0754,SAFE
NODE_01,0.0278,0.2442,0.0472,SAFE
NODE_01,0.0223,0.2291,0.0444,SAFE
NODE_01,0.2218,0.2436,0.0363,SAFE
NODE_01,0.0679,0.2924,0.1808,SAFE
NODE_01,0.1484,0.1211,0.1094,SAFE
NODE_01,0.1946,0.0827,0.0408,SAFE
NODE_01,3.2204,0.697,1.4107,WARNING
NODE_01,1.442,0.4739,0.6067,WARNING
NODE_01,0.1239,0.2402,0.0495,SAFE
NODE_01,0.2591,0.1073,0.0382,SAFE
NODE_01,0.0336,0.2912,0.0814,SAFE
NODE_01,0.1482,0.2256,0.098,SAFE
NODE_01,0.2297,0.0935,0.038,SAFE
NODE_01,0.2171,0.2747,0.0572,SAFE
NODE_01,0.2123,0.2815,0.0714,SAFE
NODE_01,0.1009,0.0141,0.1938,SAFE
NODE_01,0.1137,0.1365,0.0893,SAFE
NODE_01,2.8861,0.9848,1.0923,WARNING
NODE_01,0.2285,0.2099,0.0846,SAFE
NODE_01,5.7613,5.1821,5.957,DANGER
NODE_01,0.1749,0.2824,0.1942,SAFE
NODE_01,0.0682,0.0749,0.1953,SAFE
NODE_01,3.1019,0.5998,1.2527,WARNING
NODE_01,0.1383,0.1569,0.0863,SAFE
NODE_01,14.6981,1.4053,5.7391,DANGER
NODE_01,0.2808,0.1779,0.1388,SAFE
NODE_01,0.0983,0.1682,0.157,SAFE
NODE_01,0.1338,0.2588,0.1111,SAFE
NODE_01,0.8293,0.468,1.4754,WARNING
NODE_01,7.2899,1.7521,5.8009,DANGER
NODE_01,0.0045,0.1608,0.0729,SAFE
NODE_01,0.1979,0.2771,0.1526,SAFE
NODE_01,0.2347,0.1105,0.1262,SAFE
NODE_01,3.1125,0.8857,1.7683,WARNING
NODE_01,0.2547,0.0795,0.0827,SAFE
NODE_01,0.016,0.2658,0.1947,SAFE
NODE_01,0.2344,0.2003,0.1598,SAFE
NODE_01,0.0217,0.0188,0.0103,SAFE
NODE_01,13.9534,4.7238,2.2373,DANGER
NODE_01,4.6822,1.7438,6.5879,DANGER
NODE_01,2.6014,0.886,1.7049,WARNING
NODE_01,0.0064,0.2209,0.0429,SAFE
NODE_01,0.2593,0.163,0.1064,SAFE
NODE_01,0.5472,0.7419,1.0485,WARNING
NODE_01,0.0321,0.2731,0.1324,SAFE
NODE_01,3.4913,1.1648,1.6987,WARNING
NODE_01,0.088,0.0214,0.0074,SAFE
NODE_01,1.6805,0.5385,0.7076,WARNING
NODE_01,0.2663,0.0999,0.005,SAFE
NODE_01,2.7435,0.9316,0.6391,WARNING
NODE_01,6.952,1.3677,4.0539,DANGER
NODE_01,8.4976,3.1033,3.9751,DANGER
NODE_01,0.0269,0.078,0.1488,SAFE
NODE_01,0.241,0.0176,0.0555,SAFE
NODE_01,0.2558,0.1417,0.0568,SAFE
NODE_01,0.2832,0.0479,0.1658,SAFE
NODE_01,0.2189,0.1637,0.1376,SAFE
NODE_01,0.244,0.204,0.0017,SAFE
NODE_01,2.2585,0.8827,0.4354,WARNING
NODE_01,3.1981,0.5513,1.5919,WARNING
NODE_01,0.108,0.1281,0.1397,SAFE
NODE_01,3.2512,0.9244,0.9294,WARNING
NODE_01,0.1009,0.1106,0.1127,SAFE
NODE_01,1.2118,0.3686,1.0186,WARNING
NODE_01,0.1123,0.0387,0.1568,SAFE
NODE_01,0.1814,0.0639,0.0786,SAFE
NODE_01,3.4132,0.768,0.6706,WARNING
NODE_01,1.9087,1.1161,0.6915,WARNING
NODE_01,0.176,0.1578,0.0642,SAFE
NODE_01,0.2372,0.1522,0.0671,SAFE
NODE_01,0.0211,0.0598,0.1411,SAFE
NODE_01,0.0694,0.2656,0.1636,SAFE
NODE_01,0.018,0.0724,0.1182,SAFE
NODE_01,1.6823,0.5462,1.3666,WARNING
NODE_01,0.2423,0.1526,0.1382,SAFE
NODE_01,0.2829,0.2602,0.046,SAFE
NODE_01,0.1921,0.1799,0.0683,SAFE
NODE_01,4.4687,1.8243,4.0954,DANGER
NODE_01,0.9775,0.7343,1.4628,WARNING
NODE_01,2.5488,1.1567,1.32,WARNING
NODE_01,0.0824,0.1292,0.0365,SAFE
NODE_01,0.1459,0.2103,0.1779,SAFE
NODE_01,0.1514,0.2369,0.1323,SAFE
NODE_01,0.154,0.0569,0.0151,SAFE
NODE_01,0.1761,0.2453,0.0099,SAFE
NODE_01,2.8996,0.8948,1.2815,WARNING
NODE_01,0.2387,0.2862,0.1619,SAFE
NODE_01,2.1336,0.4634,0.7045,WARNING
NODE_01,0.1499,0.2037,0.0114,SAFE
NODE_01,0.1239,0.092,0.0193,SAFE
NODE_01,1.7651,0.5351,0.9436,WARNING
NODE_01,0.0812,0.0861,0.0148,SAFE
NODE_01,0.06,0.1522,0.1934,SAFE
NODE_01,0.0823,0.2349,0.0995,SAFE
NODE_01,1.7893,0.6783,1.0966,WARNING
NODE_01,1.0871,0.7804,0.6465,WARNING
NODE_01,0.0174,0.2608,0.16,SAFE
NODE_01,0.0118,0.0671,0.0062,SAFE
NODE_01,0.1035,0.2324,0.069,SAFE
NODE_01,0.1989,0.0383,0.1408,SAFE
NODE_01,0.1966,0.1334,0.1753,SAFE
NODE_01,2.8575,1.1631,1.7597,WARNING
NODE_01,0.0945,0.054,0.1407,SAFE
NODE_01,0.226,0.2563,0.0046,SAFE
NODE_01,1.1342,0.4185,1.52,WARNING
NODE_01,0.2839,0.231,0.1769,SAFE
NODE_01,0.2227,0.1347,0.1032,SAFE
NODE_01,0.0784,0.2272,0.0417,SAFE
NODE_01,3.0475,0.8287,1.4756,WARNING
NODE_01,0.0212,0.0706,0.1725,SAFE
NODE_01,2.1314,1.1852,1.4632,WARNING
NODE_01,1.5496,0.4472,0.5668,WARNING
NODE_01,0.0212,0.2094,0.157,SAFE
NODE_01,0.2458,0.0742,0.1148,SAFE
NODE_01,1.0143,0.8909,1.3964,WARNING
NODE_01,0.1427,0.2285,0.1977,SAFE
NODE_01,0.048,0.0129,0.0969,SAFE
NODE_01,2.6227,0.6584,0.5744,WARNING
NODE_01,0.2429,0.1876,0.156,SAFE
NODE_01,0.2254,0.093,0.0738,SAFE
NODE_01,0.0135,0.1368,0.0323,SAFE
NODE_01,0.9678,0.3871,1.0524,WARNING
NODE_01,0.1023,0.2543,0.1989,SAFE
NODE_01,0.2633,0.2191,0.1505,SAFE
NODE_01,0.0479,0.1797,0.1906,SAFE
NODE_01,2.9789,0.5349,1.2193,WARNING
NODE_01,0.2638,0.2335,0.0113,SAFE
NODE_01,0.0077,0.0788,0.0334,SAFE
NODE_01,0.2864,0.0938,0.0192,SAFE
NODE_01,0.2249,0.2554,0.1804,SAFE
NODE_01,2.3912,0.6914,1.3149,WARNING
NODE_01,0.0157,0.0514,0.1074,SAFE
NODE_01,2.6689,0.4923,1.6523,WARNING
NODE_01,0.555,0.839,1.2444,WARNING
NODE_01,4.6633,1.9606,6.6993,DANGER
NODE_01,0.1151,0.2679,0.0124,SAFE
NODE_01,0.0788,0.1208,0.1016,SAFE
NODE_01,0.0315,0.2595,0.0678,SAFE
NODE_01,2.0605,0.7645,1.3761,WARNING
NODE_01,0.2422,0.1391,0.0342,SAFE
NODE_01,0.2867,0.1924,0.0081,SAFE
NODE_01,0.0699,0.1052,0.1906,SAFE
NODE_01,1.3729,0.9558,0.7548,WARNING
NODE_01,2.1959,1.1291,0.7694,WARNING
NODE_01,0.0838,0.2332,0.1403,SAFE
NODE_01,0.2618,0.0102,0.1676,SAFE
NODE_01,0.0296,0.0303,0.1155,SAFE
NODE_01,0.1689,0.2297,0.1743,SAFE
NODE_01,0.2944,0.0162,0.1198,SAFE
NODE_01,0.1472,0.2023,0.0499,SAFE
NODE_01,0.2129,0.2865,0.1557,SAFE
NODE_01,0.0384,0.1906,0.1518,SAFE
NODE_01,0.2713,0.1247,0.0425,SAFE
NODE_01,3.0388,0.9523,0.6062,WARNING
NODE_01,0.0365,0.2681,0.0864,SAFE
NODE_01,0.0518,0.1036,0.1656,SAFE
NODE_01,0.1938,0.2131,0.1419,SAFE
NODE_01,0.1225,0.0965,0.1769,SAFE
NODE_01,1.0254,0.7464,1.1568,WARNING
NODE_01,0.2952,0.124,0.1018,SAFE
NODE_01,0.1853,0.2511,0.1554,SAFE
NODE_01,0.075,0.088,0.1429,SAFE
NODE_01,0.1461,0.1163,0.0892,SAFE
NODE_01,0.0725,0.0593,0.0724,SAFE
NODE_01,0.2171,0.0187,0.1282,SAFE
NODE_01,0.1825,0.1099,0.1591,SAFE
NODE_01,0.0554,0.1562,0.0538,SAFE
NODE_01,0.0606,0.0564,0.15,SAFE
NODE_01,2.3802,1.0171,1.6422,WARNING
NODE_01,2.2632,0.7494,1.6847,WARNING
NODE_01,2.1748,0.5891,0.5035,WARNING
NODE_01,0.005,0.0662,0.0512,SAFE
NODE_01,0.2835,0.2081,0.0497,SAFE
NODE_01,0.2519,0.0411,0.0754,SAFE
NODE_01,2.1054,1.0738,1.702,WARNING
NODE_01,0.0216,0.0259,0.1083,SAFE
NODE_01,0.0357,0.1604,0.0489,SAFE
NODE_01,1.1397,0.9672,1.1365,WARNING
NODE_01,0.1331,0.2946,0.0647,SAFE
NODE_01,0.2835,0.2938,0.1833,SAFE
NODE_01,2.2533,0.5959,0.7072,WARNING
NODE_01,14.8679,3.5511,3.3723,DANGER
NODE_01,0.8244,0.5496,1.524,WARNING
NODE_01,0.156,0.0101,0.166,SAFE
NODE_01,0.2708,0.0617,0.0424,SAFE
NODE_01,1.2211,0.6911,0.5089,WARNING
NODE_01,2.5887,0.475,0.671,WARNING
NODE_01,0.1134,0.2559,0.0134,SAFE
NODE_01,0.1146,0.0593,0.0126,SAFE
NODE_01,0.2263,0.1862,0.0742,SAFE
NODE_01,3.3103,0.587,1.7086,WARNING
NODE_01,7.2458,3.0521,7.0998,DANGER
NODE_01,1.7975,0.9196,0.5656,WARNING
NODE_01,2.3103,0.8017,1.6762,WARNING
NODE_01,0.2098,0.1674,0.15,SAFE
NODE_01,12.7869,1.9222,4.98,DANGER
NODE_01,12.6178,2.5812,5.3661,DANGER
NODE_01,0.2021,0.121,0.1868,SAFE
NODE_01,0.0943,0.2741,0.0615,SAFE
NODE_01,0.2717,0.1779,0.1542,SAFE
NODE_01,0.2671,0.0584,0.0833,SAFE
NODE_01,2.8377,0.8901,0.9692,WARNING
NODE_01,0.0369,0.2794,0.1831,SAFE
NODE_01,0.2848,0.1271,0.0846,SAFE
NODE_01,0.1827,0.0986,0.0467,SAFE
NODE_01,0.2588,0.2496,0.0615,SAFE
NODE_01,0.0669,0.238,0.1742,SAFE
NODE_01,0.0601,0.0906,0.0306,SAFE
NODE_01,0.1405,0.1046,0.1195,SAFE
NODE_01,5.7928,2.3016,2.8057,DANGER
NODE_01,0.1513,0.2009,0.1368,SAFE
NODE_01,0.1578,0.1631,0.1586,SAFE
NODE_01,0.2467,0.0418,0.1694,SAFE
NODE_01,0.0766,0.192,0.0795,SAFE
NODE_01,0.056,0.014,0.06,SAFE
NODE_01,0.1574,0.2449,0.1357,SAFE
NODE_01,0.2919,0.1789,0.1447,SAFE
NODE_01,0.2713,0.248,0.1545,SAFE
NODE_01,14.0653,4.1757,6.0108,DANGER
NODE_01,0.2452,0.1854,0.1471,SAFE
NODE_01,1.2606,1.0965,0.6188,WARNING
NODE_01,0.2521,0.2339,0.1841,SAFE
NODE_01,0.1913,0.0684,0.1473,SAFE
NODE_01,0.0046,0.1967,0.0768,SAFE
NODE_01,2.282,0.7555,1.0616,WARNING
NODE_01,0.1916,0.2674,0.0371,SAFE
NODE_01,0.2316,0.1765,0.119,SAFE
NODE_01,0.0014,0.0659,0.1017,SAFE
NODE_01,0.6831,0.3588,0.4133,WARNING
NODE_01,0.0828,0.0986,0.0277,SAFE
NODE_01,1.6873,0.6075,0.5112,WARNING
NODE_01,3.1396,1.1052,1.5159,WARNING
NODE_01,1.6022,0.6537,0.7201,WARNING
NODE_01,2.2349,0.8039,0.4471,WARNING
NODE_01,0.0953,0.0466,0.1299,SAFE
NODE_01,0.2102,0.0483,0.0783,SAFE
NODE_01,0.1886,0.1539,0.083,SAFE
NODE_01,0.1998,0.2461,0.1295,SAFE
NODE_01,0.1909,0.1419,0.0309,SAFE
NODE_01,0.0889,0.2574,0.0256,SAFE
NODE_01,2.8382,0.9699,1.1046,WARNING
NODE_01,0.2637,0.1386,0.1231,SAFE
NODE_01,0.1353,0.128,0.1849,SAFE
NODE_01,0.2718,0.1521,0.0479,SAFE
NODE_01,2.1717,0.9709,0.8346,WARNING
NODE_01,0.2758,0.0792,0.1238,SAFE
NODE_01,0.0168,0.2887,0.1222,SAFE
NODE_01,0.0197,0.2238,0.1051,SAFE
NODE_01,0.18,0.2324,0.0979,SAFE
NODE_01,0.2889,0.1267,0.0862,SAFE
NODE_01,0.0511,0.2814,0.1659,SAFE
NODE_01,0.0119,0.1291,0.1013,SAFE
NODE_01,0.2485,0.1063,0.1801,SAFE
NODE_01,0.1463,0.0343,0.1064,SAFE
NODE_01,0.1859,0.1589,0.0934,SAFE
NODE_01,0.0101,0.2195,0.1538,SAFE
NODE_01,0.0075,0.0213,0.1987,SAFE
NODE_01,0.0568,0.2626,0.1301,SAFE
NODE_01,3.1967,0.7378,0.6666,WARNING
NODE_01,2.6024,1.1225,1.1687,WARNING
NODE_01,14.2663,4.138,7.0531,DANGER
NODE_01,0.1049,0.0742,0.0935,SAFE
NODE_01,0.1282,0.1159,0.1477,SAFE
NODE_01,0.7716,0.9712,0.4155,WARNING
NODE_01,0.0905,0.2823,0.1673,SAFE
NODE_01,0.0921,0.1055,0.1295,SAFE
NODE_01,0.1985,0.231,0.1257,SAFE
NODE_01,0.1122,0.279,0.0816,SAFE
NODE_01,0.1059,0.2787,0.0697,SAFE
NODE_01,1.1522,0.4745,1.2829,WARNING
NODE_01,2.8717,0.7033,1.6628,WARNING
NODE_01,0.2277,0.1535,0.0844,SAFE
NODE_01,0.2334,0.1656,0.1775,SAFE
NODE_01,0.1362,0.078,0.1671,SAFE
NODE_01,10.4355,4.2116,3.7429,DANGER
NODE_01,0.0976,0.2242,0.0625,SAFE
NODE_01,0.2686,0.1468,0.0879,SAFE
NODE_01,0.2247,0.2922,0.1552,SAFE
NODE_01,0.292,0.255,0.0732,SAFE
NODE_01,1.6442,0.8007,0.57,WARNING
NODE_01,2.6776,1.1345,1.6322,WARNING
NODE_01,0.1064,0.0694,0.1812,SAFE
NODE_01,0.1494,0.1676,0.1259,SAFE
NODE_01,0.0264,0.2295,0.1888,SAFE
NODE_01,0.1138,0.0137,0.1527,SAFE
NODE_01,0.208,0.2989,0.0663,SAFE
NODE_01,0.185,0.2783,0.1121,SAFE
NODE_01,0.0666,0.2901,0.0016,SAFE
NODE_01,0.2408,0.2705,0.1907,SAFE
NODE_01,0.299,0.0751,0.0129,SAFE
NODE_01,0.2391,0.1417,0.1781,SAFE
NODE_01,0.1982,0.278,0.1477,SAFE
NODE_01,0.0664,0.2183,0.1653,SAFE
NODE_01,0.2034,0.0563,0.0205,SAFE
NODE_01,3.2381,0.454,1.2833,WARNING
NODE_01,0.1074,0.0724,0.0285,SAFE
NODE_01,0.1908,0.2867,0.163,SAFE
NODE_01,0.0313,0.2696,0.1698,SAFE
NODE_01,1.0404,0.5396,0.8591,WARNING
NODE_01,0.0247,0.1109,0.1688,SAFE
NODE_01,5.4646,4.1849,3.6527,DANGER
NODE_01,0.1662,0.1868,0.0241,SAFE
NODE_01,7.303,3.5599,4.4612,DANGER
NODE_01,0.5195,0.7474,0.6845,WARNING
NODE_01,0.0425,0.0657,0.147,SAFE
NODE_01,0.2041,0.068,0.1234,SAFE
NODE_01,6.5148,3.119,7.1838,DANGER
NODE_01,2.1963,0.5349,0.7213,WARNING
NODE_01,0.2708,0.2125,0.1659,SAFE
NODE_01,14.6383,5.7386,5.1919,DANGER
NODE_01,0.2514,0.025,0.0439,SAFE
NODE_01,3.2674,0.6769,1.3264,WARNING
NODE_01,4.4884,5.7853,2.3572,DANGER
NODE_01,0.0325,0.051,0.0572,SAFE
NODE_01,0.7802,0.9458,1.4907,WARNING
NODE_01,3.2648,0.4686,1.0194,WARNING
NODE_01,0.0264,0.127,0.0429,SAFE
NODE_01,0.0225,0.0624,0.0334,SAFE
NODE_01,0.821,1.1817,0.6384,WARNING
NODE_01,0.0831,0.2435,0.0865,SAFE
NODE_01,0.1901,0.2972,0.0235,SAFE
NODE_01,3.0412,0.3945,0.567,WARNING
NODE_01,0.6264,0.6898,1.7357,WARNING
NODE_01,0.1519,0.1472,0.1456,SAFE
NODE_01,2.3349,0.993,1.4401,WARNING
NODE_01,3.4103,0.3749,0.4103,WARNING
NODE_01,0.2122,0.013,0.1404,SAFE
NODE_01,12.2835,4.2746,3.5291,DANGER
NODE_01,2.3105,1.0884,0.4046,WARNING
NODE_01,0.2901,0.1859,0.0407,SAFE
NODE_01,9.7075,4.1986,2.7896,DANGER
NODE_01,7.7395,3.2548,6.7222,DANGER
NODE_01,0.2613,0.2248,0.036,SAFE
NODE_01,0.2268,0.1691,0.035,SAFE
NODE_01,0.2129,0.0519,0.1877,SAFE
NODE_01,0.2486,0.1678,0.1776,SAFE
NODE_01,0.0862,0.2807,0.1028,SAFE
NODE_01,0.2248,0.0669,0.0391,SAFE
NODE_01,2.5942,0.6364,1.1318,WARNING
NODE_01,13.391,5.995,6.3603,DANGER
NODE_01,0.2484,0.0987,0.1494,SAFE
NODE_01,3.3172,0.6759,0.4505,WARNING
NODE_01,1.2819,0.8488,0.6537,WARNING
NODE_01,4.8201,1.7776,6.2027,DANGER
NODE_01,5.7679,1.4769,4.501,DANGER
NODE_01,0.1217,0.241,0.0882,SAFE
NODE_01,11.8436,2.1268,6.9119,DANGER
NODE_01,0.2823,0.2537,0.084,SAFE
NODE_01,0.0026,0.0748,0.1221,SAFE
NODE_01,1.2824,0.5205,1.4639,WARNING
NODE_01,0.0285,0.0209,0.1351,SAFE
NODE_01,0.2622,0.102,0.1533,SAFE
NODE_01,0.1656,0.2246,0.1646,SAFE
NODE_01,0.0553,0.2949,0.0012,SAFE
NODE_01,0.1164,0.2037,0.1604,SAFE
NODE_01,0.142,0.1835,0.0929,SAFE
NODE_01,0.0926,0.0611,0.1521,SAFE
NODE_01,0.0338,0.0709,0.0243,SAFE
NODE_01,0.0275,0.1403,0.1244,SAFE
NODE_01,0.2697,0.2186,0.0136,SAFE
NODE_01,5.8211,2.6323,3.9605,DANGER
NODE_01,0.1674,0.2959,0.1793,SAFE
NODE_01,14.3552,2.6912,6.836,DANGER
NODE_01,0.1462,0.2924,0.196,SAFE
NODE_01,0.113,0.0213,0.0156,SAFE
NODE_01,0.2954,0.0137,0.1132,SAFE
NODE_01,0.2018,0.2969,0.0577,SAFE
NODE_01,0.1881,0.2828,0.0734,SAFE
NODE_01,0.0701,0.2773,0.1571,SAFE
NODE_01,11.651,2.1488,5.9896,DANGER
NODE_01,0.1083,0.2048,0.1095,SAFE
NODE_01,0.0546,0.0569,0.0935,SAFE
NODE_01,0.1411,0.1274,0.0238,SAFE
NODE_01,0.1004,0.0124,0.0053,SAFE
NODE_01,1.6182,0.4447,0.8102,WARNING
NODE_01,8.8958,2.588,6.5228,DANGER
NODE_01,1.9053,1.0237,1.7684,WARNING
NODE_01,0.0523,0.1283,0.0068,SAFE
NODE_01,0.2216,0.1313,0.0825,SAFE
NODE_01,0.0674,0.1437,0.0836,SAFE
NODE_01,0.2842,0.0379,0.0841,SAFE
NODE_01,0.2565,0.1251,0.1362,SAFE
NODE_01,0.2113,0.0114,0.0129,SAFE
NODE_01,0.0447,0.1643,0.033,SAFE
NODE_01,0.0777,0.21,0.1935,SAFE
NODE_01,0.1882,0.0845,0.1998,SAFE
NODE_01,0.0181,0.1411,0.0622,SAFE
NODE_01,0.0279,0.1358,0.1044,SAFE
NODE_01,0.0391,0.2285,0.1674,SAFE
NODE_01,1.0187,0.8539,1.2395,WARNING
NODE_01,0.0783,0.2221,0.0558,SAFE
NODE_01,0.0554,0.2202,0.164,SAFE
NODE_01,1.0881,0.8868,1.0234,WARNING
NODE_01,0.1382,0.2184,0.1603,SAFE
NODE_01,0.1046,0.0103,0.1829,SAFE
NODE_01,0.191,0.0925,0.1058,SAFE
NODE_01,0.2051,0.1457,0.1004,SAFE
NODE_01,0.1963,0.2136,0.029,SAFE
NODE_01,0.2467,0.1292,0.0217,SAFE
NODE_01,2.7598,0.7854,0.9612,WARNING
NODE_01,0.1309,0.0746,0.1509,SAFE
NODE_01,5.4739,2.8524,7.742,DANGER
NODE_01,8.8867,2.5886,7.6955,DANGER
NODE_01,0.2042,0.0623,0.1133,SAFE
NODE_01,0.1428,0.0313,0.1984,SAFE
NODE_01,0.1302,0.1311,0.1943,SAFE
NODE_01,0.1586,0.0831,0.1846,SAFE
NODE_01,0.2225,0.033,0.0427,SAFE
NODE_01,0.1225,0.1474,0.0261,SAFE
NODE_01,2.9396,0.8539,1.1541,WARNING
NODE_01,0.0489,0.0675,0.0938,SAFE
NODE_01,0.0942,0.0354,0.177,SAFE
NODE_01,1.4065,0.7088,1.724,WARNING
NODE_01,3.1355,0.6918,1.3812,WARNING
NODE_01,0.0627,0.1554,0.1939,SAFE
NODE_01,0.1156,0.2592,0.0775,SAFE
NODE_01,0.2293,0.23,0.0724,SAFE
NODE_01,0.1233,0.0214,0.0262,SAFE
NODE_01,0.9836,0.7774,1.6421,WARNING
NODE_01,0.245,0.1464,0.1328,SAFE
NODE_01,0.1393,0.2708,0.0771,SAFE
NODE_01,14.8911,1.9088,5.793,DANGER
NODE_01,11.675,2.1297,4.8261,DANGER
NODE_01,0.0663,0.1172,0.0163,SAFE
NODE_01,3.4631,0.8523,0.9094,WARNING
NODE_01,2.4869,0.7837,1.7149,WARNING
NODE_01,0.0708,0.1303,0.0459,SAFE
NODE_01,0.1531,0.1879,0.0614,SAFE
NODE_01,0.2957,0.0609,0.1942,SAFE
NODE_01,0.1362,0.2306,0.0971,SAFE
NODE_01,0.1197,0.0552,0.0497,SAFE
NODE_01,0.1386,0.0946,0.1429,SAFE
NODE_01,0.2603,0.0832,0.0236,SAFE
NODE_01,2.6091,1.0139,1.1482,WARNING
NODE_01,0.1875,0.14,0.0317,SAFE
NODE_01,0.0509,0.2216,0.0279,SAFE
NODE_01,0.1379,0.0112,0.1055,SAFE
NODE_01,1.713,0.5847,1.754,WARNING
NODE_01,1.6836,0.594,1.705,WARNING
NODE_01,1.1816,0.7886,1.6333,WARNING
NODE_01,0.0738,0.0759,0.0178,SAFE
NODE_01,1.5775,0.4781,1.3128,WARNING
NODE_01,3.4484,0.4847,1.4907,WARNING
NODE_01,0.1202,0.0865,0.1066,SAFE
NODE_01,0.1297,0.1403,0.1005,SAFE
NODE_01,0.1676,0.2929,0.0957,SAFE
NODE_01,0.1467,0.2685,0.0166,SAFE
NODE_01,0.2469,0.1858,0.1522,SAFE
NODE_01,0.1807,0.08,0.1006,SAFE
NODE_01,0.1481,0.0664,0.1494,SAFE
NODE_01,0.2538,0.1454,0.0632,SAFE
NODE_01,0.2702,0.1939,0.1221,SAFE
NODE_01,0.9121,0.501,1.759,WARNING
NODE_01,0.2279,0.197,0.1718,SAFE
NODE_01,0.1318,0.026,0.178,SAFE
NODE_01,11.3148,5.073,7.4062,DANGER
NODE_01,0.0897,0.2977,0.0909,SAFE
NODE_01,0.8286,1.1088,1.4201,WARNING
NODE_01,0.0028,0.0289,0.0719,SAFE
NODE_01,0.2684,0.2001,0.0411,SAFE
NODE_01,3.1577,0.5985,0.9261,WARNING
NODE_01,10.146,4.0572,5.2678,DANGER
NODE_01,0.0674,0.0675,0.025,SAFE
NODE_01,0.2576,0.0496,0.0804,SAFE
NODE_01,0.1325,0.0189,0.1022,SAFE
NODE_01,1.2644,0.571,1.3234,WARNING
NODE_01,0.2261,0.0626,0.1364,SAFE
NODE_01,0.1513,0.1704,0.0078,SAFE
NODE_01,6.8346,5.25,3.9753,DANGER
NODE_01,0.7866,1.0509,1.5672,WARNING
NODE_01,2.7529,0.8185,1.2042,WARNING
NODE_01,0.0524,0.2515,0.1562,SAFE
NODE_01,6.3087,3.2194,7.0813,DANGER
NODE_01,0.1872,0.1888,0.1717,SAFE
NODE_01,0.1916,0.2317,0.053,SAFE
NODE_01,0.0211,0.2633,0.1959,SAFE
NODE_01,1.9891,1.0769,1.7614,WARNING
NODE_01,1.8694,1.0354,0.4382,WARNING
NODE_01,0.0258,0.2649,0.1011,SAFE
NODE_01,2.5465,0.9695,0.7546,WARNING
NODE_01,0.0921,0.0868,0.0585,SAFE
NODE_01,1.096,0.848,1.7414,WARNING
NODE_01,1.1573,1.1901,1.1012,WARNING
NODE_01,0.2978,0.2681,0.0911,SAFE
NODE_01,0.0911,0.182,0.1892,SAFE
NODE_01,1.3782,0.4732,1.2547,WARNING
NODE_01,12.1501,3.4914,3.8327,DANGER
NODE_01,2.9372,0.8674,0.8017,WARNING
NODE_01,0.1093,0.2799,0.0971,SAFE
NODE_01,0.0288,0.2164,0.1833,SAFE
NODE_01,0.278,0.2172,0.1048,SAFE
NODE_01,13.9749,3.6656,4.3895,DANGER
NODE_01,0.1649,0.2323,0.0284,SAFE
NODE_01,3.0418,0.9958,1.7158,WARNING
NODE_01,0.001,0.1868,0.1795,SAFE
NODE_01,0.2417,0.2981,0.1543,SAFE
NODE_01,0.0955,0.2057,0.0619,SAFE
NODE_01,13.1006,1.6672,4.3187,DANGER
NODE_01,0.6979,0.8932,1.1357,WARNING
NODE_01,0.2247,0.1583,0.0264,SAFE
NODE_01,13.721,1.4298,5.1342,DANGER
NODE_01,0.0177,0.0261,0.0932,SAFE
NODE_01,0.1001,0.2479,0.1249,SAFE
NODE_01,0.1671,0.2259,0.0125,SAFE
NODE_01,0.0831,0.1083,0.179,SAFE
NODE_01,0.2788,0.1422,0.0322,SAFE
NODE_01,1.9475,0.4028,0.9902,WARNING
NODE_01,0.1847,0.1933,0.1819,SAFE
NODE_01,0.0735,0.1908,0.0824,SAFE
NODE_01,0.1565,0.0159,0.0391,SAFE
NODE_01,0.2248,0.0596,0.1371,SAFE
NODE_01,0.1767,0.2018,0.0729,SAFE
NODE_01,0.2032,0.0886,0.0885,SAFE
NODE_01,0.1563,0.0564,0.0642,SAFE
NODE_01,0.2672,0.0583,0.0409,SAFE
NODE_01,0.2353,0.0855,0.1471,SAFE
NODE_01,3.3374,0.9569,0.8812,WARNING
NODE_01,14.4492,5.2557,2.7805,DANGER
NODE_01,0.2738,0.2457,0.1775,SAFE
NODE_01,0.2893,0.2055,0.1726,SAFE
NODE_01,13.9859,3.36,2.3906,DANGER
NODE_01,0.0355,0.0833,0.1193,SAFE
NODE_01,0.2351,0.1599,0.1689,SAFE
NODE_01,0.273,0.1937,0.0829,SAFE
NODE_01,0.0395,0.0682,0.0054,SAFE
NODE_01,0.1625,0.0936,0.1431,SAFE
NODE_01,1.3552,1.0842,0.6315,WARNING
NODE_01,0.2377,0.1348,0.0451,SAFE
NODE_01,0.2206,0.0275,0.1875,SAFE
NODE_01,0.2478,0.1565,0.0765,SAFE
NODE_01,0.0937,0.2599,0.1286,SAFE
NODE_01,0.1073,0.019,0.1554,SAFE
NODE_01,1.3365,0.876,1.7737,WARNING
NODE_01,0.2245,0.2234,0.1614,SAFE
NODE_01,2.3011,0.4972,0.6817,WARNING
NODE_01,0.0661,0.2157,0.1024,SAFE
NODE_01,0.0278,0.2106,0.0236,SAFE
NODE_01,10.1628,1.4004,4.0078,DANGER
NODE_01,0.2179,0.0776,0.0916,SAFE
NODE_01,2.4994,0.6372,1.4644,WARNING
NODE_01,0.2045,0.1009,0.0204,SAFE
NODE_01,0.0241,0.2095,0.0713,SAFE
NODE_01,0.1347,0.0891,0.1396,SAFE
NODE_01,0.0956,0.295,0.1149,SAFE
NODE_01,0.2369,0.1382,0.1166,SAFE
NODE_01,0.6643,0.6768,0.6988,WARNING
NODE_01,2.3188,1.171,1.0605,WARNING
NODE_01,0.21,0.2353,0.0492,SAFE
NODE_01,2.9435,0.5877,1.0452,WARNING
NODE_01,11.6423,3.3717,2.4333,DANGER
NODE_01,0.1797,0.1408,0.0724,SAFE
NODE_01,13.0247,5.1785,6.4964,DANGER
NODE_01,0.0816,0.0205,0.0859,SAFE
NODE_01,1.171,1.0638,1.6757,WARNING
NODE_01,0.0688,0.0505,0.0527,SAFE
NODE_01,0.1946,0.2872,0.0123,SAFE
NODE_01,0.1271,0.2254,0.0225,SAFE
NODE_01,0.526,1.1831,1.5381,WARNING
NODE_01,6.6483,4.9908,3.6913,DANGER
NODE_01,2.9075,0.8757,0.5268,WARNING
NODE_01,0.1297,0.0783,0.1238,SAFE
NODE_01,0.0237,0.1311,0.1965,SAFE
NODE_01,0.064,0.2147,0.0962,SAFE
NODE_01,1.1564,0.8498,1.6355,WARNING
NODE_01,2.4017,0.3825,1.2724,WARNING
NODE_01,0.0211,0.0979,0.1673,SAFE
NODE_01,0.0132,0.0779,0.1924,SAFE
NODE_01,0.1922,0.2018,0.0277,SAFE
NODE_01,0.6812,1.0612,1.2282,WARNING
NODE_01,3.3557,0.7163,0.9998,WARNING
NODE_01,0.0855,0.2741,0.0435,SAFE
NODE_01,0.0598,0.1063,0.1401,SAFE
NODE_01,0.2413,0.1363,0.0829,SAFE
NODE_01,0.1432,0.2619,0.1933,SAFE
NODE_01,3.296,0.7427,0.7674,WARNING
NODE_01,0.053,0.2806,0.094,SAFE
NODE_01,0.1105,0.2399,0.0441,SAFE
NODE_01,0.1716,0.138,0.1007,SAFE
NODE_01,0.0406,0.1077,0.1525,SAFE
NODE_01,0.1527,0.0868,0.1261,SAFE
NODE_01,10.0253,2.3634,3.1882,DANGER
NODE_01,10.1459,5.6021,3.713,DANGER
NODE_01,0.2093,0.0607,0.1176,SAFE
NODE_01,0.022,0.0107,0.1087,SAFE
NODE_01,0.0788,0.1511,0.1198,SAFE
NODE_01,13.8815,4.5663,7.1226,DANGER
NODE_01,0.1678,0.0143,0.2,SAFE
NODE_01,0.2842,0.1786,0.1853,SAFE
NODE_01,0.0143,0.2771,0.0661,SAFE
NODE_01,1.3478,0.7843,1.7387,WARNING
NODE_01,0.1457,0.063,0.1157,SAFE
NODE_01,0.261,0.1851,0.1794,SAFE
NODE_01,5.4548,4.0653,5.3878,DANGER
NODE_01,0.1881,0.2111,0.1172,SAFE
NODE_01,0.0469,0.1009,0.1512,SAFE
NODE_01,0.2915,0.1872,0.1986,SAFE
NODE_01,8.2399,1.8714,2.7398,DANGER
NODE_01,2.2192,0.8968,1.2437,WARNING
NODE_01,0.2797,0.2988,0.1033,SAFE
NODE_01,0.0525,0.015,0.0377,SAFE
NODE_01,0.0119,0.0892,0.0083,SAFE
NODE_01,0.0067,0.1461,0.0967,SAFE
NODE_01,0.2097,0.1176,0.1529,SAFE
NODE_01,0.1736,0.2542,0.1374,SAFE
NODE_01,0.1034,0.2753,0.1352,SAFE
NODE_01,2.256,1.0678,1.0031,WARNING
NODE_01,0.1888,0.1176,0.0718,SAFE
NODE_01,2.8231,0.8018,1.1433,WARNING
NODE_01,3.2289,0.4129,0.635,WARNING
NODE_01,0.281,0.1911,0.1251,SAFE
NODE_01,0.2889,0.012,0.0244,SAFE
NODE_01,3.1515,0.5884,1.6191,WARNING
NODE_01,2.4072,1.1675,1.5985,WARNING
NODE_01,0.0037,0.1157,0.1049,SAFE
NODE_01,9.1825,2.94,5.7763,DANGER
NODE_01,3.4907,0.989,0.7166,WARNING
NODE_01,0.281,0.0762,0.1661,SAFE
NODE_01,0.2779,0.1945,0.0421,SAFE
NODE_01,3.1003,0.5524,1.3563,WARNING
NODE_01,0.2324,0.1416,0.0884,SAFE
NODE_01,0.0726,0.2101,0.1472,SAFE
NODE_01,0.2561,0.2614,0.0646,SAFE
NODE_01,0.0763,0.265,0.176,SAFE
NODE_01,0.2953,0.183,0.1127,SAFE
NODE_01,0.2761,0.1711,0.098,SAFE
NODE_01,0.1462,0.2286,0.1419,SAFE
NODE_01,0.2736,0.1544,0.0634,SAFE
NODE_01,8.4493,3.1666,2.1927,DANGER
NODE_01,0.0484,0.2165,0.0502,SAFE
NODE_01,2.0666,0.8193,0.7928,WARNING
NODE_01,0.0274,0.2492,0.1545,SAFE
NODE_01,0.2474,0.2583,0.0177,SAFE
NODE_01,0.1398,0.0997,0.0572,SAFE
NODE_01,3.3855,0.8836,1.1919,WARNING
NODE_01,0.0942,0.1037,0.0824,SAFE
NODE_01,0.2288,0.1111,0.0796,SAFE
NODE_01,0.222,0.1917,0.1474,SAFE
NODE_01,1.3928,0.74,1.4105,WARNING
NODE_01,0.1402,0.168,0.0149,SAFE
NODE_01,0.0709,0.1957,0.1365,SAFE
NODE_01,0.0424,0.0449,0.1372,SAFE
NODE_01,2.5425,0.5641,1.455,WARNING
NODE_01,2.7633,1.1396,0.6606,WARNING
NODE_01,0.2011,0.0821,0.0203,SAFE
NODE_01,1.5832,0.947,0.6938,WARNING
NODE_01,1.8979,0.3842,1.5576,WARNING
NODE_01,0.121,0.2512,0.1006,SAFE
NODE_01,0.1512,0.1778,0.1798,SAFE
NODE_01,0.0166,0.1999,0.1395,SAFE
NODE_01,0.0053,0.219,0.1657,SAFE
NODE_01,0.0122,0.0326,0.0035,SAFE
NODE_01,0.1792,0.032,0.1076,SAFE
NODE_01,1.8966,0.4229,0.9844,WARNING
NODE_01,0.2132,0.1555,0.1065,SAFE
NODE_01,0.1777,0.0801,0.0711,SAFE
NODE_01,0.211,0.122,0.0131,SAFE
NODE_01,0.2258,0.1497,0.1656,SAFE
NODE_01,2.4649,0.854,0.9154,WARNING
NODE_01,0.024,0.031,0.0792,SAFE
NODE_01,1.7253,0.6624,0.6512,WARNING
NODE_01,0.2091,0.2969,0.1441,SAFE
NODE_01,0.2885,0.0646,0.197,SAFE
NODE_01,13.0141,4.7827,4.512,DANGER
NODE_01,0.2938,0.1071,0.1338,SAFE
NODE_01,0.2786,0.0236,0.0204,SAFE
NODE_01,0.2555,0.0869,0.0965,SAFE
NODE_01,0.0681,0.0985,0.1491,SAFE
NODE_01,0.0221,0.1155,0.1663,SAFE
NODE_01,0.1385,0.1337,0.1711,SAFE
NODE_01,0.2909,0.2647,0.131,SAFE
NODE_01,0.1973,0.0221,0.1135,SAFE
NODE_01,0.7181,0.8658,0.9412,WARNING
NODE_01,0.0786,0.26,0.1007,SAFE
NODE_01,0.0153,0.0453,0.0455,SAFE
NODE_01,0.2627,0.286,0.0435,SAFE
NODE_01,0.1936,0.2827,0.0775,SAFE
NODE_01,0.206,0.1297,0.1286,SAFE
NODE_01,2.5605,0.5176,0.7289,WARNING
NODE_01,0.288,0.1291,0.049,SAFE
NODE_01,0.1698,0.2288,0.068,SAFE
NODE_01,2.6655,0.8666,0.896,WARNING
NODE_01,0.2396,0.2816,0.0949,SAFE
NODE_01,0.1036,0.2044,0.1967,SAFE
NODE_01,0.2891,0.0572,0.0856,SAFE
NODE_01,0.0977,0.1134,0.0101,SAFE
NODE_01,0.0102,0.2377,0.0162,SAFE
NODE_01,2.5555,0.7186,1.1399,WARNING
NODE_01,0.0431,0.2836,0.0802,SAFE
NODE_01,0.1361,0.0896,0.0912,SAFE
NODE_01,0.1533,0.1271,0.0964,SAFE
NODE_01,1.1394,0.9908,0.6878,WARNING
NODE_01,0.2438,0.0537,0.1633,SAFE
NODE_01,0.2528,0.0836,0.1211,SAFE
NODE_01,0.0488,0.2781,0.1343,SAFE
NODE_01,0.2117,0.1896,0.1151,SAFE
NODE_01,0.1481,0.1999,0.0777,SAFE
NODE_01,0.2546,0.2948,0.1551,SAFE
NODE_01,1.055,0.9514,1.5117,WARNING
NODE_01,0.0956,0.2958,0.172,SAFE
NODE_01,7.2326,5.9711,7.699,DANGER
NODE_01,0.2263,0.0842,0.0998,SAFE
NODE_01,2.4808,0.528,0.4189,WARNING
NODE_01,1.389,1.1654,1.2427,WARNING
NODE_01,2.7472,0.996,0.8248,WARNING
NODE_01,0.1134,0.1256,0.1106,SAFE
NODE_01,0.1008,0.0946,0.0961,SAFE
NODE_01,0.1251,0.053,0.01,SAFE
NODE_01,0.022,0.1169,0.0818,SAFE
NODE_01,0.2812,0.1402,0.0511,SAFE
NODE_01,0.1068,0.2637,0.1984,SAFE
NODE_01,0.2009,0.1499,0.0229,SAFE
NODE_01,0.0539,0.2546,0.139,SAFE
NODE_01,0.108,0.2206,0.0531,SAFE
NODE_01,0.1951,0.1165,0.1549,SAFE
NODE_01,0.2625,0.2309,0.066,SAFE
NODE_01,1.0956,1.1382,0.6894,WARNING
NODE_01,0.0872,0.2061,0.1469,SAFE
NODE_01,4.3341,4.8521,2.8818,DANGER
NODE_01,0.0478,0.1384,0.1757,SAFE
NODE_01,0.2637,0.0164,0.1999,SAFE
NODE_01,0.0145,0.1888,0.1158,SAFE
NODE_01,0.1564,0.2175,0.1619,SAFE
NODE_01,0.1627,0.1846,0.139,SAFE
NODE_01,0.1443,0.0997,0.138,SAFE
NODE_01,0.1541,0.0634,0.1416,SAFE
NODE_01,0.2536,0.1629,0.1689,SAFE
NODE_01,0.0965,0.133,0.1114,SAFE
NODE_01,0.1806,0.1358,0.0609,SAFE
NODE_01,0.0753,0.0797,0.0917,SAFE
NODE_01,0.2873,0.256,0.1465,SAFE
NODE_01,0.1383,0.2682,0.1201,SAFE
NODE_01,3.3234,0.7453,1.4543,WARNING
NODE_01,0.0822,0.2119,0.0978,SAFE
NODE_01,0.1436,0.1565,0.0633,SAFE
NODE_01,3.4822,0.655,1.6037,WARNING
NODE_01,1.385,0.825,1.4895,WARNING
NODE_01,2.7226,0.9759,1.008,WARNING
NODE_01,6.3435,1.6594,3.9822,DANGER
NODE_01,7.6539,3.7408,6.0546,DANGER
NODE_01,0.2605,0.1543,0.0404,SAFE
NODE_01,0.1607,0.2578,0.0705,SAFE
NODE_01,3.3967,0.4195,1.7988,WARNING
NODE_01,0.1539,0.1348,0.0394,SAFE
NODE_01,0.2169,0.07,0.0762,SAFE
NODE_01,0.2746,0.2399,0.0487,SAFE
NODE_01,0.1216,0.042,0.1571,SAFE
NODE_01,0.2719,0.2453,0.1599,SAFE
NODE_01,1.438,1.0163,1.3105,WARNING
NODE_01,0.1238,0.1306,0.1734,SAFE
NODE_01,2.4212,1.0089,1.3994,WARNING
NODE_01,3.4529,0.8463,1.7843,WARNING
NODE_01,1.0284,0.8988,1.5917,WARNING
NODE_01,0.0127,0.0867,0.1227,SAFE
NODE_01,1.7012,0.3561,1.3345,WARNING
NODE_01,0.2678,0.0155,0.0227,SAFE
NODE_01,0.1307,0.1125,0.1539,SAFE
NODE_01,13.8884,4.5671,3.8163,DANGER
NODE_01,12.9605,2.4032,3.564,DANGER
NODE_01,6.0155,3.9373,2.3028,DANGER
NODE_01,3.3957,0.9362,1.0635,WARNING
NODE_01,0.0782,0.2572,0.1688,SAFE
NODE_01,0.2248,0.1891,0.1701,SAFE
NODE_01,0.1207,0.1825,0.1883,SAFE
NODE_01,0.0058,0.062,0.1051,SAFE
NODE_01,0.107,0.0758,0.0306,SAFE
NODE_01,0.1009,0.1231,0.0555,SAFE
NODE_01,0.6409,0.8178,0.6266,WARNING
NODE_01,0.045,0.0294,0.1294,SAFE
NODE_01,0.1671,0.2173,0.0208,SAFE
NODE_01,0.1862,0.2983,0.0821,SAFE
NODE_01,0.127,0.2569,0.0974,SAFE
NODE_01,9.5318,1.9692,4.786,DANGER
NODE_01,6.28,1.7089,7.4035,DANGER
NODE_01,1.198,0.979,0.7122,WARNING
NODE_01,2.494,1.1214,1.0385,WARNING
NODE_01,0.122,0.0796,0.0196,SAFE
NODE_01,0.2041,0.2979,0.063,SAFE
NODE_01,0.26,0.0427,0.047,SAFE
NODE_01,0.0929,0.1356,0.1683,SAFE
NODE_01,0.1128,0.0541,0.0641,SAFE
NODE_01,0.0399,0.0291,0.109,SAFE
NODE_01,0.2181,0.1399,0.0268,SAFE
NODE_01,10.6051,3.0575,2.3097,DANGER
NODE_01,0.1467,0.2165,0.1816,SAFE
NODE_01,0.0515,0.2463,0.1386,SAFE
NODE_01,0.027,0.2659,0.1186,SAFE
NODE_01,0.1159,0.1868,0.0096,SAFE
NODE_01,0.2645,0.23,0.128,SAFE
NODE_01,10.2985,5.2196,2.0176,DANGER
NODE_01,0.2635,0.0494,0.1373,SAFE
NODE_01,0.1588,0.1255,0.0787,SAFE
NODE_01,7.0529,4.9689,4.828,DANGER
NODE_01,0.795,1.1088,1.4931,WARNING
NODE_01,0.1319,0.0719,0.1301,SAFE
NODE_01,0.0259,0.2209,0.1083,SAFE
NODE_01,0.0383,0.0912,0.0855,SAFE
NODE_01,0.0831,0.0489,0.0636,SAFE
NODE_01,0.2898,0.2591,0.0222,SAFE
NODE_01,0.057,0.1496,0.189,SAFE
NODE_01,0.2115,0.0972,0.1134,SAFE
NODE_01,0.0722,0.2713,0.1471,SAFE
NODE_01,2.8892,1.0525,1.584,WARNING
NODE_01,0.248,0.1505,0.1915,SAFE
NODE_01,0.1783,0.2561,0.061,SAFE
NODE_01,0.0426,0.0843,0.1977,SAFE
NODE_01,0.1866,0.2458,0.0457,SAFE
NODE_01,0.7289,0.9175,0.5091,WARNING
NODE_01,0.072,0.0428,0.0809,SAFE
NODE_01,0.1635,0.0944,0.1662,SAFE
NODE_01,0.9011,0.9431,1.5704,WARNING
NODE_01,6.3542,1.4348,4.1316,DANGER
NODE_01,0.0026,0.2746,0.0473,SAFE
NODE_01,0.0405,0.1254,0.07,SAFE
NODE_01,0.1263,0.2583,0.1651,SAFE
NODE_01,2.4643,0.6409,0.8144,WARNING
NODE_01,0.2044,0.2178,0.1624,SAFE
NODE_01,0.2343,0.1837,0.1047,SAFE
NODE_01,0.1106,0.2029,0.0884,SAFE
NODE_01,0.2271,0.2951,0.0507,SAFE
NODE_01,0.1569,0.2753,0.0886,SAFE
NODE_01,0.2204,0.1314,0.1428,SAFE
NODE_01,0.2095,0.1544,0.0552,SAFE
NODE_01,0.297,0.019,0.1017,SAFE
NODE_01,0.1195,0.0223,0.1671,SAFE
NODE_01,0.1954,0.0201,0.1129,SAFE
NODE_01,1.872,0.8799,1.4203,WARNING
NODE_01,0.6425,1.0785,0.6689,WARNING
NODE_01,0.0786,0.1245,0.0075,SAFE
NODE_01,0.2789,0.1808,0.055,SAFE
NODE_01,0.0327,0.1382,0.0754,SAFE
NODE_01,9.8048,3.6869,2.2647,DANGER
NODE_01,0.2691,0.0441,0.0975,SAFE
NODE_01,0.1304,0.274,0.1474,SAFE
NODE_01,0.0264,0.1954,0.0652,SAFE
NODE_01,1.969,1.1599,1.6887,WARNING
NODE_01,0.1441,0.0216,0.0264,SAFE
NODE_01,0.0064,0.1996,0.0136,SAFE
NODE_01,0.0072,0.0826,0.1664,SAFE
NODE_01,0.2465,0.0973,0.167,SAFE
NODE_01,1.2274,1.1591,0.5413,WARNING
NODE_01,0.0852,0.202,0.1761,SAFE
NODE_01,0.1205,0.2881,0.0165,SAFE
NODE_01,0.1688,0.0469,0.1938,SAFE
NODE_01,6.7014,3.0307,3.1826,DANGER
NODE_01,0.0709,0.2999,0.0535,SAFE
NODE_01,0.273,0.2417,0.1161,SAFE
NODE_01,0.1153,0.2962,0.0056,SAFE
NODE_01,0.2729,0.1183,0.086,SAFE
NODE_01,0.0454,0.016,0.1588,SAFE
NODE_01,0.247,0.0408,0.0442,SAFE
NODE_01,3.0892,0.86,0.5744,WARNING
NODE_01,3.4179,0.5462,0.9029,WARNING
NODE_01,0.1439,0.0191,0.0952,SAFE
NODE_01,0.1526,0.2685,0.1946,SAFE
NODE_01,0.2721,0.132,0.1254,SAFE
NODE_01,0.2539,0.1109,0.152,SAFE
NODE_01,0.0981,0.2432,0.037,SAFE
NODE_01,0.0181,0.2695,0.1055,SAFE
NODE_01,0.153,0.1066,0.0029,SAFE
NODE_01,0.241,0.1981,0.1742,SAFE
NODE_01,7.8872,4.8576,5.299,DANGER
NODE_01,7.0402,3.9972,5.8517,DANGER
NODE_01,0.0068,0.1407,0.0495,SAFE
NODE_01,2.4974,0.8233,1.5967,WARNING
NODE_01,0.2094,0.0159,0.0139,SAFE
NODE_01,0.1559,0.0452,0.1927,SAFE
NODE_01,0.2086,0.1733,0.1132,SAFE
NODE_01,0.1266,0.0605,0.0323,SAFE
NODE_01,0.2503,0.1858,0.11,SAFE
NODE_01,2.2131,0.4112,0.938,WARNING
NODE_01,2.7753,0.7869,1.3392,WARNING
NODE_01,0.0077,0.2578,0.0692,SAFE
NODE_01,0.1436,0.2189,0.185,SAFE
NODE_01,0.1138,0.1807,0.009,SAFE
NODE_01,0.2823,0.2053,0.086,SAFE
NODE_01,2.6352,0.6324,0.8608,WARNING
NODE_01,0.1654,0.0871,0.1235,SAFE
NODE_01,0.0272,0.2154,0.1465,SAFE
NODE_01,0.0157,0.2265,0.0462,SAFE
NODE_01,13.5108,2.856,4.1755,DANGER
NODE_01,0.1722,0.2115,0.1786,SAFE
NODE_01,0.296,0.1325,0.1305,SAFE
NODE_01,0.2687,0.2373,0.1469,SAFE
NODE_01,0.9837,0.7154,0.8772,WARNING
NODE_01,0.2515,0.0695,0.1052,SAFE
NODE_01,4.6548,4.3093,4.7925,DANGER
NODE_01,0.0596,0.257,0.1582,SAFE
NODE_01,0.0976,0.2469,0.0339,SAFE
NODE_01,0.1697,0.1221,0.0286,SAFE
NODE_01,0.1069,0.1049,0.0941,SAFE
NODE_01,0.0317,0.0835,0.0249,SAFE
NODE_01,0.0803,0.0949,0.024,SAFE
NODE_01,0.1407,0.2642,0.1445,SAFE
NODE_01,0.0813,0.2679,0.0055,SAFE
NODE_01,0.1602,0.299,0.1989,SAFE
NODE_01,0.267,0.2727,0.0924,SAFE
NODE_01,3.0825,0.524,1.4572,WARNING
NODE_01,0.278,0.0648,0.1098,SAFE
NODE_01,0.2021,0.1184,0.1628,SAFE
NODE_01,0.253,0.0526,0.1002,SAFE
NODE_01,2.8064,0.4007,0.6181,WARNING
NODE_01,0.2035,0.1374,0.1186,SAFE
NODE_01,0.2597,0.2587,0.0641,SAFE
NODE_01,0.1025,0.2701,0.1346,SAFE
NODE_01,0.0399,0.2377,0.0705,SAFE
NODE_01,1.2173,0.7192,0.9826,WARNING
NODE_01,0.2428,0.1587,0.1668,SAFE
NODE_01,2.6333,0.5858,0.4549,WARNING
NODE_01,0.1611,0.2669,0.0762,SAFE
NODE_01,0.645,1.0644,1.6532,WARNING
NODE_01,0.1732,0.2211,0.089,SAFE
NODE_01,0.2553,0.1278,0.0071,SAFE
NODE_01,0.2733,0.0453,0.0959,SAFE
NODE_01,0.0254,0.2588,0.1517,SAFE
NODE_01,8.7828,2.6126,4.2443,DANGER
NODE_01,11.3868,2.4106,3.2501,DANGER
NODE_01,0.9232,0.7792,1.2409,WARNING
NODE_01,0.0572,0.1778,0.1783,SAFE
NODE_01,3.2371,0.4055,1.5727,WARNING
NODE_01,0.0275,0.2722,0.0551,SAFE
NODE_01,0.2365,0.2559,0.1615,SAFE
NODE_01,1.3358,0.8263,1.5512,WARNING
NODE_01,0.2331,0.1656,0.1265,SAFE
NODE_01,0.1056,0.1538,0.0746,SAFE
NODE_01,7.2528,5.6311,7.6308,DANGER
NODE_01,2.6762,1.0333,1.7211,WARNING
NODE_01,0.1189,0.1653,0.0707,SAFE
NODE_01,0.1486,0.1818,0.1441,SAFE
NODE_01,0.2759,0.0203,0.0985,SAFE
NODE_01,2.116,0.5658,1.4672,WARNING
NODE_01,0.1682,0.1879,0.0488,SAFE
NODE_01,0.1172,0.0772,0.0693,SAFE
NODE_01,2.6668,0.8993,1.224,WARNING
NODE_01,0.0804,0.1408,0.1947,SAFE
NODE_01,0.1739,0.1674,0.0589,SAFE
NODE_01,8.4651,3.713,6.0451,DANGER
NODE_01,0.2369,0.1287,0.0969,SAFE
NODE_01,0.1731,0.1844,0.1942,SAFE
NODE_01,0.1467,0.1871,0.0465,SAFE
NODE_01,1.3297,0.7481,1.2541,WARNING
NODE_01,0.0497,0.0745,0.0862,SAFE
NODE_01,0.0676,0.2348,0.0268,SAFE
NODE_01,0.2352,0.1483,0.1781,SAFE
NODE_01,0.0163,0.2415,0.1276,SAFE
NODE_01,12.8364,2.5606,3.359,DANGER
NODE_01,3.2672,0.6991,0.4533,WARNING
NODE_01,0.1784,0.148,0.0649,SAFE
NODE_01,0.2146,0.2018,0.0964,SAFE
NODE_01,0.0612,0.2868,0.0146,SAFE
NODE_01,0.7711,0.6836,0.7773,WARNING
NODE_01,0.1517,0.203,0.1611,SAFE
NODE_01,0.2324,0.1643,0.1337,SAFE
NODE_01,0.0592,0.2177,0.1716,SAFE
NODE_01,0.0881,0.2268,0.0307,SAFE
NODE_01,0.2435,0.0205,0.1591,SAFE
NODE_01,0.2603,0.0768,0.075,SAFE
NODE_01,3.0448,0.9864,1.3728,WARNING
NODE_01,0.0258,0.0997,0.1131,SAFE
NODE_01,0.2463,0.1188,0.1934,SAFE
NODE_01,8.5571,3.4849,7.0314,DANGER
NODE_01,0.0349,0.0161,0.1942,SAFE
NODE_01,1.2701,0.4175,1.6033,WARNING
NODE_01,0.196,0.1205,0.1262,SAFE
NODE_01,0.1073,0.2501,0.0853,SAFE
NODE_01,0.1705,0.0738,0.0119,SAFE
NODE_01,2.801,0.3834,1.4187,WARNING
NODE_01,2.6998,1.0277,1.6811,WARNING
NODE_01,0.11,0.0774,0.0485,SAFE
NODE_01,0.2037,0.197,0.1426,SAFE
NODE_01,0.0787,0.0401,0.0131,SAFE
NODE_01,0.2722,0.1052,0.1111,SAFE
NODE_01,0.1346,0.2596,0.1764,SAFE
NODE_01,2.0112,0.4295,1.1856,WARNING
NODE_01,2.826,0.4597,0.8514,WARNING
NODE_01,0.0874,0.2987,0.1679,SAFE
NODE_01,0.2471,0.0774,0.0454,SAFE
NODE_01,0.025,0.1483,0.1987,SAFE
NODE_01,0.679,0.5668,1.3409,WARNING
NODE_01,0.1295,0.265,0.1687,SAFE
NODE_01,0.2512,0.1052,0.1158,SAFE
NODE_01,0.0562,0.2597,0.178,SAFE
NODE_01,0.2928,0.0724,0.0121,SAFE
NODE_01,0.1147,0.1755,0.1532,SAFE
NODE_01,0.0738,0.2988,0.1072,SAFE
NODE_01,0.9518,0.9117,1.5355,WARNING
NODE_01,0.0707,0.2152,0.0295,SAFE
NODE_01,0.0811,0.0967,0.1526,SAFE
NODE_01,6.9883,2.7431,2.4969,DANGER
NODE_01,13.4898,2.8847,2.8473,DANGER
NODE_01,0.1513,0.0974,0.0861,SAFE
NODE_01,0.029,0.0482,0.0889,SAFE
NODE_01,0.1368,0.1235,0.0303,SAFE
NODE_01,0.1113,0.1987,0.1037,SAFE
NODE_01,6.5532,1.8975,6.2338,DANGER
NODE_01,2.3224,1.1717,0.7962,WARNING
NODE_01,0.2348,0.2694,0.0236,SAFE
NODE_01,0.2905,0.0586,0.0252,SAFE
NODE_01,0.1404,0.0416,0.0655,SAFE
NODE_01,0.5527,0.4244,1.6638,WARNING
NODE_01,8.2608,5.2486,2.3553,DANGER
NODE_01,0.0941,0.2738,0.0184,SAFE
NODE_01,4.4769,2.0252,2.462,DANGER
NODE_01,0.0497,0.1679,0.071,SAFE
NODE_01,0.1605,0.2763,0.1633,SAFE
NODE_01,0.6125,0.8448,1.1765,WARNING
NODE_01,0.2775,0.0178,0.1615,SAFE
NODE_01,0.166,0.0646,0.1845,SAFE
NODE_01,0.054,0.1359,0.0359,SAFE
NODE_01,0.2893,0.1058,0.1152,SAFE
NODE_01,4.6225,3.9198,5.7236,DANGER
NODE_01,2.668,0.8694,1.5294,WARNING
NODE_01,1.3538,0.8131,1.7507,WARNING
NODE_01,0.0936,0.2845,0.1326,SAFE
NODE_01,0.0814,0.1197,0.0391,SAFE
NODE_01,0.264,0.2622,0.0242,SAFE
NODE_01,2.0151,0.8938,0.5104,WARNING
NODE_01,0.1312,0.2873,0.0374,SAFE
NODE_01,0.2747,0.1423,0.0394,SAFE
NODE_01,0.0574,0.2501,0.1724,SAFE
NODE_01,0.0358,0.0424,0.1825,SAFE
NODE_01,0.1642,0.2907,0.1277,SAFE
NODE_01,3.1093,0.379,0.5073,WARNING
NODE_01,0.2784,0.0238,0.1125,SAFE
NODE_01,0.2897,0.0592,0.1019,SAFE
NODE_01,14.4937,3.8495,4.8009,DANGER
NODE_01,0.1003,0.182,0.1428,SAFE
NODE_01,0.2021,0.2726,0.0224,SAFE
NODE_01,0.0485,0.209,0.0226,SAFE
NODE_01,0.0611,0.0903,0.1221,SAFE
NODE_01,0.1319,0.2382,0.0816,SAFE
NODE_01,0.0526,0.2315,0.0644,SAFE
NODE_01,0.087,0.1289,0.0072,SAFE
NODE_01,0.2279,0.0673,0.0601,SAFE
NODE_01,0.1472,0.0286,0.1195,SAFE
NODE_01,2.3115,0.9068,1.7495,WARNING
NODE_01,7.6989,2.5389,2.527,DANGER
NODE_01,14.6192,4.0264,4.0016,DANGER
NODE_01,0.1293,0.1284,0.1219,SAFE
NODE_01,0.2242,0.2173,0.0321,SAFE
NODE_01,0.1876,0.1579,0.0511,SAFE
NODE_01,1.9689,0.8373,0.7442,WARNING
NODE_01,3.3189,1.0341,0.759,WARNING
NODE_01,0.024,0.2404,0.1222,SAFE
NODE_01,0.2202,0.0687,0.0378,SAFE
NODE_01,0.1989,0.104,0.0827,SAFE
NODE_01,0.1158,0.0713,0.1941,SAFE
NODE_01,0.1238,0.087,0.0146,SAFE
NODE_01,0.1638,0.2791,0.1232,SAFE
NODE_01,0.2454,0.0478,0.0911,SAFE
NODE_01,0.2131,0.2115,0.1011,SAFE
NODE_01,0.1619,0.1637,0.0524,SAFE
NODE_01,0.1744,0.0954,0.1395,SAFE
NODE_01,0.0238,0.2321,0.1713,SAFE
NODE_01,0.2326,0.254,0.0233,SAFE
NODE_01,2.1685,0.4818,0.4779,WARNING
NODE_01,0.1966,0.1045,0.1653,SAFE
NODE_01,0.167,0.124,0.1428,SAFE
NODE_01,0.2487,0.2807,0.1266,SAFE
NODE_01,0.7189,0.9307,1.2186,WARNING
NODE_01,0.0067,0.1759,0.1559,SAFE
NODE_01,0.012,0.1792,0.1691,SAFE
NODE_01,0.0638,0.2392,0.1501,SAFE
NODE_01,0.0616,0.2002,0.0215,SAFE
NODE_01,1.3886,0.6951,0.6195,WARNING
NODE_01,2.3523,0.9177,1.1035,WARNING
NODE_01,0.0885,0.0648,0.1108,SAFE
NODE_01,2.7276,0.485,0.9506,WARNING
NODE_01,0.2885,0.0325,0.1004,SAFE
NODE_01,0.0685,0.0547,0.0474,SAFE
NODE_01,5.5266,1.8735,7.1957,DANGER
NODE_01,0.2914,0.1804,0.0948,SAFE
NODE_01,0.004,0.0372,0.0973,SAFE
NODE_01,0.1635,0.2251,0.1106,SAFE
NODE_01,0.0841,0.2012,0.0972,SAFE
NODE_01,0.0145,0.1465,0.0853,SAFE
NODE_01,0.128,0.2099,0.1444,SAFE
NODE_01,0.1315,0.211,0.0764,SAFE
NODE_01,0.0388,0.0599,0.1976,SAFE
NODE_01,0.246,0.2893,0.1045,SAFE
NODE_01,0.0163,0.258,0.0392,SAFE
NODE_01,0.0506,0.2986,0.1817,SAFE
NODE_01,0.0291,0.07,0.0324,SAFE
NODE_01,0.2577,0.0123,0.1727,SAFE
NODE_01,6.1446,5.1817,6.5182,DANGER
NODE_01,0.1929,0.2689,0.1607,SAFE
NODE_01,0.2967,0.1673,0.093,SAFE
NODE_01,0.0455,0.2433,0.0869,SAFE
NODE_01,0.0629,0.116,0.149,SAFE
NODE_01,0.2993,0.0821,0.0246,SAFE
NODE_01,0.2234,0.2169,0.0816,SAFE
NODE_01,0.1453,0.0123,0.0185,SAFE
NODE_01,0.2982,0.2879,0.1097,SAFE
NODE_01,0.1303,0.0383,0.1986,SAFE
NODE_01,3.0497,0.7275,0.9865,WARNING
NODE_01,0.2125,0.2948,0.1726,SAFE
NODE_01,0.0081,0.2065,0.0932,SAFE
NODE_01,13.6005,1.3219,3.8615,DANGER
NODE_01,0.0032,0.2713,0.0573,SAFE
NODE_01,0.0042,0.2759,0.0864,SAFE
NODE_01,0.154,0.2761,0.0422,SAFE
NODE_01,0.0771,0.1658,0.0545,SAFE
NODE_01,0.218,0.2798,0.1265,SAFE
NODE_01,0.2764,0.0582,0.1957,SAFE
NODE_01,0.6172,1.1967,1.2918,WARNING
NODE_01,0.1388,0.1239,0.1107,SAFE
NODE_01,0.7044,0.4456,0.7803,WARNING
NODE_01,1.6394,0.8859,0.7771,WARNING
NODE_01,2.7289,1.0306,0.9618,WARNING
NODE_01,3.0204,1.1946,1.5053,WARNING
NODE_01,0.2032,0.0201,0.1182,SAFE
NODE_01,0.027,0.1583,0.0745,SAFE
NODE_01,0.2511,0.2856,0.168,SAFE
NODE_01,0.1314,0.0666,0.0749,SAFE
NODE_01,0.2355,0.1239,0.0543,SAFE
NODE_01,0.1791,0.1164,0.0115,SAFE
NODE_01,0.1589,0.1344,0.0409,SAFE
NODE_01,11.2764,3.6968,2.5114,DANGER
NODE_01,2.4736,0.7515,1.2874,WARNING
NODE_01,9.5352,5.0109,4.1137,DANGER
NODE_01,0.142,0.0788,0.1105,SAFE
NODE_01,14.9488,4.5011,3.154,DANGER
NODE_01,0.1882,0.2041,0.0387,SAFE
NODE_01,12.0477,2.3517,3.9273,DANGER
NODE_01,0.1801,0.164,0.107,SAFE
NODE_01,0.0058,0.0429,0.1256,SAFE
NODE_01,0.2789,0.2867,0.0277,SAFE
NODE_01,0.1802,0.2743,0.0144,SAFE
NODE_01,0.2838,0.2385,0.0238,SAFE
NODE_01,0.0423,0.0391,0.1308,SAFE
NODE_01,2.5556,1.193,1.0001,WARNING
NODE_01,3.2138,1.175,1.3822,WARNING
NODE_01,3.4463,0.6059,0.4607,WARNING
NODE_01,0.1959,0.0875,0.0562,SAFE
NODE_01,7.5323,2.8634,6.2619,DANGER
NODE_01,0.0487,0.1444,0.1523,SAFE
NODE_01,0.0671,0.2534,0.0144,SAFE
NODE_01,0.0847,0.2138,0.1169,SAFE
NODE_01,0.0286,0.184,0.1574,SAFE
NODE_01,0.005,0.2735,0.1153,SAFE
NODE_01,0.0487,0.1588,0.0018,SAFE
NODE_01,0.0148,0.1122,0.062,SAFE
NODE_01,1.5414,0.5325,0.4495,WARNING
NODE_01,0.2264,0.2736,0.1936,SAFE
NODE_01,0.2864,0.0361,0.0835,SAFE
NODE_01,0.0522,0.089,0.1736,SAFE
NODE_01,0.1483,0.1677,0.179,SAFE
NODE_01,0.0448,0.1389,0.1049,SAFE
NODE_01,0.0806,0.1807,0.1387,SAFE
NODE_01,2.9191,0.3678,1.6734,WARNING
NODE_01,0.1785,0.1988,0.1129,SAFE
NODE_01,0.0351,0.0412,0.077,SAFE
NODE_01,3.1839,0.5935,0.6996,WARNING
NODE_01,0.156,0.2944,0.1923,SAFE
NODE_01,0.266,0.2069,0.0986,SAFE
NODE_01,1.0956,0.7559,0.5405,WARNING
NODE_01,0.0655,0.2875,0.1362,SAFE
NODE_01,0.2706,0.1895,0.144,SAFE
NODE_01,0.1949,0.053,0.1627,SAFE
NODE_01,13.3138,1.7854,5.9277,DANGER
NODE_01,0.2394,0.1069,0.1673,SAFE
NODE_01,0.1539,0.2094,0.1981,SAFE
NODE_01,0.082,0.0193,0.0837,SAFE
NODE_01,1.4873,1.1693,0.529,WARNING
NODE_01,0.1371,0.0164,0.0937,SAFE
NODE_01,0.0476,0.2767,0.1761,SAFE
NODE_01,0.2197,0.1875,0.0305,SAFE
NODE_01,0.1085,0.1397,0.1798,SAFE
NODE_01,9.1062,1.8582,7.3451,DANGER
NODE_01,3.3314,0.9035,1.5354,WARNING
NODE_01,0.2853,0.2627,0.1733,SAFE
NODE_01,0.2081,0.1739,0.0941,SAFE
NODE_01,0.155,0.1956,0.0452,SAFE
NODE_01,0.2717,0.061,0.1614,SAFE
NODE_01,0.1768,0.1153,0.1015,SAFE
NODE_01,0.1304,0.0183,0.0602,SAFE
NODE_01,0.0888,0.1565,0.0686,SAFE
NODE_01,0.2786,0.1048,0.1647,SAFE
NODE_01,2.1795,0.4091,1.7097,WARNING
NODE_01,0.2384,0.1479,0.0708,SAFE
NODE_01,0.1086,0.2151,0.1942,SAFE
NODE_01,0.2951,0.218,0.0325,SAFE
NODE_01,0.2986,0.2579,0.0192,SAFE
NODE_01,14.2086,4.3235,5.4991,DANGER
NODE_01,2.4685,0.7242,0.6914,WARNING
NODE_01,0.2398,0.2864,0.011,SAFE
NODE_01,0.207,0.1797,0.0076,SAFE
NODE_01,0.1031,0.0999,0.1078,SAFE
NODE_01,0.0592,0.0332,0.1505,SAFE
NODE_01,3.008,0.9619,1.3274,WARNING
NODE_01,0.0985,0.2976,0.1289,SAFE
NODE_01,0.1323,0.0183,0.1484,SAFE
NODE_01,1.4163,1.1567,1.3901,WARNING
NODE_01,0.201,0.2857,0.1526,SAFE
NODE_01,0.1823,0.0747,0.0472,SAFE
NODE_01,0.0708,0.2066,0.1646,SAFE
NODE_01,2.0203,1.087,1.5261,WARNING
NODE_01,2.5464,0.6397,1.4772,WARNING
NODE_01,0.123,0.0717,0.0947,SAFE
NODE_01,2.7357,0.3856,0.9208,WARNING
NODE_01,3.3627,0.8811,1.1803,WARNING
NODE_01,0.2841,0.0325,0.1399,SAFE
NODE_01,2.4524,1.1896,0.7807,WARNING
NODE_01,0.5327,0.9999,0.8477,WARNING
NODE_01,0.2665,0.1975,0.1758,SAFE
NODE_01,0.0588,0.0247,0.0579,SAFE
NODE_01,0.2904,0.2687,0.1769,SAFE
NODE_01,0.2256,0.1195,0.0657,SAFE
NODE_01,1.1683,0.5381,1.0209,WARNING
NODE_01,0.1533,0.1083,0.1007,SAFE
NODE_01,0.27,0.1838,0.0873,SAFE
NODE_01,0.2283,0.0197,0.0823,SAFE
NODE_01,0.0853,0.0359,0.0081,SAFE
NODE_01,1.2946,0.9159,1.4066,WARNING
NODE_01,0.087,0.2214,0.1596,SAFE
NODE_01,0.9378,0.7643,0.8568,WARNING
NODE_01,2.5589,0.8022,1.5817,WARNING
NODE_01,0.615,0.653,1.4962,WARNING
NODE_01,0.2659,0.1811,0.1213,SAFE
NODE_01,0.1216,0.0332,0.154,SAFE
NODE_01,0.0638,0.058,0.1079,SAFE
NODE_01,0.1182,0.206,0.1982,SAFE
NODE_01,0.0947,0.0652,0.1901,SAFE
NODE_01,0.1043,0.0576,0.0165,SAFE
NODE_01,0.2538,0.2268,0.1989,SAFE
NODE_01,0.2007,0.1146,0.0048,SAFE
NODE_01,0.2454,0.1855,0.0035,SAFE
NODE_01,3.4276,0.7355,0.5468,WARNING
NODE_01,0.0997,0.0482,0.0136,SAFE
NODE_01,0.2118,0.1005,0.1909,SAFE
NODE_01,0.1557,0.2564,0.018,SAFE
NODE_01,9.0912,2.8036,4.1456,DANGER
NODE_01,0.1558,0.2557,0.1487,SAFE
NODE_01,0.8797,0.8063,1.3256,WARNING
NODE_01,1.4203,0.5312,1.0813,WARNING
NODE_01,0.013,0.1975,0.1248,SAFE
NODE_01,0.0021,0.0814,0.1057,SAFE
NODE_01,5.4076,3.1437,3.188,DANGER
NODE_01,0.0085,0.2143,0.1034,SAFE
NODE_01,0.1627,0.1809,0.0726,SAFE
NODE_01,0.2664,0.0998,0.009,SAFE
NODE_01,0.2239,0.2456,0.1398,SAFE
NODE_01,10.8564,5.2874,5.48,DANGER
NODE_01,0.0398,0.1341,0.1792,SAFE
NODE_01,1.4942,1.1607,1.3131,WARNING
NODE_01,0.0523,0.2904,0.1216,SAFE
NODE_01,0.2159,0.1035,0.1012,SAFE
NODE_01,11.9534,4.068,5.3752,DANGER
NODE_01,0.0093,0.2969,0.0042,SAFE
NODE_01,0.1898,0.089,0.0162,SAFE
NODE_01,0.2868,0.1117,0.0674,SAFE
NODE_01,0.24,0.0619,0.1684,SAFE
NODE_01,0.1043,0.1377,0.1659,SAFE
NODE_01,1.2064,0.4065,0.4436,WARNING
NODE_01,5.5849,4.7258,7.0332,DANGER
NODE_01,0.0777,0.2012,0.1491,SAFE
NODE_01,5.6365,3.6917,6.7925,DANGER
NODE_01,0.2816,0.2401,0.0932,SAFE
NODE_01,0.2631,0.1929,0.0521,SAFE
NODE_01,0.1751,0.1901,0.1523,SAFE
NODE_01,0.1261,0.2987,0.1517,SAFE
NODE_01,0.2578,0.2387,0.1034,SAFE
NODE_01,1.2311,1.1825,1.4115,WARNING
NODE_01,0.0898,0.0195,0.0671,SAFE
NODE_01,0.0491,0.2535,0.0586,SAFE
NODE_01,0.0804,0.2858,0.0508,SAFE
NODE_01,0.0869,0.2819,0.1986,SAFE
NODE_01,0.0209,0.2937,0.1222,SAFE
NODE_01,2.6457,1.1994,0.5772,WARNING
NODE_01,0.1765,0.2529,0.0565,SAFE
NODE_01,1.8068,0.9572,0.9455,WARNING
NODE_01,0.2862,0.2807,0.1892,SAFE
NODE_01,0.2468,0.0755,0.1295,SAFE
NODE_01,1.476,0.9386,1.7184,WARNING
NODE_01,0.0754,0.1676,0.1353,SAFE
NODE_01,0.0489,0.293,0.1504,SAFE
NODE_01,8.4772,3.1318,6.1013,DANGER
NODE_01,0.0359,0.0529,0.1406,SAFE
NODE_01,0.047,0.2334,0.0303,SAFE
NODE_01,0.0509,0.1752,0.1538,SAFE
NODE_01,1.2377,1.1825,0.7876,WARNING
NODE_01,0.0205,0.1105,0.1739,SAFE
NODE_01,0.0147,0.1196,0.0505,SAFE
NODE_01,0.2011,0.2139,0.1812,SAFE
NODE_01,13.4805,4.6953,5.327,DANGER
NODE_01,0.2902,0.2007,0.048,SAFE
NODE_01,0.1993,0.1643,0.0255,SAFE
NODE_01,2.2902,0.4047,1.3797,WARNING
NODE_01,0.0892,0.1516,0.1373,SAFE
NODE_01,0.0523,0.0861,0.0153,SAFE
NODE_01,0.2171,0.0974,0.0116,SAFE
NODE_01,0.2928,0.1995,0.072,SAFE
NODE_01,0.1029,0.0907,0.1013,SAFE
NODE_01,0.1185,0.1445,0.0226,SAFE
NODE_01,1.9985,0.9724,1.1587,WARNING
NODE_01,14.7842,1.9948,4.2017,DANGER
NODE_01,0.1939,0.0633,0.1781,SAFE
NODE_01,11.7616,4.6347,7.0838,DANGER
NODE_01,0.2723,0.0145,0.0101,SAFE
NODE_01,0.0323,0.1969,0.0445,SAFE
NODE_01,0.1874,0.2207,0.1015,SAFE
NODE_01,0.1012,0.132,0.0904,SAFE
NODE_01,0.0494,0.1053,0.1664,SAFE
NODE_01,0.2807,0.0151,0.1582,SAFE
NODE_01,0.0929,0.2366,0.1423,SAFE
NODE_01,0.2463,0.1211,0.1622,SAFE
NODE_01,0.0602,0.111,0.0925,SAFE
NODE_01,0.0899,0.0849,0.0456,SAFE
NODE_01,0.0145,0.2709,0.0818,SAFE
NODE_01,0.1821,0.1281,0.1793,SAFE
NODE_01,0.2333,0.1343,0.1455,SAFE
NODE_01,0.2173,0.0461,0.1231,SAFE
NODE_01,2.4173,0.8091,1.7801,WARNING
NODE_01,0.2206,0.2662,0.1101,SAFE
NODE_01,0.1187,0.1942,0.102,SAFE
NODE_01,0.0312,0.0839,0.0224,SAFE
NODE_01,0.0125,0.0515,0.0207,SAFE
NODE_01,0.1865,0.2995,0.1048,SAFE
NODE_01,0.254,0.1119,0.167,SAFE
NODE_01,0.0883,0.1473,0.0998,SAFE
NODE_01,0.0345,0.2273,0.0379,SAFE
NODE_01,0.1091,0.147,0.022,SAFE
NODE_01,0.052,0.1751,0.1672,SAFE
NODE_01,0.9529,0.973,0.9882,WARNING
NODE_01,14.1948,1.7827,3.0146,DANGER
NODE_01,0.0183,0.1462,0.0518,SAFE
NODE_01,0.2717,0.1779,0.187,SAFE
NODE_01,0.2753,0.0743,0.1367,SAFE
NODE_01,0.1113,0.293,0.0706,SAFE
NODE_01,0.1404,0.2841,0.0219,SAFE
NODE_01,2.4727,1.0262,0.6105,WARNING
NODE_01,0.2426,0.1457,0.1692,SAFE
NODE_01,0.2395,0.0196,0.1717,SAFE
NODE_01,0.0474,0.0662,0.1355,SAFE
NODE_01,0.2399,0.1302,0.089,SAFE
NODE_01,0.2225,0.1304,0.0897,SAFE
NODE_01,0.1412,0.0728,0.0823,SAFE
NODE_01,8.1542,3.629,6.7607,DANGER
NODE_01,0.0759,0.0611,0.1779,SAFE
NODE_01,0.1412,0.2789,0.1891,SAFE
NODE_01,6.043,4.1342,5.3924,DANGER
NODE_01,0.2077,0.1085,0.1414,SAFE
NODE_01,1.082,0.9954,1.1648,WARNING
NODE_01,7.5668,2.0793,6.313,DANGER
NODE_01,0.1561,0.2439,0.0339,SAFE
NODE_01,8.9187,2.5518,4.539,DANGER
NODE_01,2.5332,0.7793,1.095,WARNING
NODE_01,0.0706,0.0642,0.1267,SAFE
NODE_01,0.1284,0.0605,0.1817,SAFE
NODE_01,9.5793,4.3703,4.004,DANGER
NODE_01,0.1451,0.1272,0.0081,SAFE
NODE_01,0.0919,0.2061,0.0568,SAFE
NODE_01,0.2852,0.2807,0.0544,SAFE
NODE_01,0.2728,0.0962,0.0899,SAFE
NODE_01,0.0892,0.1316,0.1717,SAFE
NODE_01,1.512,0.8002,0.8894,WARNING
NODE_01,0.1619,0.1579,0.1533,SAFE
NODE_01,0.2598,0.0197,0.1175,SAFE
NODE_01,7.8062,5.3292,3.2877,DANGER
NODE_01,0.0838,0.2259,0.0768,SAFE
NODE_01,0.0558,0.1187,0.0727,SAFE
NODE_01,0.1754,0.1073,0.1011,SAFE
NODE_01,0.2536,0.1978,0.1281,SAFE
NODE_01,0.081,0.1996,0.1128,SAFE
NODE_01,0.229,0.0919,0.0923,SAFE
NODE_01,0.6833,0.9966,0.8921,WARNING
NODE_01,0.1036,0.1229,0.0822,SAFE
NODE_01,0.2342,0.2577,0.1324,SAFE
NODE_01,0.0808,0.2858,0.1401,SAFE
NODE_01,0.1758,0.1147,0.0249,SAFE
NODE_01,0.1696,0.1961,0.1017,SAFE
NODE_01,0.2241,0.275,0.0494,SAFE
NODE_01,0.0245,0.076,0.0336,SAFE
NODE_01,0.2074,0.0245,0.0978,SAFE
NODE_01,0.1846,0.2516,0.0546,SAFE
NODE_01,0.1583,0.2803,0.108,SAFE
NODE_01,0.0155,0.0593,0.0942,SAFE
NODE_01,0.2353,0.2838,0.1527,SAFE
NODE_01,0.1305,0.2415,0.1081,SAFE
NODE_01,0.2566,0.2784,0.079,SAFE
NODE_01,0.0686,0.1202,0.022,SAFE
NODE_01,1.7858,0.5537,1.637,WARNING
NODE_01,0.9464,0.8762,1.2528,WARNING
NODE_01,0.2215,0.1726,0.1264,SAFE
NODE_01,0.2852,0.164,0.0684,SAFE
NODE_01,2.817,0.6458,0.4751,WARNING
NODE_01,0.1979,0.0642,0.0062,SAFE
NODE_01,0.2026,0.0365,0.1798,SAFE
NODE_01,2.4786,0.5297,1.6766,WARNING
NODE_01,9.7061,5.2264,4.2173,DANGER
NODE_01,0.2274,0.0764,0.134,SAFE
NODE_01,1.0386,1.0444,1.5205,WARNING
NODE_01,0.0511,0.1297,0.0379,SAFE
NODE_01,0.1839,0.1697,0.1641,SAFE
NODE_01,0.2169,0.15,0.0822,SAFE
NODE_01,0.0028,0.0186,0.0332,SAFE
NODE_01,5.6761,5.6077,3.2496,DANGER
NODE_01,0.272,0.0343,0.0789,SAFE
NODE_01,0.2688,0.0308,0.055,SAFE
NODE_01,0.0608,0.254,0.1573,SAFE
NODE_01,0.0645,0.1781,0.0102,SAFE
NODE_01,0.1926,0.2536,0.199,SAFE
NODE_01,0.2534,0.0111,0.147,SAFE
NODE_01,0.1709,0.081,0.1973,SAFE
NODE_01,0.0737,0.0493,0.0585,SAFE
NODE_01,0.2163,0.1784,0.1618,SAFE
NODE_01,0.1013,0.2298,0.1421,SAFE
NODE_01,0.1699,0.0495,0.118,SAFE
NODE_01,0.1915,0.2011,0.079,SAFE
NODE_01,3.4377,0.9102,1.2379,WARNING
NODE_01,0.1888,0.031,0.1036,SAFE
NODE_01,0.2995,0.1084,0.0311,SAFE
NODE_01,0.0067,0.0534,0.1286,SAFE
NODE_01,0.2799,0.1909,0.1236,SAFE
NODE_01,2.0654,0.4159,0.6717,WARNING
NODE_01,2.6417,1.1269,1.073,WARNING
NODE_01,0.1089,0.0439,0.1519,SAFE
NODE_01,0.0596,0.2912,0.1308,SAFE
NODE_01,0.0501,0.163,0.1939,SAFE
NODE_01,0.1644,0.239,0.0595,SAFE
NODE_01,0.1653,0.1844,0.1995,SAFE
NODE_01,0.1678,0.0903,0.1124,SAFE
NODE_01,0.0197,0.0893,0.1707,SAFE
NODE_01,0.0905,0.0257,0.1813,SAFE
NODE_01,0.1536,0.2125,0.0986,SAFE
NODE_01,0.0641,0.1502,0.0892,SAFE
NODE_01,0.0797,0.1995,0.0941,SAFE
NODE_01,0.1131,0.1212,0.0687,SAFE
NODE_01,0.1354,0.1767,0.0333,SAFE
NODE_01,0.0868,0.1447,0.1178,SAFE
NODE_01,1.6469,0.6977,0.8976,WARNING
NODE_01,0.2287,0.1439,0.1218,SAFE
NODE_01,0.1726,0.1014,0.0499,SAFE
NODE_01,1.6519,1.0898,0.9373,WARNING
NODE_01,0.2065,0.2146,0.0205,SAFE
NODE_01,0.1983,0.2774,0.0872,SAFE
NODE_01,0.262,0.0378,0.113,SAFE
NODE_01,9.9145,1.7262,7.9426,DANGER
NODE_01,0.2283,0.0685,0.1621,SAFE
NODE_01,0.0318,0.029,0.0086,SAFE
NODE_01,0.276,0.0781,0.0578,SAFE
NODE_01,1.4715,0.4515,0.6336,WARNING
NODE_01,9.7339,4.1856,7.5544,DANGER
NODE_01,2.1566,1.1155,0.9321,WARNING
NODE_01,9.0549,2.0792,3.5768,DANGER
NODE_01,2.8061,0.846,0.6223,WARNING
NODE_01,2.7532,0.5206,1.2839,WARNING
NODE_01,2.5977,0.9073,1.5968,WARNING
NODE_01,0.2392,0.2772,0.0076,SAFE
NODE_01,0.162,0.1253,0.1276,SAFE
NODE_01,3.2609,1.1152,0.9632,WARNING
NODE_01,0.0983,0.2741,0.197,SAFE
NODE_01,3.1882,1.1554,1.0159,WARNING
NODE_01,0.1616,0.2024,0.0027,SAFE
NODE_01,0.024,0.2348,0.1867,SAFE
NODE_01,13.6438,1.8513,2.5888,DANGER
NODE_01,0.198,0.2606,0.1953,SAFE
NODE_01,0.2693,0.0113,0.0129,SAFE
NODE_01,0.2595,0.2547,0.0962,SAFE
NODE_01,0.0623,0.1326,0.193,SAFE
NODE_01,0.09,0.063,0.1936,SAFE
NODE_01,0.1221,0.1459,0.1987,SAFE
NODE_01,7.0403,2.3543,7.2284,DANGER
NODE_01,2.6795,1.0791,1.0982,WARNING
NODE_01,1.1401,0.6817,1.0221,WARNING
NODE_01,0.0533,0.1337,0.1163,SAFE
NODE_01,0.2855,0.2752,0.0987,SAFE
NODE_01,0.1473,0.0215,0.0414,SAFE
NODE_01,0.058,0.1975,0.0667,SAFE
NODE_01,0.966,1.1995,1.1953,WARNING
NODE_01,9.3575,3.2888,2.449,DANGER
NODE_01,2.8994,0.4157,0.4883,WARNING
NODE_01,0.2446,0.2854,0.1886,SAFE
NODE_01,0.2364,0.2588,0.0749,SAFE
NODE_01,0.2171,0.1247,0.0232,SAFE
NODE_01,0.0253,0.2556,0.0656,SAFE
NODE_01,4.6206,2.2889,2.8535,DANGER
NODE_01,0.0843,0.1317,0.0021,SAFE
NODE_01,0.2616,0.1018,0.0764,SAFE
NODE_01,10.6242,2.4259,3.0646,DANGER
NODE_01,0.0674,0.023,0.0078,SAFE
NODE_01,0.0103,0.0398,0.0991,SAFE
NODE_01,0.2592,0.064,0.1026,SAFE
NODE_01,0.1183,0.2591,0.1813,SAFE
NODE_01,0.2445,0.018,0.1361,SAFE
NODE_01,0.1776,0.2487,0.1247,SAFE
NODE_01,0.1314,0.2622,0.1854,SAFE
NODE_01,0.2943,0.1909,0.1299,SAFE
NODE_01,0.294,0.2275,0.1421,SAFE
NODE_01,0.0321,0.2675,0.0939,SAFE
NODE_01,0.0507,0.2753,0.1392,SAFE
NODE_01,0.1495,0.2058,0.0449,SAFE
NODE_01,9.8573,4.1746,2.3902,DANGER
NODE_01,0.2079,0.0595,0.1918,SAFE
NODE_01,0.1806,0.1075,0.0352,SAFE
NODE_01,0.1913,0.1079,0.1417,SAFE
NODE_01,0.1191,0.2981,0.1942,SAFE
NODE_01,0.2321,0.0653,0.0809,SAFE
NODE_01,13.5922,4.3651,4.2937,DANGER
NODE_01,0.0557,0.0585,0.0351,SAFE
NODE_01,0.0614,0.1958,0.1404,SAFE
NODE_01,0.2607,0.1987,0.1813,SAFE
NODE_01,0.2335,0.0731,0.1771,SAFE
NODE_01,0.2017,0.263,0.0547,SAFE
NODE_01,0.1091,0.1189,0.1865,SAFE
NODE_01,3.4956,0.7879,0.5998,WARNING
NODE_01,0.0873,0.1302,0.0272,SAFE
NODE_01,2.6376,0.5169,0.6386,WARNING
NODE_01,9.9217,4.9849,6.3038,DANGER
NODE_01,3.2922,0.6453,1.2863,WARNING
NODE_01,12.3207,3.7416,3.1243,DANGER
NODE_01,0.1362,0.1248,0.0351,SAFE
NODE_01,0.172,0.1536,0.1266,SAFE
NODE_01,0.076,0.0714,0.0787,SAFE
NODE_01,0.9855,0.9634,1.6817,WARNING
NODE_01,0.2519,0.011,0.1017,SAFE
NODE_01,0.1661,0.0107,0.079,SAFE
NODE_01,0.2499,0.0911,0.0516,SAFE
NODE_01,2.8306,1.1123,0.5398,WARNING
NODE_01,0.2303,0.2346,0.0094,SAFE
NODE_01,0.0552,0.0495,0.0576,SAFE
NODE_01,0.1183,0.2752,0.0133,SAFE
NODE_01,0.7455,0.4767,1.1185,WARNING
NODE_01,2.0503,0.4971,0.682,WARNING
NODE_01,0.272,0.1852,0.1943,SAFE
NODE_01,0.1066,0.286,0.171,SAFE
NODE_01,0.1629,0.2604,0.0921,SAFE
NODE_01,0.1174,0.0431,0.163,SAFE
NODE_01,1.7475,0.8467,0.949,WARNING
NODE_01,2.1303,0.7559,0.6349,WARNING
NODE_01,0.2907,0.1068,0.0114,SAFE
NODE_01,0.0302,0.1401,0.0824,SAFE
NODE_01,0.1903,0.2181,0.1761,SAFE
NODE_01,0.0226,0.1971,0.1894,SAFE
NODE_01,2.7022,0.742,1.0216,WARNING
NODE_01,4.3794,1.9053,4.406,DANGER
NODE_01,0.0349,0.1501,0.1002,SAFE
NODE_01,0.0829,0.1154,0.0976,SAFE
NODE_01,3.0439,0.7676,1.7317,WARNING
NODE_01,0.0462,0.214,0.0577,SAFE
NODE_01,5.9415,2.337,4.4705,DANGER
NODE_01,0.081,0.1574,0.1862,SAFE
NODE_01,0.1628,0.2418,0.0136,SAFE
NODE_01,0.0236,0.1628,0.1442,SAFE
NODE_01,2.0973,0.8753,1.2531,WARNING
NODE_01,0.1323,0.2029,0.1739,SAFE
NODE_01,0.1357,0.1273,0.1736,SAFE
NODE_01,0.2258,0.0803,0.161,SAFE
NODE_01,0.1001,0.091,0.0637,SAFE
NODE_01,0.0509,0.1547,0.1249,SAFE
NODE_01,0.0998,0.0217,0.17,SAFE
NODE_01,0.0248,0.1863,0.0111,SAFE
NODE_01,0.0578,0.1376,0.0464,SAFE
NODE_01,0.262,0.0545,0.1345,SAFE
NODE_01,9.0018,3.3056,7.0341,DANGER
NODE_01,0.1589,0.084,0.0571,SAFE
NODE_01,0.004,0.1241,0.1566,SAFE
NODE_01,0.2434,0.2013,0.1693,SAFE
NODE_01,11.361,2.5884,2.7777,DANGER
NODE_01,1.9317,0.7691,1.15,WARNING
NODE_01,13.9412,5.9339,6.8111,DANGER
NODE_01,0.0564,0.2327,0.1644,SAFE
NODE_01,0.2597,0.2196,0.0774,SAFE
NODE_01,0.2613,0.2067,0.0075,SAFE
NODE_01,0.051,0.1432,0.106,SAFE
NODE_01,0.0686,0.0101,0.0134,SAFE
NODE_01,0.2596,0.0801,0.1294,SAFE
NODE_01,2.6666,0.8241,1.21,WARNING
NODE_01,0.2273,0.2205,0.1215,SAFE
NODE_01,0.0942,0.2256,0.0968,SAFE
NODE_01,0.2659,0.2044,0.1056,SAFE
NODE_01,0.0657,0.127,0.1093,SAFE
NODE_01,0.2229,0.039,0.0986,SAFE
NODE_01,0.8148,1.0483,1.5931,WARNING
NODE_01,1.0834,0.3662,1.6461,WARNING
NODE_01,0.1039,0.2339,0.1373,SAFE
NODE_01,0.1248,0.1813,0.0862,SAFE
NODE_01,0.29,0.0226,0.0302,SAFE
NODE_01,0.2018,0.2375,0.1499,SAFE
NODE_01,0.1824,0.2481,0.1152,SAFE
NODE_01,0.105,0.1854,0.0144,SAFE
NODE_01,0.0917,0.2874,0.1805,SAFE
NODE_01,2.7379,0.5074,1.3225,WARNING
NODE_01,0.1596,0.0975,0.0554,SAFE
NODE_01,0.2108,0.2408,0.0393,SAFE
NODE_01,0.0165,0.2818,0.1057,SAFE
NODE_01,4.8165,4.0271,7.2552,DANGER
NODE_01,4.0137,3.9176,6.5058,DANGER
NODE_01,0.1296,0.2558,0.1442,SAFE
NODE_01,0.0397,0.0213,0.027,SAFE
NODE_01,0.1889,0.0995,0.0469,SAFE
NODE_01,0.0062,0.1295,0.0817,SAFE
NODE_01,0.0794,0.2101,0.11,SAFE
NODE_01,2.0697,1.0083,0.7084,WARNING
NODE_01,2.1562,0.5403,0.8885,WARNING
NODE_01,0.0927,0.2791,0.1223,SAFE
NODE_01,2.3139,1.0148,0.4436,WARNING
NODE_01,10.1413,4.9603,2.8846,DANGER
NODE_01,8.3204,4.0869,6.0812,DANGER
NODE_01,0.2212,0.1806,0.0921,SAFE
NODE_01,0.0696,0.1649,0.1127,SAFE
NODE_01,0.0013,0.1457,0.0562,SAFE
NODE_01,1.931,1.0391,1.4234,WARNING
NODE_01,0.1669,0.052,0.1559,SAFE
NODE_01,2.3092,0.569,1.6712,WARNING
NODE_01,0.1044,0.2452,0.0796,SAFE
NODE_01,3.1101,0.7002,1.0805,WARNING
NODE_01,1.1459,1.1378,0.5079,WARNING
NODE_01,0.2029,0.0622,0.097,SAFE
NODE_01,2.3508,0.4621,0.4298,WARNING
NODE_01,0.2215,0.0268,0.0923,SAFE
NODE_01,2.1749,0.4413,0.8885,WARNING
NODE_01,4.2086,3.0518,4.9573,DANGER
NODE_01,6.2827,1.7138,5.7744,DANGER
NODE_01,0.0322,0.0998,0.0769,SAFE
NODE_01,7.968,2.6138,5.3721,DANGER
NODE_01,0.2087,0.1113,0.0948,SAFE
NODE_01,0.2987,0.2921,0.0302,SAFE
NODE_01,1.8788,1.0285,0.8313,WARNING
NODE_01,0.0537,0.2642,0.0861,SAFE
NODE_01,0.0673,0.1175,0.121,SAFE
NODE_01,0.2402,0.1043,0.0948,SAFE
NODE_01,1.2971,0.6974,0.9126,WARNING
NODE_01,0.1012,0.1676,0.1952,SAFE
NODE_01,0.202,0.273,0.1433,SAFE
NODE_01,2.879,0.7428,0.8164,WARNING
NODE_01,0.2998,0.17,0.1116,SAFE
NODE_01,0.1795,0.1116,0.0408,SAFE
NODE_01,0.2481,0.2628,0.1538,SAFE
NODE_01,0.0414,0.1075,0.0279,SAFE
NODE_01,0.0833,0.0815,0.0412,SAFE
NODE_01,11.3805,4.6548,7.8464,DANGER
NODE_01,0.2927,0.2905,0.0969,SAFE
NODE_01,2.6775,0.7703,1.686,WARNING
NODE_01,3.1473,1.0847,1.1032,WARNING
NODE_01,3.4804,0.3552,1.2839,WARNING
NODE_01,0.0038,0.2202,0.1378,SAFE
NODE_01,0.2907,0.094,0.1827,SAFE
NODE_01,0.2843,0.1105,0.1035,SAFE
NODE_01,1.7214,0.8794,1.5588,WARNING
NODE_01,0.051,0.0415,0.0912,SAFE
NODE_01,0.1939,0.0229,0.0571,SAFE
NODE_01,0.2605,0.0478,0.0578,SAFE
NODE_01,0.1135,0.1669,0.0744,SAFE
NODE_01,0.2999,0.207,0.199,SAFE
NODE_01,0.2477,0.2691,0.0354,SAFE
NODE_01,0.1701,0.265,0.1805,SAFE
NODE_01,1.5657,0.5502,1.0214,WARNING
NODE_01,0.2253,0.077,0.0552,SAFE
NODE_01,0.2044,0.2835,0.043,SAFE
NODE_01,0.0268,0.1503,0.078,SAFE
NODE_01,2.0249,1.0196,0.7006,WARNING
NODE_01,0.1404,0.0874,0.1572,SAFE
NODE_01,0.0764,0.0559,0.0722,SAFE
NODE_01,0.2056,0.2965,0.1476,SAFE
NODE_01,0.0631,0.087,0.1647,SAFE
NODE_01,0.1637,0.2845,0.1286,SAFE
NODE_01,10.9985,5.2041,7.0968,DANGER
NODE_01,0.2336,0.1531,0.1632,SAFE
NODE_01,0.1455,0.0116,0.1933,SAFE
NODE_01,0.0031,0.2383,0.1262,SAFE
NODE_01,0.1388,0.2044,0.1707,SAFE
NODE_01,2.0551,1.0688,0.9193,WARNING
NODE_01,0.2024,0.1606,0.0532,SAFE
NODE_01,0.1048,0.0648,0.1572,SAFE
NODE_01,0.2782,0.227,0.0849,SAFE
NODE_01,0.0027,0.2803,0.1448,SAFE
NODE_01,0.0597,0.2157,0.0473,SAFE
NODE_01,0.2941,0.0945,0.0291,SAFE
NODE_01,9.9616,4.374,6.5413,DANGER
NODE_01,2.7218,0.5195,1.0977,WARNING
NODE_01,0.1029,0.2642,0.02,SAFE
NODE_01,0.0025,0.0439,0.1227,SAFE
NODE_01,0.1755,0.031,0.1534,SAFE
NODE_01,0.2724,0.041,0.1315,SAFE
NODE_01,1.4744,0.7498,1.2082,WARNING
NODE_01,0.2683,0.2686,0.145,SAFE
NODE_01,0.1094,0.2106,0.1523,SAFE
NODE_01,0.0076,0.1384,0.12,SAFE
NODE_01,0.0506,0.1843,0.0767,SAFE
NODE_01,0.2774,0.2424,0.0177,SAFE
NODE_01,3.2535,0.6425,1.0295,WARNING
NODE_01,0.0742,0.0908,0.0748,SAFE
NODE_01,0.0129,0.2426,0.1441,SAFE
NODE_01,0.1212,0.078,0.1345,SAFE
NODE_01,11.9162,2.5759,4.4778,DANGER
NODE_01,0.0988,0.2621,0.0768,SAFE
NODE_01,3.0153,0.6185,0.7208,WARNING
NODE_01,11.976,4.4735,2.6468,DANGER
NODE_01,0.2647,0.2158,0.1818,SAFE
NODE_01,0.1594,0.1939,0.1059,SAFE
NODE_01,0.0838,0.0746,0.0102,SAFE
NODE_01,0.1675,0.2794,0.0852,SAFE
NODE_01,0.2889,0.1254,0.1495,SAFE
NODE_01,0.0654,0.2676,0.0043,SAFE
NODE_01,0.2951,0.2662,0.073,SAFE
NODE_01,1.4766,0.7043,1.4596,WARNING
NODE_01,1.8664,1.0373,1.4339,WARNING
NODE_01,0.1142,0.2058,0.057,SAFE
NODE_01,0.1728,0.2719,0.1832,SAFE
NODE_01,0.0747,0.0361,0.1192,SAFE
NODE_01,2.8915,0.5266,0.9204,WARNING
NODE_01,0.2258,0.0701,0.1963,SAFE
NODE_01,0.1231,0.2807,0.0942,SAFE
NODE_01,0.219,0.2251,0.0334,SAFE
NODE_01,0.091,0.0954,0.054,SAFE
NODE_01,0.2729,0.1752,0.0531,SAFE
NODE_01,0.1214,0.1576,0.0789,SAFE
NODE_01,0.1106,0.2702,0.1636,SAFE
NODE_01,3.2043,0.6169,1.387,WARNING
NODE_01,0.721,1.0787,1.2786,WARNING
NODE_01,0.142,0.1056,0.0799,SAFE
NODE_01,2.7093,0.5624,0.5342,WARNING
NODE_01,0.1217,0.1719,0.144,SAFE
NODE_01,0.2934,0.0504,0.1986,SAFE
NODE_01,0.0843,0.1892,0.0322,SAFE
NODE_01,0.6605,0.7352,0.8557,WARNING
NODE_01,0.1441,0.2755,0.0648,SAFE
NODE_01,0.1709,0.1074,0.1631,SAFE
NODE_01,0.1219,0.2523,0.0988,SAFE
NODE_01,0.093,0.029,0.0742,SAFE
NODE_01,7.0246,3.8138,6.9615,DANGER
NODE_01,0.1994,0.1375,0.0725,SAFE
NODE_01,1.1302,0.8352,1.3047,WARNING
NODE_01,0.0353,0.2358,0.1669,SAFE
NODE_01,11.286,5.1971,5.7223,DANGER
NODE_01,0.0227,0.0639,0.1907,SAFE
NODE_01,0.1317,0.1591,0.0679,SAFE
NODE_01,1.0624,0.9278,0.6052,WARNING
NODE_01,2.9477,1.1186,1.4496,WARNING
NODE_01,1.0415,0.6696,0.9861,WARNING
NODE_01,0.1615,0.2083,0.0301,SAFE
NODE_01,10.3635,3.7405,3.995,DANGER
NODE_01,2.9634,0.9975,1.3735,WARNING
NODE_01,0.0518,0.2882,0.059,SAFE
NODE_01,0.002,0.0211,0.1857,SAFE
NODE_01,0.8726,0.5213,1.6289,WARNING
NODE_01,0.0669,0.0943,0.122,SAFE
NODE_01,0.2293,0.1011,0.1965,SAFE
NODE_01,0.0849,0.1692,0.04,SAFE
NODE_01,0.1587,0.0879,0.0123,SAFE
NODE_01,0.1565,0.2842,0.0622,SAFE
NODE_01,0.2484,0.1838,0.0813,SAFE
NODE_01,0.2164,0.0133,0.1467,SAFE
NODE_01,0.231,0.1136,0.1871,SAFE
NODE_01,0.0424,0.2714,0.0526,SAFE
NODE_01,0.249,0.2682,0.0551,SAFE
NODE_01,0.0214,0.0392,0.1418,SAFE
NODE_01,0.1579,0.0328,0.0048,SAFE
NODE_01,0.1384,0.0839,0.0749,SAFE
NODE_01,0.2182,0.1002,0.1029,SAFE
NODE_01,0.2139,0.0491,0.1136,SAFE
NODE_01,0.1568,0.0899,0.1796,SAFE
NODE_01,1.7613,0.6093,1.2402,WARNING
NODE_01,0.2193,0.1903,0.0488,SAFE
NODE_01,5.504,3.3025,3.2891,DANGER
NODE_01,0.527,0.4512,0.8904,WARNING
NODE_01,0.1671,0.1551,0.0981,SAFE
NODE_01,0.0368,0.2047,0.0873,SAFE
NODE_01,1.0257,0.5688,0.6949,WARNING
NODE_01,2.4599,0.3583,0.6099,WARNING
NODE_01,0.0873,0.1835,0.0776,SAFE
NODE_01,1.6654,0.3583,1.3216,WARNING
NODE_01,0.2571,0.0208,0.122,SAFE
NODE_01,3.0205,0.7019,1.6531,WARNING
NODE_01,1.41,1.199,1.4728,WARNING
NODE_01,0.0538,0.2725,0.0988,SAFE
NODE_01,0.1918,0.1815,0.0575,SAFE
NODE_01,5.7608,2.3095,7.6958,DANGER
NODE_01,0.0718,0.2703,0.0447,SAFE
NODE_01,0.1148,0.2847,0.1237,SAFE
NODE_01,0.0626,0.291,0.0143,SAFE
NODE_01,0.04,0.2599,0.076,SAFE
NODE_01,0.2964,0.1082,0.1478,SAFE
NODE_01,2.7182,0.7815,0.6523,WARNING
NODE_01,0.5001,0.9953,1.6443,WARNING
NODE_01,0.2544,0.2168,0.0354,SAFE
NODE_01,0.272,0.2202,0.095,SAFE
NODE_01,0.2199,0.1086,0.0729,SAFE
NODE_01,0.0132,0.0861,0.0349,SAFE
NODE_01,0.0733,0.1131,0.0096,SAFE
NODE_01,0.1873,0.1829,0.087,SAFE
NODE_01,7.7651,2.8359,6.8802,DANGER
NODE_01,0.1384,0.1393,0.1249,SAFE
NODE_01,1.3879,0.3791,1.2925,WARNING
NODE_01,5.0171,5.0633,3.3205,DANGER
NODE_01,0.1537,0.1313,0.1456,SAFE
NODE_01,2.9551,0.8484,0.6693,WARNING
NODE_01,13.0672,2.6026,5.7305,DANGER
NODE_01,0.2569,0.1266,0.0037,SAFE
NODE_01,0.0643,0.0806,0.1543,SAFE
NODE_01,2.7898,0.7675,1.63,WARNING
NODE_01,0.269,0.1964,0.0604,SAFE
NODE_01,12.8837,4.4164,4.0795,DANGER
NODE_01,0.1651,0.1423,0.0113,SAFE
NODE_01,0.282,0.2048,0.01,SAFE
NODE_01,0.1244,0.1755,0.156,SAFE
NODE_01,0.0382,0.1335,0.0388,SAFE
NODE_01,0.1793,0.1923,0.0196,SAFE
NODE_01,2.8338,0.6001,0.9551,WARNING
NODE_01,0.1913,0.0182,0.1255,SAFE
NODE_01,6.2145,1.7157,6.8086,DANGER
NODE_01,0.2628,0.0209,0.1827,SAFE
NODE_01,0.2855,0.1842,0.0826,SAFE
NODE_01,13.0513,2.3418,6.7846,DANGER
NODE_01,0.1284,0.1751,0.1601,SAFE
NODE_01,14.7788,4.8298,6.4555,DANGER
NODE_01,1.8049,0.4486,0.8332,WARNING
NODE_01,0.0146,0.1875,0.0921,SAFE
NODE_01,0.1058,0.0152,0.1782,SAFE
NODE_01,0.1819,0.0487,0.1259,SAFE
NODE_01,0.7158,1.0222,0.494,WARNING
NODE_01,0.2804,0.2114,0.1072,SAFE
NODE_01,0.2063,0.1178,0.1275,SAFE
NODE_01,9.9361,1.5905,6.0067,DANGER
NODE_01,0.0661,0.1651,0.0406,SAFE
NODE_01,0.0426,0.0252,0.198,SAFE
NODE_01,0.2284,0.2053,0.0545,SAFE
NODE_01,1.7948,1.0047,1.0062,WARNING
NODE_01,0.1155,0.2258,0.1664,SAFE
NODE_01,2.2816,0.8116,1.6813,WARNING
NODE_01,0.1437,0.043,0.1567,SAFE
NODE_01,0.109,0.0668,0.1348,SAFE
NODE_01,0.0891,0.0474,0.1257,SAFE
NODE_01,1.557,1.1721,0.9746,WARNING
NODE_01,0.026,0.0437,0.1913,SAFE
NODE_01,0.1799,0.2682,0.1807,SAFE
NODE_01,0.1896,0.1183,0.0432,SAFE
NODE_01,0.2955,0.0747,0.0517,SAFE
NODE_01,0.1214,0.2199,0.1756,SAFE
NODE_01,13.511,4.8056,3.2062,DANGER
NODE_01,0.0101,0.0626,0.1423,SAFE
NODE_01,3.2563,1.1295,0.5423,WARNING
NODE_01,0.2492,0.1482,0.0756,SAFE
NODE_01,3.4807,0.7818,0.5357,WARNING
NODE_01,0.2289,0.1985,0.1098,SAFE
NODE_01,0.0459,0.2698,0.1599,SAFE
NODE_01,0.0205,0.1545,0.1049,SAFE
NODE_01,0.0521,0.1883,0.1436,SAFE
NODE_01,0.1502,0.1828,0.0671,SAFE
NODE_01,11.1512,2.5075,7.8588,DANGER
NODE_01,0.1979,0.072,0.1944,SAFE
NODE_01,0.0401,0.119,0.1922,SAFE
NODE_01,2.6743,0.828,1.31,WARNING
NODE_01,1.4933,0.363,1.3331,WARNING
NODE_01,2.3162,0.4086,1.5897,WARNING
NODE_01,2.1556,0.6675,0.9952,WARNING
NODE_01,0.0942,0.2216,0.0165,SAFE
NODE_01,0.1827,0.2033,0.0844,SAFE
NODE_01,3.3175,0.8414,0.4587,WARNING
NODE_01,0.1431,0.0632,0.0219,SAFE
NODE_01,0.2614,0.0955,0.1484,SAFE
NODE_01,0.2556,0.1721,0.1637,SAFE
NODE_01,0.0128,0.2349,0.0311,SAFE
NODE_01,0.1782,0.2115,0.1692,SAFE
NODE_01,0.2328,0.2654,0.0287,SAFE
NODE_01,0.0691,0.1449,0.0692,SAFE
NODE_01,0.1199,0.1356,0.1893,SAFE
NODE_01,2.7479,1.155,0.5717,WARNING
NODE_01,0.036,0.2031,0.0186,SAFE
NODE_01,0.2155,0.0363,0.1989,SAFE
NODE_01,0.2648,0.26,0.0476,SAFE
NODE_01,0.2412,0.1044,0.1675,SAFE
NODE_01,0.1557,0.2605,0.1097,SAFE
NODE_01,0.1754,0.1299,0.0353,SAFE
NODE_01,0.2675,0.1587,0.1726,SAFE
NODE_01,0.1288,0.2857,0.0888,SAFE
NODE_01,0.1105,0.0648,0.0814,SAFE
NODE_01,0.1043,0.1257,0.0914,SAFE
NODE_01,0.1059,0.1253,0.149,SAFE
NODE_01,0.251,0.2774,0.0503,SAFE
NODE_01,0.062,0.2557,0.0291,SAFE
NODE_01,0.2088,0.0246,0.14,SAFE
NODE_01,0.037,0.2398,0.1553,SAFE
NODE_01,0.2518,0.0264,0.0977,SAFE
NODE_01,0.2277,0.0931,0.1453,SAFE
NODE_01,0.28,0.0112,0.0364,SAFE
NODE_01,0.212,0.144,0.0697,SAFE
NODE_01,9.2655,4.8948,4.9419,DANGER
NODE_01,0.1888,0.0779,0.0854,SAFE
NODE_01,0.0492,0.2763,0.1209,SAFE
NODE_01,0.7218,0.551,1.6383,WARNING
NODE_01,0.1449,0.1564,0.1561,SAFE
NODE_01,0.5876,0.4681,1.0799,WARNING
NODE_01,0.2608,0.2115,0.1977,SAFE
NODE_01,0.0758,0.2852,0.0169,SAFE
NODE_01,1.1593,1.0212,1.4204,WARNING
NODE_01,0.0593,0.2113,0.1811,SAFE
NODE_01,0.1863,0.1884,0.0484,SAFE
NODE_01,0.1334,0.2359,0.1456,SAFE
NODE_01,8.7715,3.7773,7.6295,DANGER
NODE_01,0.1702,0.0964,0.1939,SAFE
NODE_01,0.1749,0.097,0.1346,SAFE
NODE_01,0.2073,0.1254,0.0195,SAFE
NODE_01,0.0182,0.1508,0.0337,SAFE
NODE_01,2.4459,1.0958,1.6006,WARNING
NODE_01,0.0557,0.0702,0.0789,SAFE
NODE_01,0.2818,0.2885,0.0177,SAFE
NODE_01,0.1625,0.2835,0.1431,SAFE
NODE_01,5.8423,3.7277,3.1929,DANGER
NODE_01,0.0333,0.268,0.1791,SAFE
NODE_01,2.4985,0.8272,0.4643,WARNING
NODE_01,0.2072,0.1964,0.1734,SAFE
NODE_01,2.4548,0.3987,0.4714,WARNING
NODE_01,0.0456,0.0252,0.1754,SAFE
NODE_01,0.1185,0.2416,0.1762,SAFE
NODE_01,0.2825,0.1072,0.0827,SAFE
NODE_01,0.2413,0.2552,0.1509,SAFE
NODE_01,0.1708,0.0381,0.1547,SAFE
NODE_01,0.2206,0.0811,0.0536,SAFE
NODE_01,4.5754,3.5313,3.7601,DANGER
NODE_01,0.2847,0.1147,0.0725,SAFE
NODE_01,2.9535,0.4506,0.666,WARNING
NODE_01,0.1598,0.0487,0.1387,SAFE
NODE_01,0.2863,0.0656,0.0665,SAFE
NODE_01,0.0179,0.0393,0.064,SAFE
NODE_01,1.3726,1.1598,0.7484,WARNING
NODE_01,0.2255,0.148,0.1019,SAFE
NODE_01,0.0426,0.0817,0.0885,SAFE
NODE_01,0.0087,0.2522,0.154,SAFE
NODE_01,0.0635,0.0933,0.0071,SAFE
NODE_01,0.2673,0.0727,0.0927,SAFE
NODE_01,8.5259,3.7255,5.581,DANGER
NODE_01,0.0753,0.0373,0.1092,SAFE
NODE_01,0.0497,0.0613,0.1087,SAFE
NODE_01,0.275,0.0261,0.0643,SAFE
NODE_01,2.0649,1.0228,1.2154,WARNING
NODE_01,3.262,1.1513,1.2639,WARNING
NODE_01,2.0926,0.5121,1.3879,WARNING
NODE_01,0.6105,0.6574,0.7424,WARNING
NODE_01,0.5332,0.9335,0.9138,WARNING
NODE_01,0.0612,0.0755,0.0872,SAFE
NODE_01,2.3282,0.5111,0.9309,WARNING
NODE_01,2.3913,0.5287,0.8844,WARNING
NODE_01,0.0843,0.0612,0.0515,SAFE
NODE_01,12.5847,2.0256,5.7934,DANGER
NODE_01,2.6707,0.7425,1.4648,WARNING
NODE_01,0.1437,0.1808,0.0286,SAFE
NODE_01,0.0828,0.2652,0.0116,SAFE
NODE_01,1.2354,0.9984,1.7767,WARNING
NODE_01,0.1943,0.198,0.0833,SAFE
NODE_01,0.2659,0.1408,0.1437,SAFE
NODE_01,2.0032,1.1739,1.081,WARNING
NODE_01,0.1239,0.1822,0.1795,SAFE
NODE_01,0.1738,0.0666,0.0614,SAFE
NODE_01,0.0813,0.2633,0.0826,SAFE
NODE_01,0.103,0.0778,0.0198,SAFE
NODE_01,0.0465,0.1479,0.1769,SAFE
NODE_01,0.1653,0.1763,0.0997,SAFE
NODE_01,0.1783,0.1328,0.0409,SAFE
NODE_01,2.4426,0.4172,1.0964,WARNING
NODE_01,9.009,2.1721,4.8437,DANGER
NODE_01,0.2421,0.2917,0.1558,SAFE
NODE_01,0.0875,0.1464,0.1288,SAFE
NODE_01,9.251,2.8757,4.3599,DANGER
NODE_01,0.0584,0.1313,0.0689,SAFE
NODE_01,0.2318,0.0678,0.1807,SAFE
NODE_01,0.2012,0.2856,0.0625,SAFE
NODE_01,0.0337,0.2626,0.0685,SAFE
NODE_01,6.0087,4.599,6.9126,DANGER
NODE_01,0.1599,0.0366,0.1392,SAFE
NODE_01,0.2729,0.2289,0.1982,SAFE
NODE_01,0.2282,0.2366,0.0329,SAFE
NODE_01,0.1087,0.0318,0.0647,SAFE
NODE_01,0.2775,0.1416,0.0075,SAFE
NODE_01,0.0401,0.0229,0.134,SAFE
NODE_01,0.0379,0.2075,0.1845,SAFE
NODE_01,2.3436,0.6775,1.7565,WARNING
NODE_01,0.2954,0.1224,0.0683,SAFE
NODE_01,0.2558,0.1444,0.06,SAFE
NODE_01,3.4402,0.8701,1.1291,WARNING
NODE_01,0.1181,0.1387,0.1646,SAFE
NODE_01,2.9809,0.618,1.1284,WARNING
NODE_01,0.0319,0.2412,0.0934,SAFE
NODE_01,0.1948,0.1423,0.1739,SAFE
NODE_01,0.0513,0.2583,0.1519,SAFE
NODE_01,0.2551,0.1769,0.1684,SAFE
NODE_01,0.7633,0.8871,1.0699,WARNING
NODE_01,12.0154,5.9327,2.3581,DANGER
NODE_01,0.1754,0.1126,0.0724,SAFE
NODE_01,0.027,0.0468,0.1284,SAFE
NODE_01,0.2595,0.04,0.198,SAFE
NODE_01,0.2352,0.2526,0.1098,SAFE
NODE_01,0.2505,0.077,0.0621,SAFE
NODE_01,0.2068,0.1693,0.0045,SAFE
NODE_01,0.2617,0.0698,0.0111,SAFE
NODE_01,0.1071,0.0549,0.1604,SAFE
NODE_01,1.2517,0.5402,1.2315,WARNING
NODE_01,2.8357,1.1085,0.5924,WARNING
NODE_01,0.1802,0.1007,0.1538,SAFE
NODE_01,0.2918,0.1335,0.0151,SAFE
NODE_01,0.0023,0.1308,0.1935,SAFE
NODE_01,0.007,0.1457,0.191,SAFE
NODE_01,14.134,5.6229,2.2985,DANGER
NODE_01,0.0641,0.1882,0.1743,SAFE
NODE_01,0.1076,0.2839,0.0832,SAFE
NODE_01,0.2701,0.2502,0.1816,SAFE
NODE_01,0.2827,0.1557,0.124,SAFE
NODE_01,1.4656,0.5465,0.8536,WARNING
NODE_01,0.1038,0.1358,0.0578,SAFE
NODE_01,2.6239,0.8075,0.9921,WARNING
NODE_01,0.2076,0.1174,0.0789,SAFE
NODE_01,3.4052,0.801,0.8588,WARNING
NODE_01,0.1465,0.0672,0.0769,SAFE
NODE_01,0.1991,0.1211,0.0682,SAFE
NODE_01,8.0471,4.1129,4.6624,DANGER
NODE_01,0.272,0.0978,0.022,SAFE
NODE_01,3.2824,0.8203,1.154,WARNING
NODE_01,0.1194,0.2635,0.0723,SAFE
NODE_01,0.1644,0.1768,0.1376,SAFE
NODE_01,0.1651,0.2996,0.1521,SAFE
NODE_01,0.2109,0.1441,0.0304,SAFE
NODE_01,0.0833,0.1565,0.03,SAFE
NODE_01,2.7541,0.815,1.6105,WARNING
NODE_01,0.0416,0.2597,0.1513,SAFE
NODE_01,0.5586,0.9668,0.9166,WARNING
NODE_01,0.1817,0.0658,0.0328,SAFE
NODE_01,2.8678,0.7411,1.492,WARNING
NODE_01,0.0039,0.2076,0.0645,SAFE
NODE_01,0.1108,0.123,0.1433,SAFE
NODE_01,0.8905,1.1406,0.9892,WARNING
NODE_01,1.8993,0.9354,0.7888,WARNING
NODE_01,2.8206,0.3622,0.8133,WARNING
NODE_01,1.3154,0.5132,0.6203,WARNING
NODE_01,13.1536,5.1939,3.7249,DANGER
NODE_01,4.6986,2.8561,3.0925,DANGER
NODE_01,0.0314,0.1137,0.0283,SAFE
NODE_01,0.1239,0.2204,0.1193,SAFE
NODE_01,0.0449,0.224,0.1129,SAFE
NODE_01,0.1145,0.1881,0.018,SAFE
NODE_01,8.4607,5.095,2.8695,DANGER
NODE_01,0.2873,0.0568,0.1369,SAFE
NODE_01,0.2947,0.1776,0.0083,SAFE
NODE_01,1.5655,0.7619,1.3523,WARNING
NODE_01,0.0338,0.2183,0.1675,SAFE
NODE_01,1.5137,0.4894,1.7085,WARNING
NODE_01,0.2521,0.1407,0.1152,SAFE
NODE_01,0.1123,0.1763,0.1157,SAFE
NODE_01,3.0983,0.4925,1.7393,WARNING
NODE_01,10.9795,2.26,5.5967,DANGER
NODE_01,0.2025,0.1732,0.1897,SAFE
NODE_01,2.0608,1.1609,0.7633,WARNING
NODE_01,0.1074,0.0336,0.0479,SAFE
NODE_01,0.2622,0.2827,0.1764,SAFE
NODE_01,1.9749,0.6153,1.5338,WARNING
NODE_01,0.2519,0.1454,0.1182,SAFE
NODE_01,0.0379,0.0594,0.0104,SAFE
NODE_01,0.2574,0.0845,0.1256,SAFE
NODE_01,0.2851,0.1395,0.1602,SAFE
NODE_01,0.0254,0.1252,0.1399,SAFE
NODE_01,0.1534,0.0597,0.1394,SAFE
NODE_01,0.2844,0.1889,0.008,SAFE
NODE_01,0.137,0.0677,0.1234,SAFE
NODE_01,0.2701,0.2354,0.137,SAFE
NODE_01,3.1052,0.5558,0.645,WARNING
NODE_01,0.116,0.0841,0.0949,SAFE
NODE_01,0.1311,0.0833,0.051,SAFE
NODE_01,0.9827,0.8754,1.1365,WARNING
NODE_01,0.0375,0.1755,0.0807,SAFE
NODE_01,0.7604,0.419,1.5164,WARNING
NODE_01,0.0371,0.1029,0.1538,SAFE
NODE_01,0.2342,0.0302,0.0731,SAFE
NODE_01,0.0044,0.2685,0.1083,SAFE
NODE_01,0.0501,0.2553,0.1028,SAFE
NODE_01,3.1612,0.3847,1.0312,WARNING
NODE_01,0.29,0.2602,0.1509,SAFE
NODE_01,7.5716,4.0661,5.2251,DANGER
NODE_01,0.138,0.1949,0.1786,SAFE
NODE_01,0.2759,0.0143,0.0271,SAFE
NODE_01,0.2384,0.2278,0.1074,SAFE
NODE_01,0.2342,0.2847,0.1134,SAFE
NODE_01,0.2704,0.2068,0.0816,SAFE
NODE_01,0.0782,0.2135,0.1594,SAFE
NODE_01,1.1446,0.9174,1.1025,WARNING
NODE_01,0.1483,0.2997,0.0749,SAFE
NODE_01,13.1653,1.5129,6.0089,DANGER
NODE_01,2.3629,0.7165,0.5775,WARNING
NODE_01,0.0706,0.1694,0.0826,SAFE
NODE_01,0.0373,0.2286,0.0151,SAFE
NODE_01,2.1137,0.9823,1.1499,WARNING
NODE_01,0.0093,0.2226,0.0597,SAFE
NODE_01,3.3069,0.4238,0.7712,WARNING
NODE_01,0.0211,0.2812,0.021,SAFE
NODE_01,0.1254,0.183,0.0988,SAFE
NODE_01,0.1002,0.2306,0.023,SAFE
NODE_01,0.1578,0.0127,0.0255,SAFE
NODE_01,0.0869,0.1588,0.1761,SAFE
NODE_01,0.2701,0.2214,0.0888,SAFE
NODE_01,0.246,0.2067,0.1786,SAFE
NODE_01,0.2606,0.0621,0.0921,SAFE
NODE_01,0.1858,0.1073,0.1873,SAFE
NODE_01,0.1917,0.0862,0.1494,SAFE
NODE_01,2.4468,0.5207,1.1871,WARNING
NODE_01,1.6929,0.7166,1.4543,WARNING
NODE_01,0.1137,0.1108,0.124,SAFE
NODE_01,0.2201,0.012,0.0646,SAFE
NODE_01,0.1543,0.2555,0.0778,SAFE
NODE_01,0.0823,0.1927,0.1949,SAFE
NODE_01,0.2804,0.0416,0.0647,SAFE
NODE_01,2.8066,0.9128,0.4265,WARNING
NODE_01,0.198,0.1155,0.0446,SAFE
NODE_01,0.2053,0.0397,0.1825,SAFE
NODE_01,0.013,0.1419,0.1998,SAFE
NODE_01,0.2267,0.0364,0.0212,SAFE
NODE_01,0.0156,0.2471,0.0036,SAFE
NODE_01,0.1684,0.161,0.1816,SAFE
NODE_01,0.1332,0.2695,0.1578,SAFE
NODE_01,0.1241,0.0762,0.1993,SAFE
NODE_01,0.1342,0.2292,0.0895,SAFE
NODE_01,0.1897,0.1328,0.0204,SAFE
NODE_01,0.2509,0.0958,0.0468,SAFE
NODE_01,0.0633,0.2996,0.0878,SAFE
NODE_01,0.0723,0.1149,0.1841,SAFE
NODE_01,2.6572,0.7923,1.2877,WARNING
NODE_01,2.6632,0.5933,1.0744,WARNING
NODE_01,1.8201,1.0794,1.4593,WARNING
NODE_01,0.0491,0.2405,0.0057,SAFE
NODE_01,0.2126,0.0672,0.1043,SAFE
NODE_01,2.7845,1.0944,1.2986,WARNING
NODE_01,0.1114,0.1583,0.0167,SAFE
NODE_01,1.7687,0.8063,0.4063,WARNING
NODE_01,0.0122,0.063,0.0445,SAFE
NODE_01,0.2444,0.1132,0.0793,SAFE
NODE_01,0.1752,0.1841,0.056,SAFE
NODE_01,0.2114,0.0879,0.1975,SAFE
NODE_01,0.1656,0.1236,0.1326,SAFE
NODE_01,0.2309,0.2049,0.188,SAFE
NODE_01,1.0554,1.1224,0.7228,WARNING
NODE_01,1.653,0.4859,1.7074,WARNING
NODE_01,0.1199,0.1143,0.0304,SAFE
NODE_01,1.4388,0.9596,1.4912,WARNING
NODE_01,0.0648,0.0315,0.0571,SAFE
NODE_01,0.0639,0.0403,0.1042,SAFE
NODE_01,0.2441,0.1796,0.1311,SAFE
NODE_01,0.0614,0.1631,0.0468,SAFE
NODE_01,0.1789,0.1372,0.064,SAFE
NODE_01,2.5433,0.7146,1.7284,WARNING
NODE_01,0.084,0.166,0.0041,SAFE
NODE_01,0.1708,0.1891,0.1416,SAFE
NODE_01,1.5945,0.9047,1.2314,WARNING
NODE_01,0.0493,0.1913,0.1901,SAFE
NODE_01,0.0643,0.191,0.0583,SAFE
NODE_01,0.1931,0.0458,0.0665,SAFE
NODE_01,0.1514,0.1055,0.0267,SAFE
NODE_01,0.0113,0.2965,0.0918,SAFE
NODE_01,0.1505,0.07,0.0459,SAFE
NODE_01,0.2033,0.1867,0.0819,SAFE
NODE_01,0.0607,0.246,0.0303,SAFE
NODE_01,0.1186,0.2391,0.1798,SAFE
NODE_01,0.1058,0.1551,0.0908,SAFE
NODE_01,0.1787,0.2667,0.0421,SAFE
NODE_01,0.1328,0.0857,0.0934,SAFE
NODE_01,0.2513,0.068,0.0572,SAFE
NODE_01,1.2735,0.3553,0.5448,WARNING
NODE_01,0.062,0.1523,0.002,SAFE
NODE_01,0.0899,0.1213,0.0176,SAFE
NODE_01,0.1744,0.0913,0.1656,SAFE
NODE_01,0.2022,0.153,0.0303,SAFE
NODE_01,0.2595,0.2726,0.0917,SAFE
NODE_01,0.101,0.2445,0.0824,SAFE
NODE_01,1.455,0.6137,0.525,WARNING
NODE_01,0.0024,0.1205,0.0013,SAFE
NODE_01,0.2779,0.1242,0.0846,SAFE
NODE_01,0.1468,0.2025,0.1856,SAFE
NODE_01,0.0235,0.0393,0.0399,SAFE
NODE_01,0.1874,0.2319,0.1603,SAFE
NODE_01,0.0665,0.138,0.1786,SAFE
NODE_01,14.1003,2.7765,5.0906,DANGER
NODE_01,0.1006,0.0776,0.1745,SAFE
NODE_01,0.1363,0.1299,0.1043,SAFE
NODE_01,0.0669,0.1841,0.1313,SAFE
NODE_01,2.156,0.4868,1.2447,WARNING
NODE_01,0.203,0.2049,0.0754,SAFE
NODE_01,0.0028,0.0535,0.0974,SAFE
NODE_01,2.867,0.4662,1.7323,WARNING
NODE_01,0.2129,0.072,0.0295,SAFE
NODE_01,0.0317,0.0364,0.1505,SAFE
NODE_01,11.0702,2.7518,3.5825,DANGER
NODE_01,0.0212,0.1732,0.1955,SAFE
NODE_01,0.165,0.1703,0.0776,SAFE
NODE_01,2.2245,1.1087,1.6038,WARNING
NODE_01,0.1535,0.208,0.0808,SAFE
NODE_01,0.2504,0.0497,0.0285,SAFE
NODE_01,0.1037,0.2068,0.1802,SAFE
NODE_01,0.1381,0.1265,0.1432,SAFE
NODE_01,0.1876,0.2021,0.1983,SAFE
NODE_01,0.0396,0.0325,0.1983,SAFE
NODE_01,0.1295,0.2634,0.0846,SAFE
NODE_01,0.1566,0.2791,0.1036,SAFE
NODE_01,10.1146,3.7621,2.0504,DANGER
NODE_01,0.6204,1.0643,0.5112,WARNING
NODE_01,1.5347,0.5989,1.1188,WARNING
NODE_01,0.0498,0.1114,0.0675,SAFE
NODE_01,0.2625,0.0745,0.0275,SAFE
NODE_01,2.6918,0.7842,1.3027,WARNING
NODE_01,0.1781,0.0935,0.164,SAFE
NODE_01,2.694,0.478,1.1144,WARNING
NODE_01,0.0154,0.0455,0.0086,SAFE
NODE_01,0.1419,0.2884,0.0848,SAFE
NODE_01,0.223,0.2079,0.0722,SAFE
NODE_01,10.615,5.7604,6.6102,DANGER
NODE_01,8.3542,1.8478,4.3747,DANGER
NODE_01,0.0869,0.0836,0.1291,SAFE
NODE_01,0.1764,0.124,0.1749,SAFE
NODE_01,0.1541,0.1197,0.1349,SAFE
NODE_01,0.9091,0.958,0.5599,WARNING
NODE_01,0.1974,0.2942,0.1743,SAFE
NODE_01,0.2518,0.2516,0.1995,SAFE
NODE_01,0.2693,0.0864,0.1764,SAFE
NODE_01,2.4991,0.7864,1.1522,WARNING
NODE_01,0.1267,0.2566,0.0635,SAFE
NODE_01,0.0881,0.2212,0.1489,SAFE
NODE_01,0.1019,0.1706,0.0545,SAFE
NODE_01,0.1751,0.2189,0.091,SAFE
NODE_01,3.3213,0.6918,1.6989,WARNING
NODE_01,0.012,0.1342,0.0385,SAFE
NODE_01,12.6493,2.8803,7.3786,DANGER
NODE_01,12.2547,2.2597,7.662,DANGER
NODE_01,0.2015,0.0311,0.19,SAFE
NODE_01,2.6653,1.1177,0.8705,WARNING
NODE_01,11.7918,3.3663,7.4374,DANGER
NODE_01,0.15,0.0559,0.1406,SAFE
NODE_01,0.1566,0.0817,0.0117,SAFE
NODE_01,0.0987,0.1557,0.1139,SAFE
NODE_01,9.3553,4.5776,2.4405,DANGER
NODE_01,3.2147,0.7553,1.3377,WARNING
NODE_01,0.2513,0.2365,0.0749,SAFE
NODE_01,0.1633,0.1843,0.1762,SAFE
NODE_01,0.2936,0.1695,0.1327,SAFE
NODE_01,0.2245,0.0399,0.1706,SAFE
NODE_01,2.2692,0.7358,0.5834,WARNING
NODE_01,0.0221,0.0588,0.0198,SAFE
NODE_01,1.9678,0.7911,0.6603,WARNING
NODE_01,0.2017,0.0891,0.102,SAFE
NODE_01,2.334,0.3705,1.0986,WARNING
NODE_01,0.12,0.2498,0.0485,SAFE
NODE_01,0.2816,0.2626,0.0434,SAFE
NODE_01,0.0232,0.1141,0.1637,SAFE
NODE_01,0.2838,0.1258,0.199,SAFE
NODE_01,1.7875,0.8022,1.3552,WARNING
NODE_01,0.0301,0.0251,0.0683,SAFE
NODE_01,0.0139,0.2625,0.0182,SAFE
NODE_01,0.2207,0.1283,0.1629,SAFE
NODE_01,0.9587,0.3786,0.4745,WARNING
NODE_01,0.1727,0.2566,0.1326,SAFE
NODE_01,0.045,0.2783,0.0134,SAFE
NODE_01,0.2587,0.1138,0.0257,SAFE
NODE_01,9.6048,3.3924,7.6121,DANGER
NODE_01,0.9796,1.0116,1.0514,WARNING
NODE_01,0.2472,0.1998,0.1648,SAFE
NODE_01,0.1134,0.2038,0.0628,SAFE
NODE_01,0.2109,0.0873,0.1017,SAFE
NODE_01,0.1063,0.2672,0.1765,SAFE
NODE_01,4.7724,5.2269,5.9688,DANGER
NODE_01,0.1723,0.1272,0.0496,SAFE
NODE_01,0.196,0.2072,0.0195,SAFE
NODE_01,3.1103,0.6597,1.4456,WARNING
NODE_01,0.1289,0.0825,0.1051,SAFE
NODE_01,0.2586,0.2294,0.0412,SAFE
NODE_01,0.092,0.0822,0.0591,SAFE
NODE_01,1.4357,0.7086,1.438,WARNING
NODE_01,2.4014,0.8289,0.904,WARNING
NODE_01,0.2967,0.1577,0.1323,SAFE
NODE_01,0.0216,0.2446,0.0127,SAFE
NODE_01,2.9547,0.9989,0.9861,WARNING
NODE_01,0.5787,0.4512,0.6289,WARNING
NODE_01,0.7339,0.6187,1.3523,WARNING
NODE_01,0.2448,0.0316,0.1863,SAFE
NODE_01,0.1457,0.2927,0.0987,SAFE
NODE_01,0.1455,0.1405,0.1978,SAFE
NODE_01,0.2428,0.0757,0.1962,SAFE
NODE_01,7.4602,3.1588,7.1122,DANGER
NODE_01,0.2908,0.2966,0.0125,SAFE
NODE_01,7.8553,4.5679,3.8728,DANGER
NODE_01,0.7612,1.0557,1.6254,WARNING
NODE_01,0.0032,0.2909,0.0969,SAFE
NODE_01,0.2954,0.1881,0.157,SAFE
NODE_01,0.2679,0.2108,0.1972,SAFE
NODE_01,0.2811,0.1506,0.023,SAFE
NODE_01,7.2654,1.3648,3.7791,DANGER
NODE_01,0.2853,0.137,0.0704,SAFE
NODE_01,0.1829,0.1417,0.1503,SAFE
NODE_01,0.1215,0.12,0.1807,SAFE
NODE_01,1.1472,0.7205,1.0651,WARNING
NODE_01,0.1035,0.2325,0.1987,SAFE
NODE_01,0.0827,0.2227,0.0819,SAFE
NODE_01,10.4449,4.4342,7.629,DANGER
NODE_01,0.0704,0.0539,0.0518,SAFE
NODE_01,0.1256,0.1719,0.0718,SAFE
NODE_01,0.2834,0.2745,0.1709,SAFE
NODE_01,0.0197,0.1679,0.1761,SAFE
NODE_01,0.0597,0.123,0.1249,SAFE
NODE_01,0.2248,0.0585,0.0942,SAFE
NODE_01,0.1696,0.1499,0.0913,SAFE
NODE_01,0.0879,0.0882,0.1271,SAFE
NODE_01,2.6257,0.8533,0.765,WARNING
NODE_01,0.1166,0.2334,0.1177,SAFE
NODE_01,0.1875,0.0869,0.0584,SAFE
NODE_01,14.8496,4.747,6.8834,DANGER
NODE_01,0.0222,0.2245,0.1866,SAFE
NODE_01,0.0749,0.1784,0.0091,SAFE
NODE_01,0.0435,0.1008,0.0809,SAFE
NODE_01,0.1332,0.1142,0.1247,SAFE
NODE_01,0.0208,0.2416,0.1408,SAFE
NODE_01,0.1825,0.2451,0.0382,SAFE
NODE_01,0.1916,0.1894,0.057,SAFE
NODE_01,0.1697,0.1814,0.0662,SAFE
NODE_01,1.0912,1.0732,0.9414,WARNING
NODE_01,0.2481,0.1273,0.158,SAFE
NODE_01,9.0033,1.3146,5.4704,DANGER
NODE_01,0.0835,0.0894,0.0767,SAFE
NODE_01,0.0478,0.1911,0.0817,SAFE
NODE_01,0.2666,0.242,0.0674,SAFE
NODE_01,0.1338,0.1203,0.1353,SAFE
NODE_01,0.2026,0.0409,0.1228,SAFE
NODE_01,0.2183,0.0168,0.0659,SAFE
NODE_01,0.2535,0.076,0.1312,SAFE
NODE_01,5.8845,1.5619,7.0282,DANGER
NODE_01,0.1527,0.0836,0.1376,SAFE
NODE_01,0.1163,0.2204,0.1394,SAFE
NODE_01,0.1021,0.1852,0.0699,SAFE
NODE_01,10.2689,1.4495,6.4955,DANGER
NODE_01,0.0436,0.1254,0.0719,SAFE
NODE_01,0.2397,0.1338,0.0487,SAFE
NODE_01,0.0625,0.1486,0.1562,SAFE
NODE_01,0.2214,0.2799,0.0107,SAFE
NODE_01,0.2619,0.1967,0.0363,SAFE
NODE_01,0.2952,0.0846,0.0312,SAFE
NODE_01,0.0597,0.0711,0.0034,SAFE
NODE_01,0.1768,0.2569,0.1027,SAFE
NODE_01,0.0259,0.1148,0.0076,SAFE
NODE_01,6.6017,1.8913,2.2346,DANGER
NODE_01,0.0087,0.0914,0.0735,SAFE
NODE_01,0.75,1.1857,1.1014,WARNING
NODE_01,4.2589,4.8239,5.8532,DANGER
NODE_01,0.6287,0.9091,0.6265,WARNING
NODE_01,2.9884,1.1867,1.5484,WARNING
NODE_01,0.2282,0.081,0.0995,SAFE
NODE_01,0.2909,0.0313,0.0816,SAFE
NODE_01,0.1846,0.0649,0.1875,SAFE
NODE_01,2.6547,0.4248,1.6006,WARNING
NODE_01,1.9233,0.9279,0.9149,WARNING
NODE_01,0.095,0.2881,0.0588,SAFE
NODE_01,0.015,0.2512,0.1673,SAFE
NODE_01,0.5614,0.5136,1.6154,WARNING
NODE_01,0.0322,0.0347,0.0577,SAFE
NODE_01,5.5661,4.1398,7.3781,DANGER
NODE_01,1.0126,1.0117,0.968,WARNING
NODE_01,0.1862,0.2166,0.0132,SAFE
NODE_01,0.1304,0.1811,0.029,SAFE
NODE_01,0.1948,0.2926,0.1463,SAFE
NODE_01,3.2083,0.5569,0.993,WARNING
NODE_01,0.2189,0.148,0.1179,SAFE
NODE_01,0.1003,0.1465,0.1099,SAFE
NODE_01,0.5363,0.922,1.6331,WARNING
NODE_01,10.4639,3.4386,3.329,DANGER
NODE_01,2.9076,1.1709,1.4367,WARNING
NODE_01,0.0712,0.0795,0.1501,SAFE
NODE_01,0.0451,0.2799,0.1361,SAFE
NODE_01,0.2832,0.0604,0.0922,SAFE
NODE_01,0.1023,0.0386,0.1316,SAFE
NODE_01,2.8246,0.6237,1.12,WARNING
NODE_01,0.1726,0.1855,0.1923,SAFE
NODE_01,0.1734,0.2513,0.0919,SAFE
NODE_01,0.2611,0.2461,0.0215,SAFE
NODE_01,1.9211,0.4295,1.4684,WARNING
NODE_01,0.0247,0.1022,0.0907,SAFE
NODE_01,0.0179,0.1957,0.1654,SAFE
NODE_01,0.0103,0.1812,0.0933,SAFE
NODE_01,0.1927,0.1603,0.1719,SAFE
NODE_01,0.1764,0.0731,0.1435,SAFE
NODE_01,0.2855,0.1018,0.0164,SAFE
NODE_01,1.7282,0.3882,1.5483,WARNING
NODE_01,0.2332,0.1567,0.0178,SAFE
NODE_01,1.4065,0.3899,1.2393,WARNING
NODE_01,2.086,1.0469,1.374,WARNING
NODE_01,0.2438,0.1262,0.1667,SAFE
NODE_01,0.114,0.1706,0.0353,SAFE
NODE_01,0.1835,0.1087,0.193,SAFE
NODE_01,3.2699,0.4232,0.6605,WARNING
NODE_01,2.899,0.7121,0.6227,WARNING
NODE_01,0.2681,0.1914,0.0526,SAFE
NODE_01,1.1911,0.7149,1.6534,WARNING
NODE_01,0.7715,0.6953,1.3915,WARNING
NODE_01,0.2892,0.2101,0.1139,SAFE
NODE_01,2.7726,0.9693,0.8856,WARNING
NODE_01,0.2781,0.1119,0.0448,SAFE
NODE_01,9.3779,3.13,5.65,DANGER
NODE_01,0.1298,0.181,0.0736,SAFE
NODE_01,0.2283,0.1815,0.0949,SAFE
NODE_01,0.1047,0.125,0.1488,SAFE
NODE_01,0.071,0.1784,0.133,SAFE
NODE_01,0.0963,0.0219,0.0326,SAFE
NODE_01,0.1133,0.0232,0.1207,SAFE
NODE_01,1.5796,0.5641,1.3421,WARNING
NODE_01,0.2091,0.0227,0.19,SAFE
NODE_01,2.7311,0.4548,1.3801,WARNING
NODE_01,3.1247,0.5011,1.3994,WARNING
NODE_01,0.7911,0.6414,1.3936,WARNING
NODE_01,0.006,0.0534,0.1719,SAFE
NODE_01,0.1147,0.1875,0.1893,SAFE
NODE_01,3.2361,1.1498,1.5236,WARNING
NODE_01,0.2443,0.0476,0.1053,SAFE
NODE_01,0.1543,0.1177,0.1765,SAFE
NODE_01,1.8949,1.1019,1.5287,WARNING
NODE_01,0.1282,0.2284,0.1669,SAFE
NODE_01,2.2669,0.3751,1.2754,WARNING
NODE_01,0.1474,0.1248,0.0412,SAFE
NODE_01,0.1801,0.0678,0.1384,SAFE
NODE_01,0.0735,0.0111,0.1647,SAFE
NODE_01,0.0292,0.0389,0.1523,SAFE
NODE_01,2.8141,0.822,1.4214,WARNING
NODE_01,0.0664,0.1159,0.0416,SAFE
NODE_01,0.1355,0.0973,0.0951,SAFE
NODE_01,0.1028,0.1353,0.0132,SAFE
NODE_01,2.0067,0.4009,1.2449,WARNING
NODE_01,3.431,1.0788,0.7383,WARNING
NODE_01,0.2418,0.05,0.0811,SAFE
NODE_01,0.0515,0.0625,0.0944,SAFE
NODE_01,2.1642,0.7863,1.76,WARNING
NODE_01,0.0419,0.142,0.0112,SAFE
NODE_01,1.0094,0.791,1.4401,WARNING
NODE_01,0.021,0.1615,0.0899,SAFE
NODE_01,0.2342,0.0784,0.066,SAFE
NODE_01,0.2558,0.1286,0.0262,SAFE
NODE_01,0.0704,0.1444,0.0236,SAFE
NODE_01,2.535,0.5373,1.534,WARNING
NODE_01,0.1381,0.186,0.073,SAFE
NODE_01,0.0534,0.0549,0.0576,SAFE
NODE_01,0.9783,0.6506,0.7926,WARNING
NODE_01,0.1949,0.162,0.0782,SAFE
NODE_01,0.12,0.0501,0.1474,SAFE
NODE_01,0.1352,0.1423,0.0449,SAFE
NODE_01,1.4466,1.128,1.0634,WARNING
NODE_01,2.9537,1.1724,1.6875,WARNING
NODE_01,12.2999,2.4045,3.2669,DANGER
NODE_01,0.2083,0.2678,0.1725,SAFE
NODE_01,0.2561,0.0521,0.0652,SAFE
NODE_01,9.8173,3.9741,5.6266,DANGER
NODE_01,0.2842,0.2274,0.149,SAFE
NODE_01,0.0735,0.182,0.1318,SAFE
NODE_01,0.0053,0.255,0.033,SAFE
NODE_01,0.2572,0.0121,0.125,SAFE
NODE_01,0.0329,0.2096,0.1981,SAFE
NODE_01,0.155,0.1865,0.0686,SAFE
NODE_01,0.0356,0.2241,0.113,SAFE
NODE_01,0.1673,0.2427,0.142,SAFE
NODE_01,0.2511,0.0206,0.1151,SAFE
NODE_01,14.7388,2.5839,7.74,DANGER
NODE_01,14.6854,5.0705,3.6584,DANGER
NODE_01,0.0037,0.1585,0.1826,SAFE
NODE_01,0.1717,0.0704,0.132,SAFE
NODE_01,0.1387,0.1678,0.1385,SAFE
NODE_01,1.1977,0.7156,0.7307,WARNING
NODE_01,0.2134,0.2889,0.1789,SAFE
NODE_01,0.1092,0.0987,0.0654,SAFE
NODE_01,0.072,0.0523,0.1367,SAFE
NODE_01,0.2842,0.2153,0.0806,SAFE
NODE_01,0.0549,0.01,0.0671,SAFE
NODE_01,0.0408,0.0487,0.1141,SAFE
NODE_01,12.948,2.4441,7.2354,DANGER
NODE_01,0.2001,0.0516,0.1691,SAFE
NODE_01,0.1457,0.1486,0.1002,SAFE
NODE_01,0.1303,0.2502,0.0247,SAFE
NODE_01,0.064,0.2683,0.0884,SAFE
NODE_01,0.0233,0.0549,0.1599,SAFE
NODE_01,0.0029,0.1365,0.1168,SAFE
NODE_01,0.1645,0.0695,0.1823,SAFE
NODE_01,0.2398,0.211,0.1782,SAFE
NODE_01,0.1088,0.0145,0.1425,SAFE
NODE_01,0.0701,0.0257,0.1639,SAFE
NODE_01,0.1112,0.0569,0.0051,SAFE
NODE_01,1.5946,0.4009,0.6667,WARNING
NODE_01,0.0471,0.2174,0.0792,SAFE
NODE_01,0.0158,0.0958,0.0508,SAFE
NODE_01,0.1227,0.1609,0.1263,SAFE
NODE_01,1.4897,0.8353,1.4909,WARNING
NODE_01,0.1145,0.1676,0.0807,SAFE
NODE_01,0.163,0.0403,0.0517,SAFE
NODE_01,0.2285,0.2428,0.0825,SAFE
NODE_01,0.2386,0.0127,0.0212,SAFE
NODE_01,0.0749,0.048,0.1568,SAFE
NODE_01,0.1491,0.1245,0.0314,SAFE
NODE_01,0.217,0.243,0.0044,SAFE
NODE_01,1.6594,0.3978,0.4003,WARNING
NODE_01,1.4035,1.0326,1.1579,WARNING
NODE_01,0.185,0.0924,0.0442,SAFE
NODE_01,0.0127,0.0117,0.0346,SAFE
NODE_01,0.0782,0.2146,0.0447,SAFE
NODE_01,10.6123,2.6613,5.4673,DANGER
NODE_01,0.1894,0.0885,0.1778,SAFE
NODE_01,2.1358,0.3928,0.5324,WARNING
NODE_01,0.5782,0.4118,1.7488,WARNING
NODE_01,0.1126,0.0492,0.0389,SAFE
NODE_01,10.0982,1.443,2.4415,DANGER
NODE_01,0.024,0.0883,0.0115,SAFE
NODE_01,0.0821,0.1609,0.1932,SAFE
NODE_01,0.0945,0.2073,0.1951,SAFE
NODE_01,0.1457,0.1294,0.1863,SAFE
NODE_01,0.2706,0.1272,0.1168,SAFE
NODE_01,0.1521,0.176,0.0136,SAFE
NODE_01,0.0053,0.2832,0.0237,SAFE
NODE_01,0.1621,0.1055,0.1516,SAFE
NODE_01,9.7983,3.6428,6.2822,DANGER
NODE_01,0.028,0.2162,0.0998,SAFE
NODE_01,0.1522,0.0678,0.1301,SAFE
NODE_01,0.0906,0.1547,0.1855,SAFE
NODE_01,1.4062,1.1938,0.8141,WARNING
NODE_01,2.9885,0.6547,1.349,WARNING
NODE_01,0.1239,0.2469,0.0791,SAFE
NODE_01,1.6594,0.7568,0.4767,WARNING
NODE_01,0.2925,0.2379,0.1055,SAFE
NODE_01,1.6892,1.0387,0.477,WARNING
NODE_01,0.1347,0.2653,0.0759,SAFE
NODE_01,0.2228,0.0469,0.0144,SAFE
NODE_01,0.1011,0.1334,0.1079,SAFE
NODE_01,0.2011,0.0957,0.091,SAFE
NODE_01,0.0974,0.1707,0.1092,SAFE
NODE_01,0.1868,0.1559,0.059,SAFE
NODE_01,1.8097,1.0589,0.4304,WARNING
NODE_01,8.8266,4.121,7.8658,DANGER
NODE_01,6.15,5.4786,5.5633,DANGER
NODE_01,2.4896,0.8249,0.7707,WARNING
NODE_01,12.0261,3.9228,6.6119,DANGER
NODE_01,0.7953,0.777,1.3117,WARNING
NODE_01,0.2437,0.2836,0.1607,SAFE
NODE_01,0.048,0.2703,0.1077,SAFE
NODE_01,0.0732,0.1821,0.0892,SAFE
NODE_01,0.0702,0.2803,0.0844,SAFE
NODE_01,2.1876,0.7813,1.4152,WARNING
NODE_01,0.0327,0.1914,0.1535,SAFE
NODE_01,14.2588,3.9555,3.7585,DANGER
NODE_01,1.9968,0.9124,0.5331,WARNING
NODE_01,0.074,0.2257,0.1451,SAFE
NODE_01,0.1122,0.1144,0.1195,SAFE
NODE_01,10.9793,4.0559,4.5469,DANGER
NODE_01,0.02,0.1519,0.0786,SAFE
NODE_01,0.1263,0.1421,0.0875,SAFE
NODE_01,1.9836,0.5808,1.3401,WARNING
NODE_01,9.8983,3.2262,4.5595,DANGER
NODE_01,0.1858,0.0661,0.0052,SAFE
NODE_01,0.0274,0.2461,0.1932,SAFE
NODE_01,0.2798,0.1516,0.061,SAFE
NODE_01,0.762,1.1707,0.942,WARNING
NODE_01,11.1271,3.5586,7.0204,DANGER
NODE_01,0.1465,0.1869,0.0594,SAFE
NODE_01,0.1867,0.0701,0.0494,SAFE
NODE_01,0.2843,0.1887,0.0048,SAFE
NODE_01,0.0733,0.231,0.1548,SAFE
NODE_01,0.1834,0.2441,0.1113,SAFE
NODE_01,0.2216,0.2316,0.0179,SAFE
NODE_01,0.0064,0.2833,0.078,SAFE
NODE_01,0.1457,0.0464,0.1071,SAFE
NODE_01,0.1332,0.1469,0.0076,SAFE
NODE_01,0.0312,0.071,0.1719,SAFE
NODE_01,0.2173,0.294,0.1051,SAFE
NODE_01,1.9434,0.5066,0.4851,WARNING
NODE_01,7.0832,4.6701,6.7122,DANGER
NODE_01,0.2724,0.0859,0.1568,SAFE
NODE_01,0.1988,0.1643,0.1453,SAFE
NODE_01,0.1666,0.1658,0.0797,SAFE
NODE_01,0.0825,0.2383,0.0196,SAFE
NODE_01,0.0819,0.0576,0.0361,SAFE
NODE_01,1.9188,0.6787,0.4522,WARNING
NODE_01,14.021,4.3745,4.0371,DANGER
NODE_01,0.146,0.2551,0.1212,SAFE
NODE_01,0.1337,0.1307,0.1198,SAFE
NODE_01,0.2139,0.0528,0.0784,SAFE
NODE_01,0.0516,0.2452,0.1477,SAFE
NODE_01,9.6741,1.9616,2.811,DANGER
NODE_01,0.1642,0.1757,0.0771,SAFE
NODE_01,0.2312,0.2846,0.0203,SAFE
NODE_01,0.2802,0.0535,0.0718,SAFE
NODE_01,6.9106,2.4231,5.0765,DANGER
NODE_01,2.9834,0.7374,1.2206,WARNING
NODE_01,0.0349,0.1288,0.0637,SAFE
NODE_01,0.1248,0.0894,0.1547,SAFE
NODE_01,0.7272,1.016,0.754,WARNING
NODE_01,0.0785,0.2915,0.1655,SAFE
NODE_01,0.0844,0.2911,0.1928,SAFE
NODE_01,0.9312,0.678,1.2856,WARNING
NODE_01,0.0441,0.1612,0.0201,SAFE
NODE_01,0.0985,0.2864,0.0942,SAFE
NODE_01,2.8558,0.6786,0.5564,WARNING
NODE_01,1.101,0.612,1.1246,WARNING
NODE_01,0.28,0.2209,0.1287,SAFE
NODE_01,0.2319,0.1159,0.1096,SAFE
NODE_01,0.1858,0.0584,0.0839,SAFE
NODE_01,0.1471,0.2026,0.0982,SAFE
NODE_01,0.0473,0.0265,0.1481,SAFE
NODE_01,9.5731,3.3515,5.6424,DANGER
NODE_01,8.4726,3.3029,7.0576,DANGER
NODE_01,6.271,3.8302,2.7406,DANGER
NODE_01,0.1785,0.037,0.1864,SAFE
NODE_01,3.2003,0.5548,0.7219,WARNING
NODE_01,0.1662,0.2651,0.1715,SAFE
NODE_01,0.1231,0.2643,0.1862,SAFE
NODE_01,3.2382,0.5753,1.0616,WARNING
NODE_01,0.198,0.1222,0.1863,SAFE
NODE_01,1.8798,0.978,1.0448,WARNING
NODE_01,0.2181,0.048,0.0316,SAFE
NODE_01,5.5979,4.2479,4.3333,DANGER
NODE_01,0.0114,0.1587,0.1331,SAFE
NODE_01,4.1773,4.5908,2.0575,DANGER
NODE_01,0.2719,0.0397,0.0374,SAFE
NODE_01,0.2076,0.1989,0.0837,SAFE
NODE_01,5.5231,4.2608,3.8966,DANGER
NODE_01,2.5708,1.1468,0.4355,WARNING
NODE_01,10.8102,1.5908,2.583,DANGER
NODE_01,0.251,0.0507,0.0608,SAFE
NODE_01,0.2861,0.0116,0.1557,SAFE
NODE_01,0.1717,0.1551,0.1281,SAFE
NODE_01,0.0179,0.2235,0.1581,SAFE
NODE_01,0.2543,0.0592,0.0602,SAFE
NODE_01,0.7379,0.4996,0.6366,WARNING
NODE_01,0.1144,0.2434,0.1382,SAFE
NODE_01,0.2454,0.097,0.148,SAFE
NODE_01,3.3436,0.7546,1.0411,WARNING
NODE_01,0.1853,0.0948,0.1215,SAFE
NODE_01,0.0492,0.0474,0.1981,SAFE
NODE_01,0.0054,0.1008,0.0177,SAFE
NODE_01,0.2023,0.1435,0.1385,SAFE
NODE_01,0.7397,0.3648,1.4575,WARNING
NODE_01,0.0215,0.1705,0.1445,SAFE
NODE_01,0.2302,0.2641,0.0341,SAFE
NODE_01,0.1952,0.2819,0.0507,SAFE
NODE_01,0.151,0.0152,0.088,SAFE
NODE_01,10.0859,2.4344,4.4776,DANGER
NODE_01,0.2575,0.1871,0.1314,SAFE
NODE_01,0.1845,0.146,0.1097,SAFE
NODE_01,0.2683,0.093,0.1344,SAFE
NODE_01,0.2285,0.1066,0.032,SAFE
NODE_01,0.2377,0.0669,0.1903,SAFE
NODE_01,0.2958,0.2177,0.0149,SAFE
NODE_01,0.1956,0.0738,0.0875,SAFE
NODE_01,2.7427,0.4754,1.235,WARNING
NODE_01,0.2326,0.1235,0.1222,SAFE
NODE_01,0.2289,0.1843,0.0598,SAFE
NODE_01,0.0531,0.0222,0.1096,SAFE
NODE_01,0.2498,0.0252,0.0104,SAFE
NODE_01,0.0517,0.103,0.1636,SAFE
NODE_01,0.1351,0.1676,0.126,SAFE
NODE_01,11.4908,4.4476,4.3926,DANGER
NODE_01,0.0517,0.162,0.0741,SAFE
NODE_01,0.0624,0.2449,0.115,SAFE
NODE_01,0.2368,0.067,0.006,SAFE
NODE_01,0.0982,0.1525,0.1315,SAFE
NODE_01,0.1301,0.2282,0.0957,SAFE
NODE_01,0.0084,0.1281,0.1048,SAFE
NODE_01,0.0092,0.042,0.156,SAFE
NODE_01,0.1323,0.0393,0.0459,SAFE
NODE_01,0.1502,0.042,0.099,SAFE
NODE_01,0.2326,0.0844,0.1903,SAFE
NODE_01,0.2906,0.1484,0.0178,SAFE
NODE_01,0.1448,0.1287,0.1187,SAFE
NODE_01,0.1148,0.0293,0.0597,SAFE
NODE_01,0.1265,0.0649,0.0601,SAFE
NODE_01,0.195,0.0535,0.0319,SAFE
NODE_01,0.0226,0.1212,0.1803,SAFE
NODE_01,0.194,0.1992,0.0456,SAFE
NODE_01,0.1383,0.1239,0.057,SAFE
NODE_01,2.879,0.8849,1.604,WARNING
NODE_01,10.6798,5.6431,4.6951,DANGER
NODE_01,14.7498,1.9295,5.1234,DANGER
NODE_01,0.2309,0.1151,0.1586,SAFE
NODE_01,0.2395,0.1478,0.0275,SAFE
NODE_01,0.211,0.293,0.1698,SAFE
NODE_01,0.1303,0.2153,0.1513,SAFE
NODE_01,0.2898,0.2815,0.1656,SAFE
NODE_01,0.043,0.1525,0.1574,SAFE
NODE_01,0.1663,0.1072,0.06,SAFE
NODE_01,0.1684,0.0606,0.0845,SAFE
NODE_01,2.5939,0.4601,1.1916,WARNING
NODE_01,0.198,0.1089,0.006,SAFE
NODE_01,0.2037,0.0214,0.129,SAFE
NODE_01,3.1649,0.8664,1.0639,WARNING
NODE_01,0.1683,0.2633,0.1841,SAFE
NODE_01,0.219,0.2601,0.1263,SAFE
NODE_01,0.1873,0.0777,0.0281,SAFE
NODE_01,0.2117,0.0164,0.008,SAFE
NODE_01,4.1019,5.5258,3.684,DANGER
NODE_01,0.1588,0.2303,0.1391,SAFE
NODE_01,0.0275,0.2428,0.0989,SAFE
NODE_01,0.0704,0.0479,0.0033,SAFE
NODE_01,1.0617,0.6892,1.4271,WARNING
NODE_01,0.2971,0.0543,0.0766,SAFE
NODE_01,0.283,0.0155,0.0101,SAFE
NODE_01,0.233,0.1355,0.1368,SAFE
NODE_01,2.4872,0.7249,0.7492,WARNING
NODE_01,0.2925,0.2179,0.1855,SAFE
NODE_01,0.1001,0.1326,0.1013,SAFE
NODE_01,0.0043,0.0256,0.1337,SAFE
NODE_01,3.4288,0.4746,1.293,WARNING
NODE_01,0.0299,0.0349,0.0593,SAFE
NODE_01,0.0201,0.0569,0.0659,SAFE
NODE_01,0.8292,0.5111,1.4254,WARNING
NODE_01,0.1393,0.1851,0.1783,SAFE
NODE_01,10.7518,1.7637,4.0973,DANGER
NODE_01,0.0534,0.0159,0.0932,SAFE
NODE_01,0.2517,0.1129,0.0997,SAFE
NODE_01,1.6242,0.8904,1.4605,WARNING
NODE_01,0.0539,0.1638,0.1926,SAFE
NODE_01,0.295,0.143,0.0026,SAFE
NODE_01,0.0227,0.2404,0.1096,SAFE
NODE_01,0.7509,1.1334,0.9549,WARNING
NODE_01,0.2106,0.2701,0.0714,SAFE
NODE_01,0.0594,0.1805,0.122,SAFE
NODE_01,0.2388,0.2389,0.0417,SAFE
NODE_01,0.1277,0.1672,0.0474,SAFE
NODE_01,0.2115,0.2117,0.1216,SAFE
NODE_01,0.2051,0.1371,0.0868,SAFE
NODE_01,6.126,4.3451,6.3496,DANGER
NODE_01,0.2709,0.2103,0.0865,SAFE
NODE_01,0.1405,0.0174,0.0443,SAFE
NODE_01,0.2019,0.1426,0.0409,SAFE
NODE_01,0.119,0.2126,0.1454,SAFE
NODE_01,1.3454,0.9541,1.1055,WARNING
NODE_01,0.0216,0.0222,0.0363,SAFE
NODE_01,2.4505,1.1979,1.286,WARNING
NODE_01,0.1297,0.294,0.0294,SAFE
NODE_01,0.189,0.0776,0.1062,SAFE
NODE_01,0.2507,0.1878,0.1864,SAFE
NODE_01,0.0867,0.285,0.1558,SAFE
NODE_01,0.2793,0.1219,0.0663,SAFE
NODE_01,2.2268,1.0213,1.6051,WARNING
NODE_01,0.2731,0.2251,0.1808,SAFE
NODE_01,2.3871,0.8892,1.33,WARNING
NODE_01,0.0231,0.2036,0.183,SAFE
NODE_01,3.4882,0.8747,0.6762,WARNING
NODE_01,7.8389,2.9698,5.5787,DANGER
NODE_01,0.238,0.0475,0.0274,SAFE
NODE_01,0.0734,0.0204,0.1265,SAFE
NODE_01,13.2708,3.69,2.1477,DANGER
NODE_01,0.2452,0.0705,0.1777,SAFE
NODE_01,0.1637,0.1435,0.0494,SAFE
NODE_01,0.9885,0.7854,1.1687,WARNING
NODE_01,0.157,0.1661,0.0969,SAFE
NODE_01,0.1336,0.073,0.0591,SAFE
NODE_01,0.0845,0.2716,0.038,SAFE
NODE_01,0.1324,0.2745,0.016,SAFE
NODE_01,0.07,0.1012,0.1611,SAFE
NODE_01,0.2276,0.2388,0.1118,SAFE
NODE_01,0.2578,0.0505,0.0448,SAFE
NODE_01,0.0067,0.0806,0.155,SAFE
NODE_01,1.3584,1.0158,0.6884,WARNING
NODE_01,0.0682,0.0243,0.1785,SAFE
NODE_01,0.1974,0.1593,0.0025,SAFE
NODE_01,0.1914,0.0165,0.1902,SAFE
NODE_01,0.0166,0.1535,0.0366,SAFE
NODE_01,11.3996,2.4668,3.3942,DANGER
NODE_01,0.2147,0.1374,0.1633,SAFE
NODE_01,0.1397,0.1188,0.024,SAFE
NODE_01,0.2125,0.021,0.1931,SAFE
NODE_01,0.7749,1.0188,1.2626,WARNING
NODE_01,2.616,1.1812,1.0253,WARNING
NODE_01,0.1429,0.0707,0.0509,SAFE
NODE_01,0.0275,0.0242,0.0181,SAFE
NODE_01,0.2961,0.063,0.0429,SAFE
NODE_01,9.7547,2.7927,4.1571,DANGER
NODE_01,0.0196,0.1769,0.1017,SAFE
NODE_01,0.8459,0.6093,1.1875,WARNING
NODE_01,0.2088,0.2633,0.0424,SAFE
NODE_01,0.1003,0.1387,0.1761,SAFE
NODE_01,1.6234,1.0987,1.3499,WARNING
NODE_01,0.2963,0.2516,0.1864,SAFE
NODE_01,0.1875,0.0767,0.0076,SAFE
NODE_01,0.1157,0.208,0.1506,SAFE
NODE_01,0.1272,0.1945,0.0777,SAFE
NODE_01,10.1659,4.7305,7.0574,DANGER
NODE_01,0.096,0.0227,0.1927,SAFE
NODE_01,1.1895,0.6965,1.2641,WARNING
NODE_01,0.1645,0.0278,0.1505,SAFE
NODE_01,0.1679,0.0459,0.0244,SAFE
NODE_01,0.2344,0.0258,0.1162,SAFE
NODE_01,0.0914,0.096,0.1715,SAFE
NODE_01,0.0283,0.1832,0.0881,SAFE
NODE_01,0.0254,0.2496,0.1902,SAFE
NODE_01,0.2061,0.0629,0.0266,SAFE
NODE_01,0.0954,0.148,0.0126,SAFE
NODE_01,0.1264,0.2934,0.0381,SAFE
NODE_01,0.1704,0.2272,0.0036,SAFE
NODE_01,0.0206,0.2481,0.0074,SAFE
NODE_01,0.1666,0.0137,0.1947,SAFE
NODE_01,0.15,0.1447,0.0981,SAFE
NODE_01,0.2965,0.2841,0.1901,SAFE
NODE_01,12.3259,5.2427,4.4661,DANGER
NODE_01,0.1318,0.0769,0.1289,SAFE
NODE_01,0.0166,0.0576,0.0849,SAFE
NODE_01,0.282,0.2096,0.0405,SAFE
NODE_01,0.2897,0.2396,0.1,SAFE
NODE_01,0.0889,0.2289,0.0174,SAFE
NODE_01,6.3477,4.647,5.9234,DANGER
NODE_01,0.1873,0.0984,0.1573,SAFE
NODE_01,0.2857,0.2673,0.1836,SAFE
NODE_01,9.3376,2.7345,7.123,DANGER
NODE_01,8.3431,3.6473,7.6848,DANGER
NODE_01,12.9126,2.4774,6.4869,DANGER
NODE_01,0.0613,0.1514,0.1434,SAFE
NODE_01,0.0679,0.1881,0.1174,SAFE
NODE_01,0.1456,0.159,0.1345,SAFE
NODE_01,0.1578,0.1433,0.0512,SAFE
NODE_01,0.1143,0.2478,0.1771,SAFE
NODE_01,2.9436,0.5439,1.7068,WARNING
NODE_01,0.0638,0.0233,0.1342,SAFE
NODE_01,0.1428,0.1278,0.1764,SAFE
NODE_01,0.1806,0.0876,0.1083,SAFE
NODE_01,3.1569,0.6125,1.2746,WARNING
NODE_01,0.2319,0.0917,0.155,SAFE
NODE_01,0.2175,0.0327,0.1035,SAFE
NODE_01,1.1226,0.8529,0.7602,WARNING
NODE_01,0.0564,0.2018,0.0257,SAFE
NODE_01,0.1198,0.1041,0.1033,SAFE
NODE_01,0.0503,0.2429,0.024,SAFE
NODE_01,2.8896,1.1099,1.269,WARNING
NODE_01,0.0103,0.0837,0.045,SAFE
NODE_01,0.0973,0.1065,0.1539,SAFE
NODE_01,0.2735,0.192,0.0645,SAFE
NODE_01,0.1737,0.1774,0.0255,SAFE
NODE_01,0.0895,0.2229,0.0765,SAFE
NODE_01,6.3768,4.9258,3.0535,DANGER
NODE_01,0.2091,0.2253,0.117,SAFE
NODE_01,0.228,0.0306,0.1809,SAFE
NODE_01,0.0642,0.0583,0.1035,SAFE
NODE_01,0.0955,0.1758,0.0651,SAFE
NODE_01,0.1702,0.0515,0.0651,SAFE
NODE_01,0.2197,0.0334,0.1617,SAFE
NODE_01,3.2263,0.4838,1.2844,WARNING
NODE_01,0.1824,0.2055,0.0493,SAFE
NODE_01,0.2289,0.0371,0.0077,SAFE
NODE_01,0.0303,0.2735,0.1375,SAFE
NODE_01,1.4981,0.7807,0.8709,WARNING
NODE_01,0.1045,0.0127,0.1642,SAFE
NODE_01,0.1251,0.0713,0.149,SAFE
NODE_01,0.1601,0.2952,0.1391,SAFE
NODE_01,0.2788,0.2492,0.0605,SAFE
NODE_01,3.1248,1.1973,0.7088,WARNING
NODE_01,0.1906,0.2576,0.0958,SAFE
NODE_01,2.1074,0.8671,0.8905,WARNING
NODE_01,1.2784,0.6502,0.465,WARNING
NODE_01,0.2546,0.2396,0.0168,SAFE
NODE_01,0.1822,0.1724,0.0487,SAFE
NODE_01,0.2224,0.2136,0.156,SAFE
NODE_01,2.5235,0.8942,0.8629,WARNING
NODE_01,0.2695,0.2019,0.075,SAFE
NODE_01,13.0875,1.3527,3.1345,DANGER
NODE_01,1.4793,0.4169,0.9314,WARNING
NODE_01,8.2736,2.6896,2.882,DANGER
NODE_01,0.0895,0.1399,0.094,SAFE
NODE_01,0.1899,0.1511,0.1501,SAFE
NODE_01,1.0145,0.6625,1.0958,WARNING
NODE_01,0.2695,0.2318,0.1665,SAFE
NODE_01,0.1646,0.1646,0.1088,SAFE
NODE_01,0.2937,0.2182,0.1465,SAFE
NODE_01,0.2191,0.1804,0.1069,SAFE
NODE_01,0.1246,0.2697,0.182,SAFE
NODE_01,0.2661,0.2765,0.1027,SAFE
NODE_01,0.0748,0.2714,0.0917,SAFE
NODE_01,0.1836,0.1925,0.1667,SAFE
NODE_01,0.024,0.1715,0.1993,SAFE
NODE_01,0.1487,0.0238,0.1138,SAFE
NODE_01,3.1604,0.8556,1.3745,WARNING
NODE_01,0.0625,0.1401,0.1498,SAFE
NODE_01,1.654,0.422,0.7137,WARNING
NODE_01,3.0337,0.4528,1.3123,WARNING
NODE_01,0.1764,0.0437,0.1742,SAFE
NODE_01,0.0869,0.0328,0.1792,SAFE
NODE_01,0.2142,0.1259,0.1548,SAFE
NODE_01,0.1561,0.1596,0.0892,SAFE
NODE_01,0.2035,0.0585,0.176,SAFE
NODE_01,0.1379,0.0553,0.154,SAFE
NODE_01,10.3845,5.4835,2.1312,DANGER
NODE_01,0.0048,0.2264,0.1861,SAFE
NODE_01,0.0226,0.157,0.1762,SAFE
NODE_01,0.1356,0.0742,0.0188,SAFE
NODE_01,0.0408,0.2047,0.0579,SAFE
NODE_01,0.0701,0.2444,0.0286,SAFE
NODE_01,0.0915,0.1557,0.1864,SAFE
NODE_01,3.1726,0.723,0.748,WARNING
NODE_01,0.0961,0.1649,0.1296,SAFE
NODE_01,0.0421,0.1554,0.0523,SAFE
NODE_01,4.3541,2.0886,4.2406,DANGER
NODE_01,2.2905,0.9977,1.3477,WARNING
NODE_01,0.1777,0.1053,0.0025,SAFE
NODE_01,10.0121,5.1922,4.8045,DANGER
NODE_01,0.1032,0.2884,0.1798,SAFE
NODE_01,0.2644,0.1216,0.1205,SAFE
NODE_01,7.3632,4.5862,3.127,DANGER
NODE_01,0.2151,0.1715,0.1823,SAFE
NODE_01,0.5108,1.1284,1.6011,WARNING
NODE_01,0.8364,0.5315,1.5918,WARNING
NODE_01,14.3211,5.2841,4.101,DANGER
NODE_01,0.0374,0.1039,0.1806,SAFE
NODE_01,7.808,2.0825,6.2084,DANGER
NODE_01,0.2306,0.296,0.0029,SAFE
NODE_01,0.1538,0.2344,0.1108,SAFE
NODE_01,0.0907,0.1738,0.0151,SAFE
NODE_01,5.3262,3.3265,5.9628,DANGER
NODE_01,2.4878,0.5586,0.6275,WARNING
NODE_01,0.1932,0.2414,0.0907,SAFE
NODE_01,2.489,0.5263,1.581,WARNING
NODE_01,0.2741,0.1108,0.1513,SAFE
NODE_01,7.1283,2.3983,2.4546,DANGER
NODE_01,0.2992,0.2243,0.1842,SAFE
NODE_01,0.2161,0.2352,0.0419,SAFE
NODE_01,0.2455,0.0109,0.1216,SAFE
NODE_01,0.0786,0.0867,0.1415,SAFE
NODE_01,0.0139,0.2045,0.1132,SAFE
NODE_01,11.1379,4.8422,5.6918,DANGER
NODE_01,7.3444,4.6808,2.053,DANGER
NODE_01,0.2266,0.1739,0.0868,SAFE
NODE_01,1.5814,0.4841,1.7668,WARNING
NODE_01,0.039,0.1959,0.1507,SAFE
NODE_01,4.5219,4.8238,3.6959,DANGER
NODE_01,0.1952,0.2177,0.0224,SAFE
NODE_01,1.8662,0.4402,1.1535,WARNING
NODE_01,3.4345,0.9338,0.8745,WARNING
NODE_01,0.2022,0.1137,0.0075,SAFE
NODE_01,0.1799,0.0115,0.0676,SAFE
NODE_01,0.1216,0.1404,0.082,SAFE
NODE_01,0.1982,0.2208,0.1102,SAFE
NODE_01,0.2233,0.1495,0.0991,SAFE
NODE_01,0.2963,0.1444,0.023,SAFE
NODE_01,0.1625,0.0231,0.0121,SAFE
NODE_01,9.8092,1.8811,3.0114,DANGER
NODE_01,0.1239,0.1262,0.0782,SAFE
NODE_01,0.2481,0.1292,0.1994,SAFE
NODE_01,0.1111,0.2977,0.1858,SAFE
NODE_01,0.6643,0.6377,1.2774,WARNING
NODE_01,7.3604,2.6103,6.2081,DANGER
NODE_01,0.0266,0.161,0.1496,SAFE
NODE_01,0.6915,0.4877,1.4991,WARNING
NODE_01,0.0165,0.0474,0.0319,SAFE
NODE_01,7.1606,5.4489,2.6722,DANGER
NODE_01,0.0694,0.134,0.0374,SAFE
NODE_01,0.0107,0.0603,0.182,SAFE
NODE_01,0.0725,0.0352,0.0282,SAFE
NODE_01,0.0173,0.1741,0.192,SAFE
NODE_01,0.0118,0.1063,0.1656,SAFE
NODE_01,0.2267,0.2194,0.144,SAFE
NODE_01,0.1758,0.2781,0.1197,SAFE
NODE_01,0.1781,0.056,0.0645,SAFE
NODE_01,0.0926,0.0466,0.0669,SAFE
NODE_01,9.8077,1.8503,3.2825,DANGER
NODE_01,0.2736,0.0601,0.0826,SAFE
NODE_01,0.0146,0.1321,0.0089,SAFE
NODE_01,2.5793,0.6132,1.462,WARNING
NODE_01,11.8778,3.9977,4.7275,DANGER
NODE_01,0.1898,0.267,0.0442,SAFE
NODE_01,3.195,0.5292,0.5747,WARNING
NODE_01,1.5319,0.5427,0.939,WARNING
NODE_01,0.2095,0.0399,0.1909,SAFE
NODE_01,0.079,0.1552,0.1804,SAFE
NODE_01,10.2658,3.6772,6.8976,DANGER
NODE_01,0.134,0.2069,0.0993,SAFE
NODE_01,1.372,0.5703,1.0712,WARNING
NODE_01,0.2033,0.2138,0.1627,SAFE
NODE_01,2.0796,0.5628,1.3002,WARNING
NODE_01,0.0445,0.2881,0.009,SAFE
NODE_01,13.0098,5.2176,4.4112,DANGER
NODE_01,0.8735,0.5115,1.5351,WARNING
NODE_01,0.1532,0.2084,0.0769,SAFE
NODE_01,13.8446,2.7246,3.5559,DANGER
NODE_01,0.0467,0.0905,0.1082,SAFE
NODE_01,0.1526,0.2481,0.0319,SAFE
NODE_01,0.5904,1.1163,0.8178,WARNING
NODE_01,1.6353,0.9875,1.3143,WARNING
NODE_01,0.0642,0.1371,0.1518,SAFE
NODE_01,4.8989,3.0612,6.4643,DANGER
NODE_01,0.2076,0.2976,0.0646,SAFE
NODE_01,0.2824,0.2812,0.0823,SAFE
NODE_01,12.727,3.1431,3.6954,DANGER
NODE_01,0.2785,0.1422,0.0883,SAFE
NODE_01,0.1754,0.1092,0.1482,SAFE
NODE_01,0.1247,0.1058,0.0055,SAFE
NODE_01,7.8899,1.5016,4.927,DANGER
NODE_01,8.1638,2.9632,7.5161,DANGER
NODE_01,0.059,0.0986,0.0843,SAFE
NODE_01,0.0578,0.298,0.085,SAFE
NODE_01,3.425,0.8488,0.4938,WARNING
NODE_01,0.8246,1.0281,0.968,WARNING
NODE_01,0.2143,0.2777,0.0789,SAFE
NODE_01,0.2823,0.1318,0.1795,SAFE
NODE_01,5.0331,2.8265,6.1295,DANGER
NODE_01,4.1392,2.3611,4.9101,DANGER
NODE_01,3.2359,0.6218,1.64,WARNING
NODE_01,0.2497,0.183,0.002,SAFE
NODE_01,0.0173,0.1235,0.1933,SAFE
NODE_01,0.2441,0.0345,0.1052,SAFE
NODE_01,0.1464,0.2882,0.0921,SAFE
NODE_01,0.2753,0.0708,0.0364,SAFE
NODE_01,0.2556,0.2643,0.0139,SAFE
NODE_01,0.1101,0.2138,0.1471,SAFE
NODE_01,0.2633,0.0337,0.1216,SAFE
NODE_01,0.1486,0.2154,0.0082,SAFE
NODE_01,0.0311,0.059,0.1173,SAFE
NODE_01,0.2877,0.0646,0.1971,SAFE
NODE_01,0.2856,0.2959,0.0147,SAFE
NODE_01,3.072,0.7007,0.8077,WARNING
NODE_01,0.2369,0.132,0.1451,SAFE
NODE_01,0.1474,0.0986,0.182,SAFE
NODE_01,2.0234,0.7541,0.7517,WARNING
NODE_01,0.2044,0.1876,0.1563,SAFE
NODE_01,2.6062,1.0065,0.6811,WARNING
NODE_01,10.3764,4.7236,5.1631,DANGER
NODE_01,2.0684,0.8131,1.3735,WARNING
NODE_01,8.9571,3.577,5.7307,DANGER
NODE_01,13.7147,1.5712,4.5954,DANGER
NODE_01,0.1067,0.0327,0.0787,SAFE
NODE_01,0.2655,0.0145,0.0746,SAFE
NODE_01,0.2145,0.2666,0.1822,SAFE
NODE_01,0.0194,0.0693,0.1033,SAFE
NODE_01,0.2422,0.0544,0.1347,SAFE
NODE_01,0.0726,0.0401,0.1747,SAFE
NODE_01,1.3834,0.8702,1.5977,WARNING
NODE_01,0.0353,0.2814,0.0394,SAFE
NODE_01,0.0082,0.119,0.1664,SAFE
NODE_01,0.1222,0.2524,0.1377,SAFE
NODE_01,0.111,0.036,0.0686,SAFE
NODE_01,0.2392,0.1065,0.136,SAFE
NODE_01,0.0568,0.1429,0.1742,SAFE
NODE_01,0.1135,0.1624,0.1663,SAFE
NODE_01,0.0449,0.0289,0.0884,SAFE
NODE_01,0.1744,0.0115,0.127,SAFE
NODE_01,2.9717,0.5993,1.1204,WARNING
NODE_01,0.1993,0.0409,0.0662,SAFE
NODE_01,0.0223,0.2815,0.1186,SAFE
NODE_01,0.1261,0.2956,0.0895,SAFE
NODE_01,2.7253,0.4192,0.4795,WARNING
NODE_01,2.6892,0.8383,0.4305,WARNING
NODE_01,2.4618,0.4751,0.6121,WARNING
NODE_01,0.1488,0.2269,0.0528,SAFE
NODE_01,0.5846,0.9271,1.2937,WARNING
NODE_01,0.1631,0.1603,0.1521,SAFE
NODE_01,0.2233,0.0942,0.0432,SAFE
NODE_01,1.8211,0.464,1.1853,WARNING
NODE_01,0.0804,0.2643,0.0859,SAFE
NODE_01,2.8366,0.5466,1.4569,WARNING
NODE_01,0.0128,0.2966,0.1607,SAFE
NODE_01,0.2487,0.0167,0.0845,SAFE
NODE_01,1.4013,0.8406,0.7262,WARNING
NODE_01,0.1059,0.2025,0.1098,SAFE
NODE_01,1.4475,1.0988,1.5982,WARNING
NODE_01,0.1372,0.1023,0.0277,SAFE
NODE_01,0.2462,0.0821,0.0659,SAFE
NODE_01,0.133,0.0392,0.1417,SAFE
NODE_01,0.0733,0.0872,0.1039,SAFE
NODE_01,0.0104,0.0127,0.1402,SAFE
NODE_01,5.4393,5.9678,2.4712,DANGER
NODE_01,0.0215,0.0783,0.1594,SAFE
NODE_01,0.1896,0.2915,0.0362,SAFE
NODE_01,0.0036,0.1911,0.1687,SAFE
NODE_01,0.1131,0.2171,0.1834,SAFE
NODE_01,1.1001,0.7448,0.8979,WARNING
NODE_01,14.5494,3.099,6.6371,DANGER
NODE_01,0.117,0.1341,0.1252,SAFE
NODE_01,3.0372,0.7653,0.6238,WARNING
NODE_01,1.9114,0.4273,1.2113,WARNING
NODE_01,0.1009,0.1725,0.1283,SAFE
NODE_01,8.3307,1.7417,2.9525,DANGER
NODE_01,0.1473,0.2715,0.0123,SAFE
NODE_01,0.0154,0.0833,0.1281,SAFE
NODE_01,3.1728,0.7131,1.5415,WARNING
NODE_01,0.2007,0.223,0.1432,SAFE
NODE_01,0.1254,0.1598,0.0948,SAFE
NODE_01,6.1942,2.2977,6.6485,DANGER
NODE_01,0.0623,0.273,0.1267,SAFE
NODE_01,0.8076,0.8572,1.1342,WARNING
NODE_01,9.7926,3.9477,5.0592,DANGER
NODE_01,3.2597,0.673,0.8562,WARNING
NODE_01,0.0168,0.1739,0.124,SAFE
NODE_01,7.5521,4.9943,5.4435,DANGER
NODE_01,0.031,0.1085,0.0795,SAFE
NODE_01,0.2874,0.0987,0.0864,SAFE
NODE_01,0.2202,0.2003,0.0071,SAFE
NODE_01,7.5308,2.9351,3.4077,DANGER
NODE_01,0.1521,0.1457,0.1362,SAFE
NODE_01,0.158,0.1223,0.1373,SAFE
NODE_01,1.5064,0.6308,1.6797,WARNING
NODE_01,0.2405,0.2195,0.048,SAFE
NODE_01,0.1864,0.1965,0.0148,SAFE
NODE_01,0.089,0.2074,0.1564,SAFE
NODE_01,7.3857,1.706,2.5942,DANGER
NODE_01,0.8815,1.1173,0.8531,WARNING
NODE_01,2.22,0.3645,0.603,WARNING
NODE_01,0.1343,0.1698,0.0799,SAFE
NODE_01,0.1081,0.1321,0.1183,SAFE
NODE_01,0.1011,0.2822,0.0308,SAFE
NODE_01,3.1378,0.5337,1.4301,WARNING
NODE_01,0.2925,0.0536,0.1754,SAFE
NODE_01,3.4088,1.0155,1.1752,WARNING
NODE_01,0.0978,0.1194,0.0392,SAFE
NODE_01,0.0502,0.1499,0.0808,SAFE
NODE_01,0.2933,0.2344,0.1795,SAFE
NODE_01,0.1842,0.1915,0.1231,SAFE
NODE_01,0.1769,0.1821,0.0318,SAFE
NODE_01,0.0606,0.0373,0.1305,SAFE
NODE_01,0.0325,0.1553,0.0587,SAFE
NODE_01,1.2196,0.5129,0.5965,WARNING
NODE_01,2.173,0.968,1.0528,WARNING
NODE_01,1.5212,0.729,1.4355,WARNING
NODE_01,2.6006,0.3669,0.7609,WARNING
NODE_01,0.0747,0.064,0.1581,SAFE
NODE_01,13.2575,4.5881,2.8663,DANGER
NODE_01,0.0468,0.1809,0.1308,SAFE
NODE_01,0.1255,0.2127,0.1624,SAFE
NODE_01,1.5395,1.108,1.2456,WARNING
NODE_01,0.2095,0.2885,0.1649,SAFE
NODE_01,0.0277,0.1827,0.0989,SAFE
NODE_01,1.4153,0.7183,0.5856,WARNING
NODE_01,0.644,0.892,0.8973,WARNING
NODE_01,6.8464,5.9144,2.6897,DANGER
NODE_01,0.2212,0.041,0.112,SAFE
NODE_01,0.0421,0.1027,0.0596,SAFE
NODE_01,0.2594,0.0403,0.0137,SAFE
NODE_01,0.2093,0.2202,0.0743,SAFE
NODE_01,0.1372,0.2269,0.0761,SAFE
NODE_01,0.2301,0.0608,0.1122,SAFE
NODE_01,2.1504,0.7389,0.7898,WARNING
NODE_01,0.165,0.2621,0.1004,SAFE
NODE_01,0.2315,0.0171,0.0953,SAFE
NODE_01,0.2292,0.2761,0.0551,SAFE
NODE_01,0.2674,0.2033,0.0833,SAFE
NODE_01,0.174,0.2391,0.1891,SAFE
NODE_01,0.2018,0.0832,0.1203,SAFE
NODE_01,0.2059,0.2737,0.0943,SAFE
NODE_01,0.2809,0.19,0.195,SAFE
NODE_01,0.0819,0.0107,0.1255,SAFE
NODE_01,0.0607,0.0216,0.1318,SAFE
NODE_01,0.1212,0.0243,0.1793,SAFE
NODE_01,0.2727,0.05,0.0229,SAFE
NODE_01,0.2542,0.0936,0.0438,SAFE
NODE_01,0.2004,0.2601,0.1452,SAFE
NODE_01,0.1514,0.0519,0.1337,SAFE
NODE_01,0.0165,0.2155,0.0464,SAFE
NODE_01,0.2464,0.0964,0.1795,SAFE
NODE_01,2.1725,0.8426,0.8274,WARNING
NODE_01,0.1461,0.2971,0.1931,SAFE
NODE_01,0.0817,0.1787,0.1138,SAFE
NODE_01,0.0462,0.0658,0.1878,SAFE
NODE_01,1.3027,0.9231,0.7915,WARNING
NODE_01,0.1227,0.1464,0.0987,SAFE
NODE_01,0.036,0.0559,0.0496,SAFE
NODE_01,0.2467,0.076,0.089,SAFE
NODE_01,0.1166,0.0801,0.1423,SAFE
NODE_01,0.1009,0.0151,0.0393,SAFE
NODE_01,0.076,0.1166,0.1328,SAFE
NODE_01,0.0787,0.0966,0.0617,SAFE
NODE_01,2.5796,0.5333,1.1411,WARNING
NODE_01,0.2321,0.2446,0.0169,SAFE
NODE_01,5.0189,5.4735,6.7819,DANGER
NODE_01,9.6012,2.2527,4.8493,DANGER
NODE_01,0.0841,0.0612,0.0878,SAFE
NODE_01,0.2633,0.0945,0.1582,SAFE
NODE_01,0.1106,0.0756,0.0167,SAFE
NODE_01,3.2124,0.5054,1.7417,WARNING
NODE_01,0.0369,0.0108,0.1842,SAFE
NODE_01,0.1817,0.2996,0.1887,SAFE
NODE_01,0.1668,0.0722,0.0828,SAFE
NODE_01,0.0953,0.2922,0.0836,SAFE
NODE_01,0.2286,0.0154,0.0161,SAFE
NODE_01,0.286,0.2579,0.1175,SAFE
NODE_01,0.1229,0.0723,0.1774,SAFE
NODE_01,0.2422,0.1749,0.0379,SAFE
NODE_01,0.0855,0.1613,0.0631,SAFE
NODE_01,0.0183,0.1474,0.1525,SAFE
NODE_01,0.2455,0.276,0.0658,SAFE
NODE_01,0.2805,0.2343,0.1323,SAFE
NODE_01,0.1951,0.0204,0.0086,SAFE
NODE_01,1.0728,1.0125,0.7927,WARNING
NODE_01,0.2309,0.2537,0.155,SAFE
NODE_01,7.2765,5.6427,3.6663,DANGER
NODE_01,3.4231,1.1793,0.6152,WARNING
NODE_01,1.5111,0.8318,1.4289,WARNING
NODE_01,0.0728,0.2058,0.0716,SAFE
NODE_01,13.05,3.1049,5.8907,DANGER
NODE_01,0.0836,0.11,0.1667,SAFE
NODE_01,0.0545,0.0123,0.0756,SAFE
NODE_01,0.0145,0.1975,0.0231,SAFE
NODE_01,0.1523,0.0788,0.0067,SAFE
NODE_01,0.0896,0.0132,0.1322,SAFE
NODE_01,0.044,0.0269,0.0423,SAFE
NODE_01,0.1864,0.1252,0.1495,SAFE
NODE_01,0.1271,0.0456,0.1012,SAFE
NODE_01,0.2874,0.1833,0.1854,SAFE
NODE_01,0.298,0.2681,0.1189,SAFE
NODE_01,0.1779,0.096,0.1912,SAFE
NODE_01,1.8492,0.6075,0.8363,WARNING
NODE_01,11.0938,2.2663,6.3914,DANGER
NODE_01,1.958,1.093,0.4377,WARNING
NODE_01,0.0595,0.2991,0.1635,SAFE
NODE_01,11.7643,5.1887,3.6028,DANGER
NODE_01,0.0392,0.0167,0.0578,SAFE
NODE_01,4.3947,3.2613,4.1609,DANGER
NODE_01,0.2279,0.0939,0.0381,SAFE
NODE_01,0.266,0.1591,0.0533,SAFE
NODE_01,0.1611,0.1535,0.0434,SAFE
NODE_01,2.4251,0.76,1.6264,WARNING
NODE_01,4.6493,3.9946,3.2315,DANGER
NODE_01,0.7771,1.0976,1.6991,WARNING
NODE_01,0.076,0.1476,0.0206,SAFE
NODE_01,1.2057,0.8475,1.101,WARNING
NODE_01,0.195,0.0182,0.0586,SAFE
NODE_01,2.7636,0.5222,1.5319,WARNING
NODE_01,0.2066,0.1635,0.1442,SAFE
NODE_01,0.1293,0.2696,0.0073,SAFE
NODE_01,0.2197,0.2266,0.0474,SAFE
NODE_01,0.2163,0.1301,0.1563,SAFE
NODE_01,0.2689,0.0455,0.0749,SAFE
NODE_01,0.1034,0.1024,0.0823,SAFE
NODE_01,2.8251,0.5572,0.8997,WARNING
NODE_01,2.4594,0.3514,1.247,WARNING
NODE_01,0.2006,0.2765,0.1035,SAFE
NODE_01,0.0409,0.0133,0.1056,SAFE
NODE_01,0.1935,0.2216,0.087,SAFE
NODE_01,2.2588,1.1756,1.2883,WARNING
NODE_01,4.9101,4.4281,6.9023,DANGER
NODE_01,0.2017,0.1867,0.0546,SAFE
NODE_01,0.2569,0.0321,0.1885,SAFE
NODE_01,0.2649,0.2504,0.1589,SAFE
NODE_01,2.6316,1.0025,1.3601,WARNING
NODE_01,2.1897,0.5553,1.6112,WARNING
NODE_01,0.2063,0.2178,0.1856,SAFE
NODE_01,0.187,0.2264,0.1706,SAFE
NODE_01,0.1534,0.1464,0.0987,SAFE
NODE_01,8.2452,3.7668,4.1357,DANGER
NODE_01,0.2315,0.0712,0.0695,SAFE
NODE_01,7.1092,2.6515,7.3932,DANGER
NODE_01,0.2419,0.08,0.0576,SAFE
NODE_01,0.2835,0.2134,0.0311,SAFE
NODE_01,0.054,0.2361,0.1595,SAFE
NODE_01,0.1222,0.0724,0.1401,SAFE
NODE_01,1.2213,0.6425,1.5666,WARNING
NODE_01,0.521,0.4155,1.4654,WARNING
NODE_01,0.0428,0.2888,0.0896,SAFE
NODE_01,0.2786,0.26,0.0916,SAFE
NODE_01,0.1947,0.0741,0.1015,SAFE
NODE_01,5.9386,2.7219,7.8735,DANGER
NODE_01,0.2069,0.1409,0.0854,SAFE
NODE_01,4.2156,1.9967,7.8707,DANGER
NODE_01,0.2802,0.1988,0.1579,SAFE
NODE_01,0.0503,0.174,0.1851,SAFE
NODE_01,0.0101,0.284,0.0396,SAFE
NODE_01,0.1914,0.1538,0.0509,SAFE
NODE_01,10.3343,2.9878,6.0062,DANGER
NODE_01,0.53,0.3768,0.6913,WARNING
NODE_01,0.0412,0.187,0.1576,SAFE
NODE_01,0.073,0.2379,0.1558,SAFE
NODE_01,0.0625,0.0343,0.0146,SAFE
NODE_01,0.2518,0.1983,0.0354,SAFE
NODE_01,0.1186,0.2691,0.1593,SAFE
NODE_01,0.2328,0.1629,0.0775,SAFE
NODE_01,0.2746,0.0658,0.0071,SAFE
NODE_01,0.0573,0.031,0.0058,SAFE
NODE_01,0.1523,0.081,0.0571,SAFE
NODE_01,0.289,0.1069,0.0438,SAFE
NODE_01,0.1169,0.1218,0.055,SAFE
NODE_01,0.2399,0.2219,0.1308,SAFE
NODE_01,1.5997,0.673,1.1882,WARNING
NODE_01,0.006,0.2072,0.062,SAFE
NODE_01,0.028,0.1563,0.1737,SAFE
NODE_01,0.125,0.1876,0.017,SAFE
NODE_01,0.2528,0.1765,0.0058,SAFE
NODE_01,14.5002,5.9,3.8259,DANGER
NODE_01,0.1683,0.2922,0.0095,SAFE
NODE_01,0.0274,0.0285,0.0692,SAFE
NODE_01,2.618,0.8482,0.7532,WARNING
NODE_01,0.2216,0.077,0.0145,SAFE
NODE_01,2.9318,0.8781,1.5939,WARNING
NODE_01,0.019,0.2977,0.1475,SAFE
NODE_01,1.5721,0.6322,0.6938,WARNING
NODE_01,0.1397,0.2214,0.1669,SAFE
NODE_01,0.2057,0.1718,0.1435,SAFE
NODE_01,0.1653,0.1166,0.1541,SAFE
NODE_01,0.1594,0.1556,0.0599,SAFE
NODE_01,0.0283,0.2241,0.1308,SAFE
NODE_01,0.0563,0.181,0.0265,SAFE
NODE_01,0.2677,0.2848,0.0013,SAFE
NODE_01,2.8399,0.387,1.3438,WARNING
NODE_01,1.8988,0.7553,0.4678,WARNING
NODE_01,0.0684,0.0196,0.1811,SAFE
NODE_01,0.2374,0.0878,0.005,SAFE
NODE_01,0.173,0.164,0.1693,SAFE
NODE_01,10.1126,1.4075,7.2486,DANGER
NODE_01,0.0802,0.2881,0.0165,SAFE
NODE_01,0.0123,0.1894,0.11,SAFE
NODE_01,0.291,0.0211,0.1987,SAFE
NODE_01,0.2141,0.2623,0.0334,SAFE
NODE_01,0.0615,0.1918,0.027,SAFE
NODE_01,0.7827,1.1841,1.3004,WARNING
NODE_01,0.0466,0.0457,0.162,SAFE
NODE_01,0.2089,0.159,0.0164,SAFE
NODE_01,1.8594,0.3761,0.5285,WARNING
NODE_01,0.1185,0.0419,0.0027,SAFE
NODE_01,3.3546,1.0432,1.7816,WARNING
NODE_01,0.1124,0.2615,0.1717,SAFE
NODE_01,0.1663,0.1445,0.0342,SAFE
NODE_01,12.5118,4.1986,2.5408,DANGER
NODE_01,0.0884,0.2397,0.1382,SAFE
NODE_01,1.5441,1.1682,1.5648,WARNING
NODE_01,7.8951,2.237,5.0465,DANGER
NODE_01,0.2866,0.1593,0.0275,SAFE
NODE_01,11.5744,4.148,3.9418,DANGER
NODE_01,0.1289,0.0254,0.1226,SAFE
NODE_01,0.2494,0.1681,0.0316,SAFE
NODE_01,1.2869,0.5242,0.8327,WARNING
NODE_01,1.3526,1.1786,1.3779,WARNING
NODE_01,0.2411,0.1441,0.0739,SAFE
NODE_01,14.5696,5.3661,6.5524,DANGER
NODE_01,0.1419,0.2228,0.0963,SAFE
NODE_01,1.4757,0.6406,0.9797,WARNING
NODE_01,1.9921,0.5541,1.3889,WARNING
NODE_01,0.2022,0.0319,0.0186,SAFE
NODE_01,0.1814,0.2254,0.1703,SAFE
NODE_01,0.1998,0.0201,0.1955,SAFE
NODE_01,0.194,0.2338,0.0562,SAFE
NODE_01,0.0333,0.2836,0.101,SAFE
NODE_01,0.1806,0.1677,0.0674,SAFE
NODE_01,0.202,0.1603,0.1762,SAFE
NODE_01,0.9878,0.5157,1.1508,WARNING
NODE_01,0.279,0.1724,0.1552,SAFE
NODE_01,0.0732,0.1514,0.0238,SAFE
NODE_01,0.0567,0.1709,0.0516,SAFE
NODE_01,0.1088,0.0937,0.0468,SAFE
NODE_01,1.7129,1.0943,0.9423,WARNING
NODE_01,0.2105,0.1956,0.1829,SAFE
NODE_01,11.8677,3.8517,5.1241,DANGER
NODE_01,12.5826,2.9525,6.046,DANGER
NODE_01,0.5181,0.4325,1.7477,WARNING
NODE_01,3.0844,0.4439,0.4267,WARNING
NODE_01,0.1242,0.1396,0.0454,SAFE
NODE_01,5.6445,3.1597,3.5107,DANGER
NODE_01,13.084,2.3241,7.5279,DANGER
NODE_01,0.0901,0.1464,0.0239,SAFE
NODE_01,0.0387,0.0943,0.1074,SAFE
NODE_01,0.1482,0.1446,0.0871,SAFE
NODE_01,0.8034,0.9183,1.438,WARNING
NODE_01,0.2081,0.0245,0.0832,SAFE
NODE_01,0.1031,0.2404,0.1152,SAFE
NODE_01,14.7603,4.7314,6.7569,DANGER
NODE_01,0.0477,0.1623,0.0468,SAFE
NODE_01,3.3413,0.6022,0.7097,WARNING
NODE_01,0.1712,0.2828,0.1578,SAFE
NODE_01,0.8717,0.9796,0.4674,WARNING
NODE_01,0.1349,0.0537,0.1296,SAFE
NODE_01,0.1859,0.1393,0.1206,SAFE
NODE_01,0.0029,0.1089,0.0817,SAFE
NODE_01,0.1053,0.0435,0.0328,SAFE
NODE_01,0.0969,0.1268,0.1429,SAFE
NODE_01,0.2991,0.1533,0.1978,SAFE
NODE_01,0.1427,0.2725,0.0894,SAFE
NODE_01,0.0362,0.1142,0.074,SAFE
NODE_01,0.0488,0.0942,0.124,SAFE
NODE_01,7.5473,3.0746,6.3284,DANGER
NODE_01,1.4091,0.9811,0.4003,WARNING
NODE_01,2.0111,0.902,1.4167,WARNING
NODE_01,0.1605,0.1658,0.1645,SAFE
NODE_01,0.2083,0.1186,0.0099,SAFE
NODE_01,7.1753,5.0925,2.2935,DANGER
NODE_01,0.1864,0.086,0.1038,SAFE
NODE_01,0.103,0.1647,0.0111,SAFE
NODE_01,0.0154,0.1192,0.1002,SAFE
NODE_01,0.1651,0.2521,0.1626,SAFE
NODE_01,2.4917,0.8809,0.7855,WARNING
NODE_01,0.1478,0.0464,0.1942,SAFE
NODE_01,0.0087,0.0374,0.006,SAFE
NODE_01,0.2797,0.0118,0.1582,SAFE
NODE_01,0.2484,0.0915,0.0566,SAFE
NODE_01,2.1785,0.506,1.1795,WARNING
NODE_01,0.0569,0.2587,0.1534,SAFE
NODE_01,0.0704,0.1313,0.1075,SAFE
NODE_01,5.6785,3.7238,6.9634,DANGER
NODE_01,0.1542,0.2573,0.0264,SAFE
NODE_01,0.2319,0.2141,0.1312,SAFE
NODE_01,0.2414,0.1259,0.0134,SAFE
NODE_01,0.2003,0.083,0.1813,SAFE
NODE_01,1.8408,0.7416,1.619,WARNING
NODE_01,0.7508,0.6284,0.8601,WARNING
NODE_01,0.0207,0.2868,0.0192,SAFE
NODE_01,0.0724,0.2056,0.1193,SAFE
NODE_01,0.1235,0.1427,0.0549,SAFE
NODE_01,2.2273,0.4691,1.734,WARNING
NODE_01,0.0938,0.0578,0.1757,SAFE
NODE_01,9.7578,3.116,4.3093,DANGER
NODE_01,0.175,0.2401,0.1287,SAFE
NODE_01,3.2185,0.8252,1.1248,WARNING
NODE_01,0.1509,0.0239,0.0902,SAFE
NODE_01,1.8821,0.6864,0.7279,WARNING
NODE_01,0.2833,0.0767,0.0209,SAFE
NODE_01,0.0656,0.1414,0.0349,SAFE
NODE_01,0.1887,0.0472,0.1058,SAFE
NODE_01,0.0262,0.1002,0.124,SAFE
NODE_01,0.0041,0.171,0.029,SAFE
NODE_01,10.9631,4.6861,2.3709,DANGER
NODE_01,0.067,0.249,0.024,SAFE
NODE_01,0.084,0.155,0.0725,SAFE
NODE_01,0.2571,0.0222,0.0918,SAFE
NODE_01,0.2157,0.199,0.1558,SAFE
NODE_01,0.1515,0.0222,0.1289,SAFE
NODE_01,6.0605,2.0517,3.6183,DANGER
NODE_01,0.1994,0.2644,0.1974,SAFE
NODE_01,0.05,0.1361,0.0692,SAFE
NODE_01,0.0165,0.2277,0.0034,SAFE
NODE_01,0.0711,0.066,0.0726,SAFE
NODE_01,0.0753,0.0173,0.1551,SAFE
NODE_01,2.9298,0.6212,1.2867,WARNING
NODE_01,0.0647,0.2025,0.0133,SAFE
NODE_01,0.1271,0.1981,0.0492,SAFE
NODE_01,0.0035,0.0799,0.0675,SAFE
NODE_01,0.0129,0.0371,0.1896,SAFE
NODE_01,0.1894,0.2677,0.1016,SAFE
NODE_01,0.1353,0.2612,0.1382,SAFE
NODE_01,0.1791,0.0721,0.1494,SAFE
NODE_01,0.0914,0.2762,0.076,SAFE
NODE_01,0.2051,0.0971,0.0137,SAFE
NODE_01,0.1483,0.2624,0.1458,SAFE
NODE_01,0.2738,0.1896,0.0883,SAFE
NODE_01,0.296,0.0647,0.1616,SAFE
NODE_01,0.0083,0.019,0.0896,SAFE
NODE_01,0.0137,0.2273,0.1035,SAFE
NODE_01,0.0531,0.0217,0.1773,SAFE
NODE_01,0.2782,0.1313,0.1338,SAFE
NODE_01,0.1899,0.1507,0.123,SAFE
NODE_01,0.078,0.2483,0.1415,SAFE
NODE_01,10.4788,2.5905,3.5613,DANGER
NODE_01,0.5817,0.7824,0.5686,WARNING
NODE_01,0.2799,0.2862,0.1264,SAFE
NODE_01,0.2586,0.2666,0.1431,SAFE
NODE_01,0.1136,0.1219,0.1066,SAFE
NODE_01,2.1438,0.5513,1.7793,WARNING
NODE_01,0.2349,0.0144,0.1675,SAFE
NODE_01,0.0465,0.2437,0.0165,SAFE
NODE_01,0.1057,0.0587,0.0815,SAFE
NODE_01,1.8885,0.7743,1.1599,WARNING
NODE_01,0.116,0.1613,0.1472,SAFE
NODE_01,0.1495,0.0742,0.1106,SAFE
NODE_01,0.0817,0.1116,0.1767,SAFE
NODE_01,0.1506,0.0708,0.018,SAFE
NODE_01,2.4408,0.7399,0.5304,WARNING
NODE_01,0.2412,0.0589,0.1965,SAFE
NODE_01,0.0917,0.0738,0.1537,SAFE
NODE_01,0.1262,0.1601,0.162,SAFE
NODE_01,0.0064,0.0287,0.1001,SAFE
NODE_01,0.1605,0.1829,0.0764,SAFE
NODE_01,0.1307,0.123,0.0852,SAFE
NODE_01,0.0853,0.134,0.1486,SAFE
NODE_01,14.293,1.8773,3.2847,DANGER
NODE_01,0.0487,0.2119,0.1495,SAFE
NODE_01,0.0542,0.0295,0.0468,SAFE
NODE_01,0.2394,0.0981,0.1423,SAFE
NODE_01,0.0757,0.2891,0.0973,SAFE
NODE_01,0.0496,0.0861,0.1906,SAFE
NODE_01,6.0316,3.0183,7.8444,DANGER
NODE_01,1.2571,0.9686,1.3052,WARNING
NODE_01,0.0754,0.0787,0.1446,SAFE
NODE_01,0.1754,0.1168,0.009,SAFE
NODE_01,0.2928,0.2878,0.182,SAFE
NODE_01,0.1257,0.2723,0.1316,SAFE
NODE_01,2.5636,1.0142,1.2507,WARNING
NODE_01,7.5016,3.2643,6.1017,DANGER
NODE_01,0.156,0.1412,0.1147,SAFE
NODE_01,0.0757,0.0483,0.0726,SAFE
NODE_01,2.5155,0.5327,0.4427,WARNING
NODE_01,0.2445,0.1808,0.0616,SAFE
NODE_01,0.2173,0.0857,0.1456,SAFE
NODE_01,3.3325,0.8373,0.8591,WARNING
NODE_01,0.1954,0.1441,0.1671,SAFE
NODE_01,0.2831,0.2704,0.1919,SAFE
NODE_01,0.2147,0.282,0.0718,SAFE
NODE_01,0.1943,0.0724,0.0532,SAFE
NODE_01,0.1861,0.2511,0.0695,SAFE
NODE_01,0.2146,0.1223,0.1291,SAFE
NODE_01,0.2602,0.2507,0.0034,SAFE
NODE_01,0.1259,0.072,0.0774,SAFE
NODE_01,0.0968,0.0599,0.1355,SAFE
NODE_01,0.2295,0.1266,0.0116,SAFE
NODE_01,0.1581,0.0694,0.1946,SAFE
NODE_01,0.174,0.0243,0.0982,SAFE
NODE_01,2.285,0.6052,0.6068,WARNING
NODE_01,1.8556,1.1063,1.0429,WARNING
NODE_01,0.167,0.0128,0.0561,SAFE
NODE_01,0.1355,0.2096,0.0195,SAFE
NODE_01,0.1774,0.2693,0.0307,SAFE
NODE_01,0.0761,0.2003,0.0052,SAFE
NODE_01,2.5603,0.9193,0.6327,WARNING
NODE_01,0.0344,0.0626,0.024,SAFE
NODE_01,0.025,0.1317,0.1884,SAFE
NODE_01,3.0393,0.7189,0.6949,WARNING
NODE_01,0.0499,0.0146,0.1717,SAFE
NODE_01,0.2127,0.1158,0.1108,SAFE
NODE_01,0.2607,0.259,0.1513,SAFE
NODE_01,0.0049,0.0847,0.0025,SAFE
NODE_01,0.2629,0.2623,0.0297,SAFE
NODE_01,1.7745,0.5755,1.1356,WARNING
NODE_01,0.2729,0.2855,0.0214,SAFE
NODE_01,2.5519,0.8336,0.5138,WARNING
NODE_01,0.2826,0.2462,0.0644,SAFE
NODE_01,0.291,0.2619,0.0894,SAFE
NODE_01,2.2172,0.4334,0.4854,WARNING
NODE_01,2.1121,1.09,0.5284,WARNING
NODE_01,8.5585,1.4707,5.0425,DANGER
NODE_01,2.456,1.1824,0.6948,WARNING
NODE_01,0.0982,0.0767,0.0931,SAFE
NODE_01,0.2216,0.251,0.1688,SAFE
NODE_01,0.0552,0.1177,0.1039,SAFE
NODE_01,0.1815,0.1379,0.1495,SAFE
NODE_01,2.9579,0.623,1.6596,WARNING
NODE_01,0.2679,0.2093,0.1848,SAFE
NODE_01,8.4628,2.8356,7.2124,DANGER
NODE_01,0.1222,0.2702,0.1246,SAFE
NODE_01,0.2328,0.1189,0.0115,SAFE
NODE_01,0.5649,0.8921,1.0926,WARNING
NODE_01,0.1742,0.0837,0.0326,SAFE
NODE_01,0.1339,0.1524,0.1744,SAFE
NODE_01,0.0121,0.1125,0.1294,SAFE
NODE_01,1.5778,0.4047,1.019,WARNING
NODE_01,2.8711,0.967,0.8866,WARNING
NODE_01,2.7458,0.6066,0.4695,WARNING
NODE_01,3.1704,0.9996,0.4153,WARNING
NODE_01,0.1616,0.0601,0.088,SAFE
NODE_01,0.2432,0.1629,0.058,SAFE
NODE_01,2.0786,1.1952,0.9046,WARNING
NODE_01,0.2407,0.2578,0.1675,SAFE
NODE_01,0.947,1.1081,0.4965,WARNING
NODE_01,0.0264,0.1042,0.1466,SAFE
NODE_01,0.1513,0.1383,0.1413,SAFE
NODE_01,0.7469,0.6683,1.162,WARNING
NODE_01,0.0876,0.2189,0.1661,SAFE
NODE_01,0.1179,0.1459,0.0059,SAFE
NODE_01,0.1988,0.2934,0.1067,SAFE
NODE_01,0.1884,0.1909,0.1746,SAFE
NODE_01,0.2842,0.018,0.0396,SAFE
NODE_01,0.1181,0.2308,0.1442,SAFE
NODE_01,0.1042,0.0451,0.1853,SAFE
NODE_01,0.2547,0.0715,0.067,SAFE
NODE_01,8.7377,2.4514,3.4318,DANGER
NODE_01,0.1663,0.1466,0.1101,SAFE
NODE_01,0.119,0.1173,0.1461,SAFE
NODE_01,0.0432,0.2461,0.1264,SAFE
NODE_01,0.1702,0.1706,0.075,SAFE
NODE_01,0.073,0.182,0.0078,SAFE
NODE_01,0.0033,0.0831,0.0182,SAFE
NODE_01,0.0983,0.1741,0.017,SAFE
NODE_01,12.7031,2.7586,7.9641,DANGER
NODE_01,11.8456,1.8765,2.8996,DANGER
NODE_01,2.4328,0.8294,1.5109,WARNING
NODE_01,0.1336,0.1937,0.1203,SAFE
NODE_01,0.0257,0.2373,0.0037,SAFE
NODE_01,0.2745,0.0472,0.0086,SAFE
NODE_01,3.3571,0.8907,1.5429,WARNING
NODE_01,0.2413,0.174,0.0835,SAFE
NODE_01,0.1198,0.138,0.1584,SAFE
NODE_01,0.072,0.245,0.1002,SAFE
NODE_01,0.1878,0.1861,0.0904,SAFE
NODE_01,0.0865,0.2768,0.0362,SAFE
NODE_01,0.0855,0.2071,0.0349,SAFE
NODE_01,0.1806,0.0343,0.1136,SAFE
NODE_01,0.2865,0.0297,0.1974,SAFE
NODE_01,0.067,0.1569,0.1083,SAFE
NODE_01,0.0122,0.0221,0.1727,SAFE
NODE_01,0.1638,0.0109,0.009,SAFE
NODE_01,0.1849,0.1394,0.0171,SAFE
NODE_01,2.5243,1.0075,1.4949,WARNING
NODE_01,0.0199,0.0931,0.0581,SAFE
NODE_01,3.4099,0.5956,0.7957,WARNING
NODE_01,1.4827,0.607,1.3723,WARNING
NODE_01,0.0435,0.2109,0.1695,SAFE
NODE_01,12.9025,3.5268,7.2424,DANGER
NODE_01,0.0787,0.0777,0.0691,SAFE
NODE_01,2.455,1.0429,1.4956,WARNING
NODE_01,0.1274,0.0186,0.1916,SAFE
NODE_01,0.2746,0.2391,0.1807,SAFE
NODE_01,2.1511,1.0161,1.6648,WARNING
NODE_01,7.4227,2.3438,5.0581,DANGER
NODE_01,0.1452,0.2782,0.0361,SAFE
NODE_01,0.2644,0.294,0.0103,SAFE
NODE_01,0.0025,0.1211,0.1853,SAFE
NODE_01,0.1018,0.2812,0.1136,SAFE
NODE_01,0.1785,0.1762,0.0303,SAFE
NODE_01,0.1107,0.2301,0.0715,SAFE
NODE_01,7.3909,4.4467,6.9165,DANGER
NODE_01,0.2093,0.0777,0.0819,SAFE
NODE_01,10.1641,4.2169,5.0602,DANGER
NODE_01,0.1083,0.0354,0.1087,SAFE
NODE_01,0.2569,0.1528,0.109,SAFE
NODE_01,0.2811,0.0711,0.0164,SAFE
NODE_01,0.2989,0.1122,0.1655,SAFE
NODE_01,0.6293,0.7148,0.873,WARNING
NODE_01,0.1906,0.195,0.1903,SAFE
NODE_01,0.1489,0.1971,0.0113,SAFE
NODE_01,0.0967,0.0343,0.003,SAFE
NODE_01,0.181,0.1291,0.0605,SAFE
NODE_01,1.8744,1.1263,0.8958,WARNING
NODE_01,4.8862,4.3508,5.7001,DANGER
NODE_01,0.6244,0.9084,1.6168,WARNING
NODE_01,2.9557,0.9841,0.988,WARNING
NODE_01,1.3198,1.0402,1.244,WARNING
NODE_01,0.2662,0.2804,0.1451,SAFE
NODE_01,1.9493,0.4348,1.1666,WARNING
NODE_01,1.2362,0.7794,1.7799,WARNING
NODE_01,4.4321,1.7303,3.0891,DANGER
NODE_01,0.0567,0.0654,0.1123,SAFE
NODE_01,0.1566,0.2506,0.1138,SAFE
NODE_01,0.2556,0.2583,0.0873,SAFE
NODE_01,0.8522,0.3734,0.4825,WARNING
NODE_01,0.2357,0.2854,0.0693,SAFE
NODE_01,0.061,0.1783,0.1476,SAFE
NODE_01,0.2087,0.1858,0.0443,SAFE
NODE_01,2.1877,0.722,1.3379,WARNING
NODE_01,0.0891,0.1153,0.0639,SAFE
NODE_01,0.0058,0.1104,0.1338,SAFE
NODE_01,0.2979,0.171,0.0395,SAFE
NODE_01,0.0543,0.1724,0.0424,SAFE
NODE_01,0.2796,0.2765,0.009,SAFE
NODE_01,0.0644,0.0264,0.1626,SAFE
NODE_01,0.2317,0.2121,0.0034,SAFE
NODE_01,0.1795,0.1552,0.1216,SAFE
NODE_01,0.1512,0.1186,0.059,SAFE
NODE_01,0.2555,0.0621,0.0036,SAFE
NODE_01,0.0431,0.0199,0.1929,SAFE
NODE_01,2.0277,0.4647,0.6517,WARNING
NODE_01,0.0193,0.103,0.0512,SAFE
NODE_01,0.0804,0.0598,0.0124,SAFE
NODE_01,0.0621,0.2076,0.1523,SAFE
NODE_01,0.0294,0.0908,0.1509,SAFE
NODE_01,0.2328,0.287,0.1813,SAFE
NODE_01,0.2744,0.1797,0.1679,SAFE
NODE_01,0.1575,0.0153,0.0792,SAFE
NODE_01,0.0971,0.0278,0.1793,SAFE
NODE_01,2.1327,0.5496,1.3524,WARNING
NODE_01,0.0254,0.2011,0.0495,SAFE
NODE_01,0.1118,0.0556,0.0745,SAFE
NODE_01,0.2927,0.2444,0.0029,SAFE
NODE_01,0.1908,0.1306,0.1779,SAFE
NODE_01,0.1209,0.278,0.1081,SAFE
NODE_01,0.0518,0.0358,0.0348,SAFE
NODE_01,2.5693,0.7395,1.2894,WARNING
NODE_01,0.1827,0.1799,0.0919,SAFE
NODE_01,13.7623,4.7522,5.4174,DANGER
NODE_01,0.2004,0.1261,0.0218,SAFE
NODE_01,12.0784,2.2566,5.7338,DANGER
NODE_01,0.2897,0.0869,0.0877,SAFE
NODE_01,0.1359,0.1288,0.0766,SAFE
NODE_01,1.722,0.3912,1.2006,WARNING
NODE_01,0.0341,0.1385,0.1543,SAFE
NODE_01,0.2479,0.2892,0.0889,SAFE
NODE_01,0.1093,0.2754,0.0985,SAFE
NODE_01,0.1708,0.1287,0.0466,SAFE
NODE_01,0.2924,0.0748,0.0145,SAFE
NODE_01,13.007,2.2982,5.8557,DANGER
NODE_01,0.2394,0.0592,0.0475,SAFE
NODE_01,0.1076,0.1305,0.0341,SAFE
NODE_01,0.2908,0.2628,0.0532,SAFE
NODE_01,0.1321,0.2572,0.1292,SAFE
NODE_01,0.2353,0.0297,0.0582,SAFE
NODE_01,0.2952,0.2814,0.0518,SAFE
NODE_01,0.1506,0.1639,0.0723,SAFE
NODE_01,2.2404,0.9555,1.068,WARNING
NODE_01,2.3752,0.3965,1.6899,WARNING
NODE_01,1.3909,0.9607,0.9226,WARNING
NODE_01,4.4448,2.8771,6.2962,DANGER
NODE_01,0.2145,0.2394,0.0735,SAFE
NODE_01,0.037,0.0417,0.1839,SAFE
NODE_01,0.0426,0.0271,0.1451,SAFE
NODE_01,0.2123,0.1054,0.1445,SAFE
NODE_01,0.086,0.0802,0.1286,SAFE
NODE_01,0.1495,0.1587,0.1613,SAFE
NODE_01,0.2869,0.0197,0.1862,SAFE
NODE_01,2.1867,0.6651,1.6199,WARNING
NODE_01,7.1751,1.4088,6.6804,DANGER
NODE_01,3.1419,0.3978,1.459,WARNING
NODE_01,0.2639,0.0519,0.1983,SAFE
NODE_01,0.2107,0.2485,0.1035,SAFE
NODE_01,0.0246,0.0667,0.066,SAFE
NODE_01,12.9788,1.788,5.4374,DANGER
NODE_01,0.2067,0.1774,0.0797,SAFE
NODE_01,0.2537,0.2635,0.1132,SAFE
NODE_01,0.2896,0.0997,0.1135,SAFE
NODE_01,13.2734,4.0002,2.7814,DANGER
NODE_01,0.0916,0.1358,0.1647,SAFE
NODE_01,0.1437,0.1346,0.0467,SAFE
NODE_01,0.0648,0.0489,0.008,SAFE
NODE_01,0.199,0.0286,0.0366,SAFE
NODE_01,0.1892,0.1095,0.017,SAFE
NODE_01,0.2417,0.2464,0.1104,SAFE
NODE_01,6.4729,4.3816,3.5625,DANGER
NODE_01,0.2435,0.0634,0.0515,SAFE
NODE_01,0.1124,0.1762,0.1023,SAFE
NODE_01,0.2801,0.04,0.0017,SAFE
NODE_01,0.0827,0.1688,0.0728,SAFE
NODE_01,0.0013,0.2569,0.145,SAFE
NODE_01,0.0209,0.0116,0.0716,SAFE
NODE_01,0.0961,0.1112,0.0314,SAFE
NODE_01,0.0621,0.1531,0.1964,SAFE
NODE_01,0.1976,0.2844,0.1406,SAFE
NODE_01,8.9646,3.7151,5.8477,DANGER
NODE_01,0.2417,0.1966,0.0072,SAFE
NODE_01,0.1202,0.1586,0.1974,SAFE
NODE_01,1.7398,1.0094,0.813,WARNING
NODE_01,14.081,5.9331,3.6074,DANGER
NODE_01,0.1715,0.1773,0.1502,SAFE
NODE_01,6.0575,2.1384,5.0588,DANGER
NODE_01,3.3228,0.5371,1.7406,WARNING
NODE_01,11.2223,2.3046,3.8357,DANGER
NODE_01,0.1934,0.2531,0.1425,SAFE
NODE_01,8.3528,3.5827,2.1146,DANGER
NODE_01,0.1207,0.011,0.1049,SAFE
NODE_01,1.3055,0.4139,1.5139,WARNING
NODE_01,0.2851,0.1281,0.1534,SAFE
NODE_01,0.0509,0.2996,0.0626,SAFE
NODE_01,3.0197,0.7035,1.0514,WARNING
NODE_01,0.0268,0.2527,0.0217,SAFE
NODE_01,0.1297,0.2691,0.1304,SAFE
NODE_01,0.1454,0.1705,0.1291,SAFE
NODE_01,2.2483,0.7988,1.5444,WARNING
NODE_01,0.0692,0.1276,0.0704,SAFE
NODE_01,0.2944,0.0935,0.1951,SAFE
NODE_01,9.6822,3.8568,2.9411,DANGER
NODE_01,13.3547,3.8704,6.7431,DANGER
NODE_01,1.0283,0.5473,0.9363,WARNING
NODE_01,0.2346,0.0379,0.1939,SAFE
NODE_01,0.0946,0.2481,0.1609,SAFE
NODE_01,0.2567,0.1741,0.1627,SAFE
NODE_01,0.1215,0.2159,0.1177,SAFE
NODE_01,0.2652,0.0422,0.1436,SAFE
NODE_01,0.172,0.1715,0.1338,SAFE
NODE_01,0.0089,0.0741,0.0329,SAFE
NODE_01,3.3452,1.0637,1.0707,WARNING
NODE_01,0.076,0.156,0.1498,SAFE
NODE_01,0.0665,0.264,0.048,SAFE
NODE_01,0.1956,0.2112,0.1756,SAFE
NODE_01,0.0032,0.1608,0.0426,SAFE
NODE_01,0.2312,0.056,0.1629,SAFE
NODE_01,2.7831,0.9254,0.8904,WARNING
NODE_01,0.0596,0.0816,0.1647,SAFE
NODE_01,0.5338,0.7784,0.6352,WARNING
NODE_01,0.1678,0.1496,0.1526,SAFE
NODE_01,0.1644,0.2624,0.0596,SAFE
NODE_01,0.1548,0.2955,0.0041,SAFE
NODE_01,0.0436,0.1785,0.1684,SAFE
NODE_01,9.6547,4.5584,6.6452,DANGER
NODE_01,0.111,0.2849,0.124,SAFE
NODE_01,3.1758,1.0261,1.0543,WARNING
NODE_01,0.1677,0.2314,0.0355,SAFE
NODE_01,0.0441,0.1758,0.1141,SAFE
NODE_01,2.6395,0.4563,0.6827,WARNING
NODE_01,0.2613,0.2954,0.1642,SAFE
NODE_01,0.2505,0.2299,0.0259,SAFE
NODE_01,0.266,0.159,0.0387,SAFE
NODE_01,2.7999,1.1764,0.8156,WARNING
NODE_01,0.1572,0.2937,0.1514,SAFE
NODE_01,0.0076,0.1887,0.1272,SAFE
NODE_01,0.0378,0.0895,0.14,SAFE
NODE_01,0.1192,0.0291,0.0099,SAFE
NODE_01,4.7785,2.8031,4.5954,DANGER
NODE_01,0.2969,0.2535,0.012,SAFE
NODE_01,0.1346,0.2915,0.1592,SAFE
NODE_01,0.237,0.1027,0.1647,SAFE
NODE_01,0.2914,0.0553,0.0382,SAFE
NODE_01,13.7751,4.6381,2.4058,DANGER
NODE_01,0.0727,0.0649,0.1528,SAFE
NODE_01,0.2078,0.0256,0.0695,SAFE
NODE_01,11.1745,3.7968,4.4359,DANGER
NODE_01,0.1973,0.1425,0.0162,SAFE
NODE_01,0.0181,0.1213,0.1574,SAFE
NODE_01,0.0781,0.1637,0.0054,SAFE
NODE_01,0.0261,0.0167,0.184,SAFE
NODE_01,13.0188,4.985,3.3444,DANGER
NODE_01,0.1638,0.2472,0.1358,SAFE
NODE_01,8.5263,2.3181,4.7362,DANGER
NODE_01,0.0884,0.2518,0.0596,SAFE
NODE_01,0.1352,0.0626,0.1377,SAFE
NODE_01,0.1519,0.0951,0.057,SAFE
NODE_01,0.0383,0.04,0.1007,SAFE
NODE_01,0.1913,0.0199,0.0635,SAFE
NODE_01,12.5646,2.6689,3.7898,DANGER
NODE_01,0.273,0.2397,0.1445,SAFE
NODE_01,12.9187,3.926,4.402,DANGER
NODE_01,0.0185,0.1441,0.0878,SAFE
NODE_01,0.1948,0.2635,0.1751,SAFE
NODE_01,0.0705,0.1831,0.1862,SAFE
NODE_01,0.1295,0.2294,0.1806,SAFE
NODE_01,0.179,0.1939,0.1233,SAFE
NODE_01,1.4001,0.5642,1.2211,WARNING
NODE_01,0.1604,0.298,0.0547,SAFE
NODE_01,0.1032,0.0544,0.036,SAFE
NODE_01,0.2614,0.1226,0.1316,SAFE
NODE_01,4.4787,2.4297,4.4673,DANGER
NODE_01,0.1989,0.0269,0.082,SAFE
NODE_01,1.7249,0.474,0.9332,WARNING
NODE_01,0.0664,0.1576,0.1494,SAFE
NODE_01,0.1077,0.2358,0.0953,SAFE
NODE_01,0.1393,0.268,0.0672,SAFE
NODE_01,0.2871,0.0854,0.0179,SAFE
NODE_01,0.2454,0.2451,0.012,SAFE
NODE_01,0.0561,0.1666,0.0682,SAFE
NODE_01,0.1141,0.247,0.0503,SAFE
NODE_01,6.4442,5.0193,6.1246,DANGER
NODE_01,0.0253,0.1306,0.1404,SAFE
NODE_01,0.0267,0.2068,0.1555,SAFE
NODE_01,2.361,0.9429,0.4764,WARNING
NODE_01,0.094,0.1979,0.0382,SAFE
NODE_01,14.9826,3.2362,2.3588,DANGER
NODE_01,0.0329,0.0884,0.0744,SAFE
NODE_01,0.0146,0.0356,0.0933,SAFE
NODE_01,0.1234,0.2431,0.1125,SAFE
NODE_01,0.2391,0.0972,0.0644,SAFE
NODE_01,0.2789,0.0372,0.1581,SAFE
NODE_01,0.264,0.2587,0.0493,SAFE
NODE_01,0.2021,0.0349,0.1939,SAFE
NODE_01,0.0464,0.1696,0.0358,SAFE
NODE_01,0.1523,0.2715,0.0932,SAFE
NODE_01,0.0887,0.1709,0.0968,SAFE
NODE_01,0.0209,0.0572,0.1171,SAFE
NODE_01,2.261,0.4025,0.8954,WARNING
NODE_01,0.215,0.1397,0.1725,SAFE
NODE_01,0.11,0.2104,0.0678,SAFE
NODE_01,0.2188,0.0409,0.0747,SAFE
NODE_01,0.1087,0.1529,0.014,SAFE
NODE_01,0.2111,0.0163,0.1647,SAFE
NODE_01,7.9832,4.1504,6.0799,DANGER
NODE_01,0.1745,0.0101,0.1534,SAFE
NODE_01,6.3764,4.1515,3.1954,DANGER
NODE_01,3.0143,1.0617,1.7469,WARNING
NODE_01,0.2782,0.0939,0.082,SAFE
NODE_01,0.1882,0.2627,0.1509,SAFE
NODE_01,12.263,4.8222,5.269,DANGER
NODE_01,0.0833,0.2656,0.1493,SAFE
NODE_01,5.4918,2.7122,2.1373,DANGER
NODE_01,0.241,0.0869,0.0837,SAFE
NODE_01,0.185,0.1568,0.179,SAFE
NODE_01,0.2857,0.2636,0.1752,SAFE
NODE_01,0.0832,0.2657,0.0435,SAFE
NODE_01,0.1941,0.1339,0.0767,SAFE
NODE_01,0.8492,0.4325,1.6416,WARNING
NODE_01,0.9218,0.5539,1.2255,WARNING
NODE_01,0.2527,0.1065,0.0327,SAFE
NODE_01,0.2286,0.1027,0.0369,SAFE
NODE_01,0.2951,0.2833,0.046,SAFE
NODE_01,0.2122,0.0911,0.1314,SAFE
NODE_01,0.2858,0.1205,0.1106,SAFE
NODE_01,0.1721,0.1711,0.1043,SAFE
NODE_01,0.1325,0.2671,0.0734,SAFE
NODE_01,0.2968,0.1127,0.0227,SAFE
NODE_01,0.7968,0.5547,0.4194,WARNING
NODE_01,1.512,0.4481,1.6108,WARNING
NODE_01,0.2461,0.0743,0.0261,SAFE
NODE_01,0.1691,0.2884,0.1223,SAFE
NODE_01,0.0164,0.1042,0.06,SAFE
NODE_01,1.6692,1.0487,1.3897,WARNING
NODE_01,0.0199,0.0243,0.1829,SAFE
NODE_01,0.0771,0.1312,0.059,SAFE
NODE_01,2.7162,1.0622,1.2577,WARNING
NODE_01,0.1212,0.1106,0.0661,SAFE
NODE_01,0.2212,0.072,0.1024,SAFE
NODE_01,0.2052,0.1852,0.1051,SAFE
NODE_01,0.2667,0.11,0.0859,SAFE
NODE_01,5.5182,2.7219,2.5475,DANGER
NODE_01,0.1878,0.2432,0.1699,SAFE
NODE_01,0.0693,0.2429,0.1177,SAFE
NODE_01,6.4536,4.2266,5.4137,DANGER
NODE_01,0.0546,0.072,0.1202,SAFE
NODE_01,10.4007,2.9078,7.879,DANGER
NODE_01,1.2058,0.6473,1.7966,WARNING
NODE_01,4.2163,5.8557,3.0947,DANGER
NODE_01,0.1981,0.1743,0.1295,SAFE
NODE_01,0.0936,0.1225,0.0928,SAFE
NODE_01,0.1396,0.2597,0.1434,SAFE
NODE_01,1.3708,1.176,1.5236,WARNING
NODE_01,0.2602,0.2562,0.0898,SAFE
NODE_01,1.3429,1.0446,1.7883,WARNING
NODE_01,0.0875,0.2117,0.1764,SAFE
NODE_01,1.7365,0.9782,1.0562,WARNING
NODE_01,0.0855,0.2071,0.073,SAFE
NODE_01,0.2884,0.153,0.1979,SAFE
NODE_01,0.179,0.014,0.0805,SAFE
NODE_01,1.9265,1.1753,1.0601,WARNING
NODE_01,5.8588,3.4507,6.07,DANGER
NODE_01,0.2819,0.0673,0.0383,SAFE
NODE_01,0.0167,0.0752,0.1883,SAFE
NODE_01,0.01,0.1022,0.0163,SAFE
NODE_01,0.033,0.2055,0.0607,SAFE
NODE_01,0.1172,0.1648,0.0885,SAFE
NODE_01,2.7909,0.8341,1.3766,WARNING
NODE_01,0.1984,0.1499,0.126,SAFE
NODE_01,0.17,0.216,0.0428,SAFE
NODE_01,0.2763,0.1351,0.0486,SAFE
NODE_01,1.724,0.4125,1.6037,WARNING
NODE_01,6.3829,2.7512,3.7577,DANGER
NODE_01,0.285,0.151,0.0792,SAFE
NODE_01,0.0911,0.1268,0.0296,SAFE
NODE_01,11.6283,4.1839,6.9573,DANGER
NODE_01,10.6439,2.7767,4.0962,DANGER
NODE_01,0.2423,0.0601,0.0162,SAFE
NODE_01,0.0654,0.1837,0.1242,SAFE
NODE_01,0.8687,0.7842,1.0253,WARNING
NODE_01,0.0491,0.1191,0.0604,SAFE
NODE_01,0.1528,0.2072,0.0784,SAFE
NODE_01,0.0042,0.2215,0.0292,SAFE
NODE_01,0.1497,0.2053,0.1137,SAFE
NODE_01,0.1127,0.0414,0.0592,SAFE
NODE_01,0.2719,0.2345,0.0583,SAFE
NODE_01,13.203,3.704,2.2794,DANGER
NODE_01,1.7335,1.0045,0.8305,WARNING
NODE_01,0.1327,0.0233,0.1679,SAFE
NODE_01,14.0934,4.3282,4.3233,DANGER
NODE_01,0.2321,0.0193,0.1668,SAFE
NODE_01,6.8329,3.3091,3.879,DANGER
NODE_01,0.1011,0.0646,0.1025,SAFE
NODE_01,0.2457,0.1838,0.1779,SAFE
NODE_01,7.8791,3.126,2.0869,DANGER
NODE_01,0.2616,0.073,0.0282,SAFE
NODE_01,4.2985,5.5512,6.4164,DANGER
NODE_01,0.0698,0.141,0.1243,SAFE
NODE_01,0.0595,0.1026,0.0936,SAFE
NODE_01,0.211,0.1167,0.0495,SAFE
NODE_01,0.1857,0.0434,0.0483,SAFE
NODE_01,0.1414,0.1153,0.1506,SAFE
NODE_01,0.2271,0.0629,0.0109,SAFE
NODE_01,2.2613,1.0767,1.057,WARNING
NODE_01,0.2436,0.2008,0.196,SAFE
NODE_01,0.1746,0.1211,0.0358,SAFE
NODE_01,12.101,3.4694,4.0623,DANGER
NODE_01,2.2622,0.6306,1.6143,WARNING
NODE_01,0.0605,0.276,0.1252,SAFE
NODE_01,1.5825,1.163,1.5711,WARNING
NODE_01,0.2005,0.1359,0.1799,SAFE
NODE_01,8.0064,4.8574,2.263,DANGER
NODE_01,0.0056,0.1309,0.052,SAFE
NODE_01,0.5799,0.8556,1.6393,WARNING
NODE_01,0.0184,0.2678,0.0011,SAFE
NODE_01,0.0303,0.1647,0.0921,SAFE
NODE_01,13.3194,4.3653,7.7412,DANGER
NODE_01,0.0069,0.0153,0.1956,SAFE
NODE_01,14.2226,5.9286,2.6263,DANGER
NODE_01,0.8867,0.3896,1.0971,WARNING
NODE_01,2.8889,0.5695,1.0401,WARNING
NODE_01,0.0393,0.1613,0.1186,SAFE
NODE_01,0.1913,0.1203,0.1934,SAFE
NODE_01,0.1938,0.142,0.1179,SAFE
NODE_01,0.0597,0.0505,0.1287,SAFE
NODE_01,0.2897,0.1393,0.1153,SAFE
NODE_01,0.1781,0.1212,0.0138,SAFE
NODE_01,2.0043,0.599,0.4841,WARNING
NODE_01,1.4522,0.825,1.028,WARNING
NODE_01,0.2062,0.0886,0.011,SAFE
NODE_01,1.2412,0.5455,1.5763,WARNING
NODE_01,0.0315,0.2233,0.1553,SAFE
NODE_01,0.0737,0.126,0.1842,SAFE
NODE_01,0.2147,0.1369,0.0467,SAFE
NODE_01,0.2302,0.2871,0.1231,SAFE
NODE_01,4.206,3.9133,4.5655,DANGER
NODE_01,0.2559,0.1976,0.1343,SAFE
NODE_01,0.0304,0.2142,0.1147,SAFE
NODE_01,3.2524,0.4061,1.1899,WARNING
NODE_01,0.069,0.1078,0.1706,SAFE
NODE_01,0.151,0.187,0.0964,SAFE
NODE_01,11.8689,1.3168,3.0139,DANGER
NODE_01,2.8739,1.0208,1.7667,WARNING
NODE_01,0.0272,0.1177,0.1461,SAFE
NODE_01,0.1698,0.2295,0.1855,SAFE
NODE_01,0.1109,0.0977,0.1041,SAFE
NODE_01,2.0138,0.3984,0.6793,WARNING
NODE_01,0.2079,0.172,0.075,SAFE
NODE_01,0.208,0.2557,0.1317,SAFE
NODE_01,0.2881,0.037,0.1701,SAFE
NODE_01,0.2079,0.1805,0.0056,SAFE
NODE_01,0.197,0.283,0.0552,SAFE
NODE_01,0.0031,0.0124,0.1194,SAFE
NODE_01,0.0646,0.1283,0.182,SAFE
NODE_01,0.1398,0.1473,0.0571,SAFE
NODE_01,0.0594,0.2767,0.1292,SAFE
NODE_01,0.2817,0.2156,0.1009,SAFE
NODE_01,0.0997,0.1961,0.0872,SAFE
NODE_01,0.2991,0.0557,0.0186,SAFE
NODE_01,0.2371,0.2101,0.1081,SAFE
NODE_01,2.5146,0.5947,1.3232,WARNING
NODE_01,0.1926,0.2258,0.0843,SAFE
NODE_01,0.2617,0.1267,0.0523,SAFE
NODE_01,0.027,0.0832,0.0594,SAFE
NODE_01,0.2741,0.0168,0.0723,SAFE
NODE_01,0.006,0.2672,0.0071,SAFE
NODE_01,0.278,0.127,0.0653,SAFE
NODE_01,0.1989,0.2846,0.0569,SAFE
NODE_01,0.2487,0.0595,0.0012,SAFE
NODE_01,1.7508,0.4318,1.5427,WARNING
NODE_01,0.0748,0.0188,0.0122,SAFE
NODE_01,1.4768,0.6858,1.6488,WARNING
NODE_01,0.247,0.1507,0.0542,SAFE
NODE_01,0.139,0.0996,0.0513,SAFE
NODE_01,0.2884,0.1448,0.1163,SAFE
NODE_01,11.9364,3.1739,2.6987,DANGER
NODE_01,0.1564,0.0335,0.1613,SAFE
NODE_01,0.127,0.0228,0.1434,SAFE
NODE_01,0.278,0.2906,0.0214,SAFE
NODE_01,7.7321,4.1196,2.386,DANGER
NODE_01,11.6996,3.0995,2.0587,DANGER
NODE_01,0.1655,0.1184,0.0495,SAFE
NODE_01,0.0091,0.108,0.1118,SAFE
NODE_01,10.9994,4.6716,7.9984,DANGER
NODE_01,0.2792,0.072,0.0964,SAFE
NODE_01,0.1699,0.0604,0.0102,SAFE
NODE_01,0.7719,0.7903,1.7974,WARNING
NODE_01,10.6537,5.9321,7.3377,DANGER
NODE_01,0.1685,0.1422,0.0686,SAFE
NODE_01,1.6732,0.4407,1.2545,WARNING
NODE_01,0.1059,0.1533,0.1637,SAFE
NODE_01,0.2871,0.2369,0.1895,SAFE
NODE_01,0.2601,0.2959,0.1744,SAFE
NODE_01,0.6009,0.5005,1.3344,WARNING
NODE_01,2.7265,1.1496,0.9496,WARNING
NODE_01,3.2143,0.7766,1.0887,WARNING
NODE_01,13.507,2.7448,7.7989,DANGER
NODE_01,0.0922,0.2601,0.0314,SAFE
NODE_01,0.0727,0.0466,0.0885,SAFE
NODE_01,0.213,0.2377,0.0877,SAFE
NODE_01,0.0943,0.0209,0.0709,SAFE
NODE_01,0.013,0.2818,0.0857,SAFE
NODE_01,0.2372,0.1886,0.1212,SAFE
NODE_01,0.2745,0.2946,0.1269,SAFE
NODE_01,0.2268,0.1633,0.1322,SAFE
NODE_01,0.1024,0.272,0.1847,SAFE
NODE_01,0.2316,0.0127,0.0579,SAFE
NODE_01,0.0931,0.1405,0.1597,SAFE
NODE_01,0.2469,0.1048,0.073,SAFE
NODE_01,0.2181,0.1116,0.069,SAFE
NODE_01,0.2384,0.227,0.1546,SAFE
NODE_01,0.0969,0.1163,0.1366,SAFE
NODE_01,0.2804,0.0167,0.0304,SAFE
NODE_01,2.0354,0.9597,0.5687,WARNING
NODE_01,0.2798,0.1767,0.0117,SAFE
NODE_01,0.026,0.282,0.0601,SAFE
NODE_01,0.016,0.0105,0.0474,SAFE
NODE_01,0.9422,0.6137,1.2298,WARNING
NODE_01,0.1613,0.2515,0.1805,SAFE
NODE_01,0.0654,0.0641,0.1021,SAFE
NODE_01,13.0621,5.4999,5.6967,DANGER
NODE_01,0.158,0.2647,0.1197,SAFE
NODE_01,0.1091,0.0917,0.0356,SAFE
NODE_01,0.136,0.2306,0.1076,SAFE
NODE_01,7.6735,4.6543,3.4016,DANGER
NODE_01,0.025,0.266,0.0226,SAFE
NODE_01,0.0571,0.1588,0.0965,SAFE
NODE_01,0.8931,0.5197,0.4565,WARNING
NODE_01,0.2998,0.2987,0.1658,SAFE
NODE_01,0.1044,0.1072,0.0575,SAFE
NODE_01,0.2529,0.2884,0.1827,SAFE
NODE_01,0.1522,0.2047,0.1306,SAFE
NODE_01,0.2855,0.2353,0.055,SAFE
NODE_01,0.1019,0.2972,0.1507,SAFE
NODE_01,0.0496,0.2844,0.0942,SAFE
NODE_01,3.3877,1.1573,0.6958,WARNING
NODE_01,0.2734,0.1303,0.1772,SAFE
NODE_01,6.1641,4.7268,2.0895,DANGER
NODE_01,0.5412,0.5648,1.7248,WARNING
NODE_01,0.2867,0.025,0.052,SAFE
NODE_01,2.8949,1.1735,0.7076,WARNING
NODE_01,0.2866,0.1293,0.1796,SAFE
NODE_01,0.0068,0.0929,0.1838,SAFE
NODE_01,0.2898,0.2362,0.1643,SAFE
NODE_01,0.17,0.0577,0.0382,SAFE
NODE_01,1.2855,0.724,0.5703,WARNING
NODE_01,0.8986,0.9228,0.7333,WARNING
NODE_01,0.0097,0.2018,0.1104,SAFE
NODE_01,12.727,4.1506,5.0459,DANGER
NODE_01,1.0085,0.7929,1.2658,WARNING
NODE_01,0.0086,0.098,0.1311,SAFE
NODE_01,0.1158,0.0597,0.092,SAFE
NODE_01,0.2588,0.1812,0.1564,SAFE
NODE_01,0.0469,0.1692,0.0917,SAFE
NODE_01,0.0401,0.2939,0.0174,SAFE
NODE_01,7.1965,4.2319,4.1792,DANGER
NODE_01,0.1221,0.1266,0.0656,SAFE
NODE_01,0.2951,0.2316,0.1274,SAFE
NODE_01,0.1829,0.1384,0.0268,SAFE
NODE_01,0.2526,0.1169,0.0782,SAFE
NODE_01,0.0819,0.1498,0.1349,SAFE
NODE_01,2.7499,0.6032,1.7245,WARNING
NODE_01,0.0363,0.135,0.1872,SAFE
NODE_01,1.0484,1.0862,0.8757,WARNING
NODE_01,0.1707,0.0306,0.1398,SAFE
NODE_01,0.2989,0.263,0.1582,SAFE
NODE_01,0.0132,0.0915,0.1982,SAFE
NODE_01,0.2036,0.252,0.1883,SAFE
NODE_01,0.0412,0.2832,0.0626,SAFE
NODE_01,0.0797,0.0761,0.1551,SAFE
NODE_01,0.1206,0.2376,0.0599,SAFE
NODE_01,0.062,0.1532,0.118,SAFE
NODE_01,0.2368,0.098,0.0526,SAFE
NODE_01,0.2989,0.2262,0.1964,SAFE
NODE_01,0.0919,0.0356,0.1735,SAFE
NODE_01,4.6991,1.5179,3.1156,DANGER
NODE_01,0.0964,0.0328,0.1652,SAFE
NODE_01,0.0562,0.1817,0.1094,SAFE
NODE_01,0.1265,0.2137,0.1877,SAFE
NODE_01,1.0283,0.8171,0.6009,WARNING
NODE_01,0.563,0.7283,0.8356,WARNING
NODE_01,0.0864,0.2538,0.1542,SAFE
NODE_01,13.7338,1.4908,7.9565,DANGER
NODE_01,0.0299,0.0336,0.1749,SAFE
NODE_01,0.2218,0.0918,0.1554,SAFE
NODE_01,0.082,0.1515,0.0885,SAFE
NODE_01,0.0064,0.0951,0.0673,SAFE
NODE_01,0.2756,0.1764,0.191,SAFE
NODE_01,1.7037,1.0705,1.4007,WARNING
NODE_01,8.2294,5.2371,7.7482,DANGER
NODE_01,0.1048,0.0913,0.0891,SAFE
NODE_01,0.2298,0.2598,0.174,SAFE
NODE_01,0.1274,0.1262,0.1989,SAFE
NODE_01,0.1436,0.2867,0.1013,SAFE
NODE_01,0.2091,0.1337,0.1982,SAFE
NODE_01,0.9901,0.6242,0.7186,WARNING
NODE_01,0.2342,0.2151,0.0476,SAFE
NODE_01,0.026,0.2016,0.0599,SAFE
NODE_01,0.0074,0.0502,0.0996,SAFE
NODE_01,0.1586,0.2229,0.0271,SAFE
NODE_01,0.1215,0.0213,0.0816,SAFE
NODE_01,2.0632,1.0225,0.7423,WARNING
NODE_01,0.1055,0.2187,0.1101,SAFE
NODE_01,0.1738,0.2348,0.1328,SAFE
NODE_01,0.131,0.0293,0.0657,SAFE
NODE_01,5.8115,5.2169,5.4803,DANGER
NODE_01,0.0826,0.0897,0.1868,SAFE
NODE_01,0.146,0.0532,0.0687,SAFE
NODE_01,0.1194,0.1197,0.1707,SAFE
NODE_01,0.2591,0.1017,0.1714,SAFE
NODE_01,8.9775,2.5978,5.7878,DANGER
NODE_01,0.1765,0.0312,0.0749,SAFE
NODE_01,0.2036,0.1501,0.1551,SAFE
NODE_01,0.0189,0.1237,0.0907,SAFE
NODE_01,0.2745,0.0447,0.1704,SAFE
NODE_01,0.0515,0.0559,0.0664,SAFE
NODE_01,0.0191,0.232,0.051,SAFE
NODE_01,0.1415,0.0804,0.086,SAFE
NODE_01,0.283,0.0835,0.1765,SAFE
NODE_01,0.105,0.1573,0.1857,SAFE
NODE_01,0.0724,0.2374,0.0537,SAFE
NODE_01,0.0532,0.115,0.0093,SAFE
NODE_01,11.5973,1.4509,2.6028,DANGER
NODE_01,0.5576,0.838,1.3151,WARNING
NODE_01,5.2296,3.3026,2.9044,DANGER
NODE_01,0.1167,0.1077,0.0608,SAFE
NODE_01,0.2034,0.2313,0.1692,SAFE
NODE_01,2.2578,0.4807,0.7592,WARNING
NODE_01,0.2592,0.0856,0.0904,SAFE
NODE_01,8.4493,2.8629,2.254,DANGER
NODE_01,1.7571,0.6836,1.2291,WARNING
NODE_01,2.2442,1.1106,1.5611,WARNING
NODE_01,0.0493,0.185,0.08,SAFE
NODE_01,2.3454,0.9472,0.8747,WARNING
NODE_01,0.2308,0.0481,0.0122,SAFE
NODE_01,0.007,0.1405,0.1069,SAFE
NODE_01,0.2088,0.1093,0.0011,SAFE
NODE_01,0.1342,0.1257,0.0839,SAFE
NODE_01,7.8268,4.0719,4.0356,DANGER
NODE_01,0.1839,0.1085,0.0341,SAFE
NODE_01,0.047,0.0829,0.1186,SAFE
NODE_01,0.1247,0.167,0.0534,SAFE
NODE_01,0.2216,0.0662,0.1775,SAFE
NODE_01,0.0372,0.1001,0.1091,SAFE
NODE_01,0.2499,0.2109,0.0929,SAFE
NODE_01,0.0581,0.1103,0.0615,SAFE
NODE_01,0.2341,0.2966,0.0271,SAFE
NODE_01,0.0564,0.0392,0.1865,SAFE
NODE_01,2.4909,1.0541,0.5108,WARNING
NODE_01,6.2914,2.248,7.5231,DANGER
NODE_01,0.0171,0.0577,0.1801,SAFE
NODE_01,0.1208,0.1017,0.1467,SAFE
NODE_01,0.1954,0.2492,0.0301,SAFE
NODE_01,0.0782,0.0684,0.1939,SAFE
NODE_01,1.7309,0.5206,1.2691,WARNING
NODE_01,0.0064,0.1936,0.1416,SAFE
NODE_01,0.1057,0.2917,0.142,SAFE
NODE_01,0.1161,0.049,0.0031,SAFE
NODE_01,0.0433,0.2731,0.0879,SAFE
NODE_01,0.1604,0.0132,0.064,SAFE
NODE_01,10.5745,1.7819,4.1501,DANGER
NODE_01,2.5794,1.0741,1.0799,WARNING
NODE_01,0.1736,0.0926,0.0043,SAFE
NODE_01,0.2085,0.1754,0.017,SAFE
NODE_01,0.0812,0.1297,0.1092,SAFE
NODE_01,8.3314,2.1887,3.3714,DANGER
NODE_01,10.5291,2.9775,7.4553,DANGER
NODE_01,1.271,0.7058,0.9713,WARNING
NODE_01,8.6768,1.9481,3.2933,DANGER
NODE_01,0.2011,0.1187,0.0151,SAFE
NODE_01,14.4183,5.9627,4.7885,DANGER
NODE_01,0.0454,0.0133,0.1422,SAFE
NODE_01,5.8619,5.4938,2.6281,DANGER
NODE_01,0.1574,0.1396,0.0434,SAFE
NODE_01,0.1821,0.2356,0.0667,SAFE
NODE_01,0.1261,0.1869,0.1137,SAFE
NODE_01,3.2112,0.9135,0.4681,WARNING
NODE_01,1.839,0.57,0.4426,WARNING
NODE_01,0.2158,0.0197,0.1781,SAFE
NODE_01,0.0397,0.1637,0.1198,SAFE
NODE_01,0.0141,0.1659,0.13,SAFE
NODE_01,11.9046,1.5107,3.4472,DANGER
NODE_01,0.1027,0.2344,0.0168,SAFE
NODE_01,0.2578,0.2077,0.1394,SAFE
NODE_01,1.2427,0.4127,0.7613,WARNING
NODE_01,0.03,0.2054,0.0754,SAFE
NODE_01,3.1402,0.7723,0.4358,WARNING
NODE_01,0.2419,0.1817,0.0306,SAFE
NODE_01,0.1559,0.0856,0.0707,SAFE
NODE_01,0.1967,0.2185,0.1662,SAFE
NODE_01,0.0954,0.237,0.0704,SAFE
NODE_01,0.1654,0.2236,0.0374,SAFE
NODE_01,0.2634,0.2488,0.0259,SAFE
NODE_01,0.2389,0.1857,0.1142,SAFE
NODE_01,0.1384,0.1087,0.1903,SAFE
NODE_01,0.0389,0.2166,0.1256,SAFE
NODE_01,1.5231,0.9728,0.5062,WARNING
NODE_01,0.1109,0.1605,0.0578,SAFE
NODE_01,2.8555,0.4582,1.1976,WARNING
NODE_01,0.1212,0.1131,0.0299,SAFE
NODE_01,0.1252,0.2784,0.0442,SAFE
NODE_01,2.3277,0.639,1.4121,WARNING
NODE_01,0.2289,0.1901,0.1283,SAFE
NODE_01,0.197,0.1226,0.1404,SAFE
NODE_01,1.2982,0.7134,1.207,WARNING
NODE_01,1.5641,0.9333,1.3737,WARNING
NODE_01,0.0439,0.1428,0.0128,SAFE
NODE_01,0.0943,0.0954,0.1589,SAFE
NODE_01,0.0545,0.2948,0.1297,SAFE
NODE_01,0.2733,0.1791,0.0683,SAFE
NODE_01,3.0128,0.7711,1.4831,WARNING
NODE_01,0.0163,0.0148,0.0876,SAFE
NODE_01,0.0781,0.0761,0.1128,SAFE
NODE_01,0.038,0.0614,0.1029,SAFE
NODE_01,0.1183,0.0283,0.1741,SAFE
NODE_01,0.1912,0.0426,0.0169,SAFE
NODE_01,0.1687,0.1448,0.1703,SAFE
NODE_01,0.0754,0.1405,0.1606,SAFE
NODE_01,0.1974,0.0848,0.1884,SAFE
NODE_01,4.6469,5.544,5.2059,DANGER
NODE_01,4.6112,4.3071,4.2938,DANGER
NODE_01,0.0655,0.1514,0.0019,SAFE
NODE_01,0.1118,0.197,0.1664,SAFE
NODE_01,0.6621,0.8118,1.2502,WARNING
NODE_01,0.1359,0.2314,0.0162,SAFE
NODE_01,2.2064,1.1545,0.9518,WARNING
NODE_01,0.0907,0.2237,0.1647,SAFE
NODE_01,0.2756,0.0953,0.1651,SAFE
NODE_01,0.0437,0.2346,0.0771,SAFE
NODE_01,1.5475,0.69,0.5333,WARNING
NODE_01,14.2974,3.9443,6.5627,DANGER
NODE_01,0.0107,0.2289,0.1344,SAFE
NODE_01,0.0816,0.1162,0.1986,SAFE
NODE_01,0.0085,0.1096,0.0378,SAFE
NODE_01,0.108,0.0247,0.0106,SAFE
NODE_01,0.1493,0.1865,0.197,SAFE
NODE_01,0.2666,0.2294,0.0456,SAFE
NODE_01,0.1652,0.0813,0.0305,SAFE
NODE_01,0.0551,0.1367,0.1253,SAFE
NODE_01,0.1408,0.2781,0.0903,SAFE
NODE_01,9.261,3.3219,7.6316,DANGER
NODE_01,0.2641,0.1981,0.0387,SAFE
NODE_01,0.1032,0.2409,0.1018,SAFE
NODE_01,11.2725,2.836,2.3031,DANGER
NODE_01,0.0081,0.0597,0.1524,SAFE
NODE_01,0.0513,0.2208,0.1206,SAFE
NODE_01,2.3375,0.5454,0.7348,WARNING
NODE_01,0.2225,0.0348,0.0763,SAFE
NODE_01,0.0626,0.2759,0.1429,SAFE
NODE_01,0.1023,0.0593,0.1458,SAFE
NODE_01,0.7339,0.6986,1.2365,WARNING
NODE_01,0.0813,0.2575,0.1872,SAFE
NODE_01,0.2629,0.0366,0.1379,SAFE
NODE_01,0.0558,0.261,0.0425,SAFE
NODE_01,0.091,0.0868,0.0944,SAFE
NODE_01,0.1463,0.0663,0.0756,SAFE
NODE_01,0.1537,0.2841,0.0567,SAFE
NODE_01,0.0395,0.0467,0.1063,SAFE
NODE_01,1.5663,0.6067,0.5552,WARNING
NODE_01,0.0861,0.0687,0.134,SAFE
NODE_01,0.2131,0.113,0.1085,SAFE
NODE_01,0.056,0.0872,0.1946,SAFE
NODE_01,0.0803,0.2929,0.1052,SAFE
NODE_01,0.1775,0.0375,0.0344,SAFE
NODE_01,0.177,0.0389,0.1974,SAFE
NODE_01,0.0472,0.0427,0.1097,SAFE
NODE_01,5.6071,4.2978,5.4251,DANGER
NODE_01,0.1902,0.03,0.1552,SAFE
NODE_01,0.0316,0.2986,0.0159,SAFE
NODE_01,0.2485,0.2913,0.1714,SAFE
NODE_01,0.1855,0.2466,0.0347,SAFE
NODE_01,0.0109,0.043,0.0905,SAFE
NODE_01,0.179,0.2723,0.0656,SAFE
NODE_01,2.6756,0.7128,0.8288,WARNING
NODE_01,0.2188,0.1904,0.0994,SAFE
NODE_01,0.188,0.2741,0.0557,SAFE
NODE_01,13.9807,2.5612,7.7892,DANGER
NODE_01,0.5688,0.7374,0.6526,WARNING
NODE_01,3.4942,0.5482,0.6978,WARNING
NODE_01,0.0948,0.2389,0.1494,SAFE
NODE_01,4.7622,5.5858,3.0244,DANGER
NODE_01,0.0847,0.1918,0.1841,SAFE
NODE_01,0.075,0.0823,0.106,SAFE
NODE_01,0.0541,0.293,0.1294,SAFE
NODE_01,2.1744,1.1787,1.5537,WARNING
NODE_01,0.0698,0.0812,0.0092,SAFE
NODE_01,2.3388,0.7485,1.159,WARNING
NODE_01,0.1478,0.2365,0.0378,SAFE
NODE_01,0.2506,0.2331,0.101,SAFE
NODE_01,0.0698,0.2864,0.0133,SAFE
NODE_01,0.1282,0.2655,0.039,SAFE
NODE_01,0.1291,0.0377,0.0665,SAFE
NODE_01,0.0414,0.0685,0.0505,SAFE
NODE_01,0.1362,0.0376,0.1609,SAFE
NODE_01,0.0598,0.0964,0.0964,SAFE
NODE_01,0.0205,0.1463,0.0503,SAFE
NODE_01,11.802,5.1162,4.2989,DANGER
NODE_01,0.0784,0.2805,0.0387,SAFE
NODE_01,0.126,0.0159,0.1759,SAFE
NODE_01,0.1654,0.1727,0.0086,SAFE
NODE_01,3.4883,0.8516,1.1302,WARNING
NODE_01,0.1554,0.2847,0.0329,SAFE
NODE_01,0.2106,0.174,0.1374,SAFE
NODE_01,0.1199,0.0664,0.0305,SAFE
NODE_01,0.0213,0.2815,0.1027,SAFE
NODE_01,0.1739,0.0703,0.0904,SAFE
NODE_01,2.5874,0.6054,1.5568,WARNING
NODE_01,0.1702,0.2049,0.1562,SAFE
NODE_01,0.1203,0.1179,0.1925,SAFE
NODE_01,0.1992,0.2597,0.0231,SAFE
NODE_01,0.2078,0.1955,0.1524,SAFE
NODE_01,0.1449,0.0235,0.0486,SAFE
NODE_01,0.0938,0.119,0.0722,SAFE
NODE_01,1.2301,0.7745,1.5314,WARNING
NODE_01,0.2818,0.0106,0.1592,SAFE
NODE_01,0.7904,0.8042,0.5908,WARNING
NODE_01,0.1522,0.2795,0.0816,SAFE
NODE_01,1.8471,0.3976,1.214,WARNING
NODE_01,0.1433,0.2696,0.121,SAFE
NODE_01,0.0748,0.1156,0.132,SAFE
NODE_01,0.0077,0.0856,0.0539,SAFE
NODE_01,8.5296,2.3566,3.7209,DANGER
NODE_01,0.2991,0.1829,0.1938,SAFE
NODE_01,0.5272,1.186,0.5531,WARNING
NODE_01,0.0729,0.2921,0.0044,SAFE
NODE_01,0.117,0.0906,0.166,SAFE
NODE_01,0.1289,0.0738,0.0427,SAFE
NODE_01,13.7295,3.0865,2.6802,DANGER
NODE_01,0.5337,0.6818,1.3621,WARNING
NODE_01,0.2975,0.0725,0.1688,SAFE
NODE_01,0.0619,0.1705,0.0147,SAFE
NODE_01,0.248,0.0614,0.1913,SAFE
NODE_01,1.8372,0.4022,0.4157,WARNING
NODE_01,0.0012,0.2531,0.1293,SAFE
NODE_01,0.156,0.2038,0.1919,SAFE
NODE_01,0.8821,0.7798,1.3854,WARNING
NODE_01,0.1641,0.0683,0.0059,SAFE
NODE_01,0.0588,0.0836,0.1494,SAFE
NODE_01,0.2285,0.2364,0.0537,SAFE
NODE_01,0.1942,0.0453,0.0915,SAFE
NODE_01,0.0128,0.0636,0.1776,SAFE
NODE_01,0.219,0.063,0.1268,SAFE
NODE_01,0.2009,0.2995,0.1049,SAFE
NODE_01,0.2082,0.2243,0.0472,SAFE
NODE_01,0.0438,0.093,0.1992,SAFE
NODE_01,0.1187,0.1301,0.1441,SAFE
NODE_01,1.4392,0.5543,0.7217,WARNING
NODE_01,3.314,0.6858,0.8742,WARNING
NODE_01,2.6696,0.8415,1.4672,WARNING
NODE_01,3.0733,0.612,1.4405,WARNING
NODE_01,0.2654,0.1298,0.0135,SAFE
NODE_01,0.2822,0.2476,0.1614,SAFE
NODE_01,0.1044,0.0138,0.1164,SAFE
NODE_01,0.0055,0.2076,0.1097,SAFE
NODE_01,0.0164,0.2297,0.0418,SAFE
NODE_01,0.1809,0.0256,0.0081,SAFE
NODE_01,0.1033,0.2173,0.1166,SAFE
NODE_01,0.037,0.2159,0.1697,SAFE
NODE_01,0.1401,0.2988,0.0862,SAFE
NODE_01,0.1383,0.113,0.1573,SAFE
NODE_01,0.2215,0.0849,0.056,SAFE
NODE_01,0.2381,0.2629,0.196,SAFE
NODE_01,0.0928,0.2857,0.1601,SAFE
NODE_01,0.175,0.0429,0.1992,SAFE
NODE_01,0.1271,0.1639,0.1855,SAFE
NODE_01,2.5586,0.9724,1.7299,WARNING
NODE_01,0.1545,0.279,0.0097,SAFE
NODE_01,3.1518,0.3708,0.8405,WARNING
NODE_01,0.1645,0.1666,0.1945,SAFE
NODE_01,6.0596,3.2721,7.7106,DANGER
NODE_01,1.8058,1.1834,1.3195,WARNING
NODE_01,0.5075,1.0097,0.7839,WARNING
NODE_01,0.1625,0.2645,0.111,SAFE
NODE_01,0.2931,0.1808,0.1497,SAFE
NODE_01,9.6607,1.7638,2.4491,DANGER
NODE_01,0.2892,0.0306,0.0811,SAFE
NODE_01,0.2701,0.2457,0.1586,SAFE
NODE_01,0.1643,0.1301,0.1202,SAFE
NODE_01,0.2032,0.2195,0.0371,SAFE
NODE_01,5.973,4.9753,2.0675,DANGER
NODE_01,0.1505,0.0564,0.0029,SAFE
NODE_01,0.0692,0.1289,0.1351,SAFE
NODE_01,0.0479,0.2411,0.1077,SAFE
NODE_01,0.2663,0.06,0.1793,SAFE
NODE_01,2.2253,0.5235,0.9919,WARNING
NODE_01,13.7052,4.7093,7.5677,DANGER
NODE_01,0.1741,0.174,0.139,SAFE
NODE_01,0.0585,0.2993,0.0799,SAFE
NODE_01,0.1259,0.2696,0.076,SAFE
NODE_01,14.7948,2.0212,5.0938,DANGER
NODE_01,1.5263,0.585,0.9934,WARNING
NODE_01,0.5701,1.1404,1.2923,WARNING
NODE_01,11.7525,1.7753,6.2153,DANGER
NODE_01,0.2595,0.2884,0.0122,SAFE
NODE_01,0.207,0.0487,0.1621,SAFE
NODE_01,0.2546,0.0223,0.1491,SAFE
NODE_01,0.208,0.2877,0.1837,SAFE
NODE_01,0.2795,0.1792,0.1226,SAFE
NODE_01,0.2527,0.0505,0.1706,SAFE
NODE_01,0.1472,0.1225,0.0446,SAFE
NODE_01,0.1494,0.2222,0.1394,SAFE
NODE_01,0.1358,0.0845,0.1347,SAFE
NODE_01,11.6991,2.9216,2.4462,DANGER
NODE_01,0.2006,0.2144,0.0174,SAFE
NODE_01,0.2201,0.2181,0.0502,SAFE
NODE_01,8.8695,4.275,5.2773,DANGER
NODE_01,2.4769,1.1623,1.0249,WARNING
NODE_01,0.0096,0.1508,0.0873,SAFE
NODE_01,0.0184,0.2525,0.1194,SAFE
NODE_01,0.0493,0.2293,0.0883,SAFE
NODE_01,0.1112,0.1689,0.0921,SAFE
NODE_01,0.1919,0.1699,0.0105,SAFE
NODE_01,0.7281,0.5802,1.1302,WARNING
NODE_01,14.1295,1.8354,5.8773,DANGER
NODE_01,2.8424,0.7238,0.575,WARNING
NODE_01,0.1797,0.0887,0.1469,SAFE
NODE_01,0.2261,0.2993,0.1951,SAFE
NODE_01,0.0016,0.1014,0.1725,SAFE
NODE_01,0.1633,0.0922,0.1721,SAFE
NODE_01,0.2161,0.2925,0.187,SAFE
NODE_01,0.2184,0.2175,0.1073,SAFE
NODE_01,0.0178,0.2755,0.1798,SAFE
NODE_01,0.1843,0.1169,0.133,SAFE
NODE_01,0.7369,0.3572,1.2374,WARNING
NODE_01,0.0924,0.069,0.1966,SAFE
NODE_01,0.2823,0.1708,0.1713,SAFE
NODE_01,0.0086,0.1436,0.1948,SAFE
NODE_01,0.1278,0.0877,0.0952,SAFE
NODE_01,0.6659,1.1637,1.257,WARNING
NODE_01,0.1522,0.1446,0.1725,SAFE
NODE_01,0.0385,0.2868,0.1549,SAFE
NODE_01,0.0283,0.1232,0.1347,SAFE
NODE_01,4.7511,3.5773,6.8425,DANGER
NODE_01,0.1096,0.2041,0.1372,SAFE
NODE_01,0.2992,0.248,0.1099,SAFE
NODE_01,0.2972,0.0259,0.0083,SAFE
NODE_01,0.1078,0.128,0.136,SAFE
NODE_01,3.0274,0.4878,0.8148,WARNING
NODE_01,3.2743,0.8039,0.7858,WARNING
NODE_01,0.163,0.2093,0.1496,SAFE
NODE_01,0.1335,0.1515,0.1345,SAFE
NODE_01,0.0103,0.163,0.146,SAFE
NODE_01,0.762,0.8553,0.5293,WARNING
NODE_01,0.2688,0.0625,0.079,SAFE
NODE_01,0.1691,0.2678,0.0714,SAFE
NODE_01,0.1813,0.1013,0.154,SAFE
NODE_01,0.0704,0.0883,0.1885,SAFE
NODE_01,0.2544,0.2622,0.1368,SAFE
NODE_01,0.0847,0.1553,0.1874,SAFE
NODE_01,0.2015,0.0641,0.0565,SAFE
NODE_01,10.7808,2.2077,6.7152,DANGER
NODE_01,0.1674,0.1868,0.1184,SAFE
NODE_01,0.1605,0.2657,0.1223,SAFE
NODE_01,0.0429,0.2554,0.037,SAFE
NODE_01,0.2242,0.2095,0.0627,SAFE
NODE_01,0.2599,0.1573,0.0443,SAFE
NODE_01,1.4435,1.0933,1.026,WARNING
NODE_01,0.2777,0.2578,0.1658,SAFE
NODE_01,0.2123,0.2364,0.1223,SAFE
NODE_01,2.0617,0.433,1.5023,WARNING
NODE_01,0.1931,0.197,0.1522,SAFE
NODE_01,0.0914,0.0229,0.1876,SAFE
NODE_01,0.0782,0.1362,0.0354,SAFE
NODE_01,2.0657,0.3671,1.06,WARNING
NODE_01,0.1916,0.2668,0.1551,SAFE
NODE_01,0.1235,0.1724,0.0866,SAFE
NODE_01,0.0063,0.2089,0.0066,SAFE
NODE_01,0.0168,0.2301,0.137,SAFE
NODE_01,0.203,0.077,0.1189,SAFE
NODE_01,1.4144,0.8462,1.3022,WARNING
NODE_01,0.2894,0.0306,0.1195,SAFE
NODE_01,0.274,0.2531,0.039,SAFE
NODE_01,3.0894,1.1444,1.2113,WARNING
NODE_01,0.0864,0.2571,0.1567,SAFE
NODE_01,0.5322,0.9631,1.2738,WARNING
NODE_01,1.9552,0.7094,1.6535,WARNING
NODE_01,0.0224,0.0524,0.0456,SAFE
NODE_01,0.1106,0.2893,0.0676,SAFE
NODE_01,0.2199,0.2775,0.0176,SAFE
NODE_01,9.1055,3.0511,4.9279,DANGER
NODE_01,0.056,0.1843,0.1087,SAFE
NODE_01,0.127,0.2737,0.1494,SAFE
NODE_01,0.2155,0.1783,0.0529,SAFE
NODE_01,0.2887,0.101,0.0682,SAFE
NODE_01,0.1106,0.2321,0.1632,SAFE
NODE_01,2.9438,0.8813,1.2189,WARNING
NODE_01,0.0345,0.2944,0.1118,SAFE
NODE_01,9.1242,2.3979,4.9562,DANGER
NODE_01,0.2048,0.2538,0.0121,SAFE
NODE_01,7.5382,3.9516,7.0453,DANGER
NODE_01,2.6424,1.1983,0.7512,WARNING
NODE_01,2.2482,0.5691,0.4102,WARNING
NODE_01,0.2841,0.0688,0.0295,SAFE
NODE_01,3.4553,0.6752,1.5873,WARNING
NODE_01,0.1285,0.2637,0.1165,SAFE
NODE_01,0.0863,0.2987,0.0726,SAFE
NODE_01,0.2343,0.2171,0.1245,SAFE
NODE_01,11.1087,5.7806,6.441,DANGER
NODE_01,0.1804,0.1873,0.0475,SAFE
NODE_01,0.1874,0.2233,0.0348,SAFE
NODE_01,0.0808,0.0958,0.1706,SAFE
NODE_01,0.1085,0.1506,0.1798,SAFE
NODE_01,0.1455,0.1289,0.1007,SAFE
NODE_01,0.2082,0.0663,0.1994,SAFE
NODE_01,3.3703,1.0839,0.4523,WARNING
NODE_01,0.2272,0.0325,0.0403,SAFE
NODE_01,0.1793,0.0675,0.0638,SAFE
NODE_01,0.0694,0.2279,0.106,SAFE
NODE_01,0.2944,0.1039,0.0046,SAFE
NODE_01,0.0464,0.0315,0.0189,SAFE
NODE_01,0.1871,0.2149,0.1993,SAFE
NODE_01,0.259,0.2413,0.0302,SAFE
NODE_01,0.1331,0.0824,0.1081,SAFE
NODE_01,1.9683,0.5467,1.7923,WARNING
NODE_01,2.9795,0.385,1.1256,WARNING
NODE_01,0.2422,0.1831,0.163,SAFE
NODE_01,2.4658,0.7796,1.6369,WARNING
NODE_01,0.0777,0.2991,0.0514,SAFE
NODE_01,0.258,0.1993,0.0941,SAFE
NODE_01,0.12,0.2898,0.1532,SAFE
NODE_01,0.0533,0.1879,0.059,SAFE
NODE_01,0.0647,0.2411,0.1836,SAFE
NODE_01,0.1408,0.1524,0.1,SAFE
NODE_01,2.2515,0.4801,0.4445,WARNING
NODE_01,0.0507,0.2643,0.0662,SAFE
NODE_01,0.0648,0.0145,0.0886,SAFE
NODE_01,0.2952,0.2133,0.1614,SAFE
NODE_01,0.0098,0.1743,0.197,SAFE
NODE_01,0.2019,0.0697,0.0721,SAFE
NODE_01,14.6956,2.4143,2.5264,DANGER
NODE_01,6.29,4.8555,6.8574,DANGER
NODE_01,0.0887,0.2148,0.1079,SAFE
NODE_01,0.1956,0.2742,0.1474,SAFE
NODE_01,0.2145,0.1467,0.0882,SAFE
NODE_01,1.525,0.375,0.545,WARNING
NODE_01,2.6607,1.0337,1.4376,WARNING
NODE_01,0.1299,0.0945,0.0425,SAFE
NODE_01,3.3002,0.476,0.5653,WARNING
NODE_01,7.5089,2.0467,5.5439,DANGER
NODE_01,0.0229,0.1537,0.1696,SAFE
NODE_01,0.1185,0.1619,0.0028,SAFE
NODE_01,0.0954,0.1762,0.1809,SAFE
NODE_01,0.217,0.0536,0.1372,SAFE
NODE_01,0.1796,0.1019,0.1608,SAFE
NODE_01,3.1542,1.1782,1.4427,WARNING
NODE_01,2.2026,0.9305,1.4171,WARNING
NODE_01,0.1319,0.0641,0.0537,SAFE
NODE_01,0.1287,0.0304,0.1271,SAFE
NODE_01,7.9476,5.2339,5.2931,DANGER
NODE_01,0.0578,0.2798,0.1805,SAFE
NODE_01,0.1904,0.165,0.1561,SAFE
NODE_01,0.1889,0.0999,0.0645,SAFE
NODE_01,0.1872,0.0706,0.1149,SAFE
NODE_01,0.0814,0.0348,0.1341,SAFE
NODE_01,0.2844,0.2758,0.0575,SAFE
NODE_01,0.1323,0.2904,0.0461,SAFE
NODE_01,1.7566,0.8032,0.6883,WARNING
NODE_01,0.0133,0.2973,0.0778,SAFE
NODE_01,0.0783,0.1921,0.1568,SAFE
NODE_01,0.1083,0.1704,0.1464,SAFE
NODE_01,0.2016,0.2096,0.1951,SAFE
NODE_01,0.1304,0.2027,0.0304,SAFE
NODE_01,0.2481,0.215,0.0045,SAFE
NODE_01,0.0757,0.2111,0.1013,SAFE
NODE_01,2.7188,0.5085,1.7263,WARNING
NODE_01,0.2816,0.2191,0.1371,SAFE
NODE_01,0.2623,0.2718,0.198,SAFE
NODE_01,1.2241,1.1066,1.5731,WARNING
NODE_01,0.1796,0.0385,0.1368,SAFE
NODE_01,11.103,2.7222,6.9818,DANGER
NODE_01,2.1841,1.103,1.4457,WARNING
NODE_01,0.2362,0.0165,0.038,SAFE
NODE_01,0.004,0.245,0.0455,SAFE
NODE_01,0.2918,0.1273,0.0864,SAFE
NODE_01,0.0368,0.0364,0.1914,SAFE
NODE_01,0.0875,0.2949,0.1529,SAFE
NODE_01,0.2288,0.2649,0.1783,SAFE
NODE_01,1.8647,0.3919,1.0989,WARNING
NODE_01,2.788,0.5812,1.2097,WARNING
NODE_01,0.185,0.2959,0.0688,SAFE
NODE_01,0.1755,0.2064,0.0525,SAFE
NODE_01,0.0372,0.0909,0.0601,SAFE
NODE_01,0.0235,0.0737,0.0755,SAFE
NODE_01,0.8729,1.1811,1.1387,WARNING
NODE_01,9.9837,5.1333,5.6462,DANGER
NODE_01,0.2707,0.0366,0.185,SAFE
NODE_01,0.1007,0.0936,0.1151,SAFE
NODE_01,0.0696,0.2728,0.1392,SAFE
NODE_01,0.1458,0.1771,0.0303,SAFE
NODE_01,0.0174,0.2122,0.1875,SAFE
NODE_01,2.7896,0.4262,1.3707,WARNING
NODE_01,0.174,0.2,0.0768,SAFE
NODE_01,0.2245,0.1377,0.0561,SAFE
NODE_01,2.1991,0.6236,0.4002,WARNING
NODE_01,0.1835,0.2777,0.1196,SAFE
NODE_01,0.2976,0.1939,0.1578,SAFE
NODE_01,2.9904,0.5415,1.6218,WARNING
NODE_01,12.0635,3.5905,7.9505,DANGER
NODE_01,0.0882,0.2118,0.0169,SAFE
NODE_01,0.0031,0.1041,0.1317,SAFE
NODE_01,0.2771,0.0365,0.1004,SAFE
NODE_01,0.0193,0.094,0.1887,SAFE
NODE_01,2.0469,0.8975,1.6613,WARNING
NODE_01,0.0954,0.158,0.1436,SAFE
NODE_01,0.2298,0.283,0.1087,SAFE
NODE_01,0.1941,0.1516,0.0101,SAFE
NODE_01,0.1792,0.0831,0.0916,SAFE
NODE_01,0.1476,0.0194,0.0296,SAFE
NODE_01,7.4328,2.4678,2.1237,DANGER
NODE_01,0.2067,0.0799,0.0853,SAFE
NODE_01,0.1511,0.0625,0.0646,SAFE
NODE_01,5.0807,4.451,4.8441,DANGER
NODE_01,0.137,0.2881,0.0691,SAFE
NODE_01,0.1295,0.2189,0.1672,SAFE
NODE_01,7.1445,2.5919,4.8511,DANGER
NODE_01,0.037,0.1118,0.1126,SAFE
NODE_01,2.506,0.9405,1.3608,WARNING
NODE_01,0.1314,0.081,0.0245,SAFE
NODE_01,0.2614,0.0683,0.0161,SAFE
NODE_01,0.066,0.0534,0.0491,SAFE
NODE_01,0.08,0.2957,0.0283,SAFE
NODE_01,13.7723,4.9533,5.9548,DANGER
NODE_01,0.0128,0.1808,0.1507,SAFE
NODE_01,1.1304,1.1555,0.7073,WARNING
NODE_01,0.0229,0.2785,0.0295,SAFE
NODE_01,0.1855,0.2589,0.1064,SAFE
NODE_01,0.2467,0.0391,0.1613,SAFE
NODE_01,0.2633,0.2337,0.0701,SAFE
NODE_01,0.0547,0.0846,0.1794,SAFE
NODE_01,0.0935,0.1884,0.0415,SAFE
NODE_01,2.7069,0.4685,0.9497,WARNING
NODE_01,8.5979,4.2907,4.5261,DANGER
NODE_01,0.0168,0.1643,0.1978,SAFE
NODE_01,0.1417,0.0923,0.1099,SAFE
NODE_01,0.067,0.1537,0.1517,SAFE
NODE_01,1.9258,0.6736,1.5354,WARNING
NODE_01,0.2468,0.284,0.1135,SAFE
NODE_01,2.4445,0.7004,1.3292,WARNING
NODE_01,0.0833,0.264,0.0938,SAFE
NODE_01,0.1236,0.1607,0.1585,SAFE
NODE_01,0.0748,0.1351,0.0729,SAFE
NODE_01,2.3256,0.8203,1.331,WARNING
NODE_01,14.1397,5.1394,7.9828,DANGER
NODE_01,0.145,0.2938,0.1039,SAFE
NODE_01,0.1996,0.2312,0.0857,SAFE
NODE_01,3.3659,0.5506,1.5431,WARNING
NODE_01,0.191,0.2558,0.0164,SAFE
NODE_01,9.3412,3.8589,7.4073,DANGER
NODE_01,0.1825,0.0982,0.1501,SAFE
NODE_01,0.0618,0.0517,0.1099,SAFE
NODE_01,0.02,0.2511,0.1023,SAFE
NODE_01,1.5388,0.931,1.0342,WARNING
NODE_01,3.246,0.8992,0.8343,WARNING
NODE_01,0.1962,0.102,0.0555,SAFE
NODE_01,0.1081,0.0139,0.0401,SAFE
NODE_01,0.1592,0.0609,0.1554,SAFE
NODE_01,0.2542,0.1644,0.1803,SAFE
NODE_01,0.257,0.2865,0.066,SAFE
NODE_01,0.283,0.0939,0.1761,SAFE
NODE_01,0.2603,0.1961,0.0352,SAFE
NODE_01,0.1575,0.2931,0.0081,SAFE
NODE_01,0.0753,0.0821,0.0671,SAFE
NODE_01,3.0922,1.1348,1.6139,WARNING
NODE_01,0.293,0.0298,0.0864,SAFE
NODE_01,13.0141,5.0498,5.7869,DANGER
NODE_01,0.1844,0.2857,0.1617,SAFE
NODE_01,3.1058,0.9568,0.6619,WARNING
NODE_01,1.9175,0.6724,0.8638,WARNING
NODE_01,1.9468,0.7822,0.6596,WARNING
NODE_01,0.167,0.1414,0.0816,SAFE
NODE_01,0.202,0.0773,0.1562,SAFE
NODE_01,0.0418,0.0327,0.1986,SAFE
NODE_01,1.8229,1.1052,1.5185,WARNING
NODE_01,0.1912,0.2328,0.1236,SAFE
NODE_01,0.0351,0.1333,0.0448,SAFE
NODE_01,0.1451,0.2426,0.0368,SAFE
NODE_01,0.0963,0.1465,0.0378,SAFE
NODE_01,0.195,0.1837,0.0927,SAFE
NODE_01,0.5455,0.8928,0.9019,WARNING
NODE_01,0.2478,0.0789,0.1395,SAFE
NODE_01,0.219,0.0861,0.1381,SAFE
NODE_01,0.1471,0.1513,0.1384,SAFE
NODE_01,3.3519,1.0248,0.9532,WARNING
NODE_01,0.2971,0.2275,0.0742,SAFE
NODE_01,0.2283,0.0458,0.02,SAFE
NODE_01,0.1999,0.0102,0.033,SAFE
NODE_01,0.2844,0.1949,0.1928,SAFE
NODE_01,0.293,0.1332,0.051,SAFE
NODE_01,0.2492,0.0319,0.0874,SAFE
NODE_01,0.0655,0.0861,0.1739,SAFE
NODE_01,7.6233,1.9816,4.4648,DANGER
NODE_01,0.0582,0.2515,0.1249,SAFE
NODE_01,0.0283,0.1527,0.1805,SAFE
NODE_01,0.097,0.2994,0.0189,SAFE
NODE_01,0.2231,0.2907,0.1442,SAFE
NODE_01,0.0533,0.1341,0.0363,SAFE
NODE_01,0.9622,0.8579,1.5811,WARNING
NODE_01,0.2344,0.2156,0.0586,SAFE
NODE_01,0.1115,0.2734,0.0012,SAFE
NODE_01,0.1147,0.0545,0.1329,SAFE
NODE_01,0.1987,0.1303,0.0291,SAFE
NODE_01,2.4443,0.9342,0.9677,WARNING
NODE_01,0.052,0.2539,0.0626,SAFE
NODE_01,0.0211,0.1083,0.094,SAFE
NODE_01,8.475,4.4457,5.4763,DANGER
NODE_01,3.217,0.7055,0.9924,WARNING
NODE_01,0.0502,0.2681,0.1572,SAFE
NODE_01,0.2435,0.08,0.0612,SAFE
NODE_01,3.1306,0.5035,1.212,WARNING
NODE_01,0.2662,0.1373,0.0308,SAFE
NODE_01,0.0283,0.2579,0.1803,SAFE
NODE_01,0.2482,0.0648,0.1434,SAFE
NODE_01,0.1538,0.2589,0.0391,SAFE
NODE_01,2.8371,0.4406,1.3315,WARNING
NODE_01,0.1383,0.0728,0.0182,SAFE
NODE_01,0.1497,0.2347,0.1079,SAFE
NODE_01,2.7169,0.5481,1.1951,WARNING
NODE_01,4.2488,1.8115,7.7491,DANGER
NODE_01,0.2916,0.2353,0.1831,SAFE
NODE_01,0.0131,0.0547,0.0948,SAFE
NODE_01,0.2634,0.0802,0.179,SAFE
NODE_01,0.2879,0.0768,0.1333,SAFE
NODE_01,0.0242,0.2566,0.0896,SAFE
NODE_01,2.2751,0.5006,1.6266,WARNING
NODE_01,0.1126,0.2534,0.0397,SAFE
NODE_01,0.1155,0.1193,0.0463,SAFE
NODE_01,0.1876,0.1659,0.1482,SAFE
NODE_01,0.0552,0.2799,0.02,SAFE
NODE_01,0.2932,0.239,0.1935,SAFE
NODE_01,8.3424,4.065,6.9594,DANGER
NODE_01,0.1962,0.0709,0.088,SAFE
NODE_01,7.3524,2.8509,4.0493,DANGER
NODE_01,0.0157,0.0592,0.0755,SAFE
NODE_01,0.6015,0.8717,0.8573,WARNING
NODE_01,0.019,0.1412,0.0023,SAFE
NODE_01,1.919,1.0736,1.5265,WARNING
NODE_01,0.1739,0.2398,0.1687,SAFE
NODE_01,0.1718,0.2843,0.1764,SAFE
NODE_01,0.1132,0.1316,0.1046,SAFE
NODE_01,0.251,0.0293,0.1554,SAFE
NODE_01,0.0046,0.1482,0.0253,SAFE
NODE_01,0.1839,0.2241,0.0749,SAFE
NODE_01,0.0987,0.2316,0.1066,SAFE
NODE_01,0.0333,0.2715,0.0098,SAFE
NODE_01,0.2517,0.2077,0.1618,SAFE
NODE_01,0.0225,0.0998,0.0563,SAFE
NODE_01,6.1131,4.333,4.5078,DANGER
NODE_01,0.1769,0.2007,0.0865,SAFE
NODE_01,0.2975,0.0641,0.0912,SAFE
NODE_01,0.0373,0.1294,0.0464,SAFE
NODE_01,0.1559,0.0331,0.1028,SAFE
NODE_01,0.2568,0.0244,0.1161,SAFE
NODE_01,0.0411,0.2665,0.1609,SAFE
NODE_01,0.9766,0.6918,0.8531,WARNING
NODE_01,0.151,0.2638,0.0416,SAFE
NODE_01,0.2901,0.1719,0.0025,SAFE
NODE_01,0.009,0.058,0.0233,SAFE
NODE_01,0.1523,0.1598,0.0619,SAFE
NODE_01,0.1612,0.0245,0.178,SAFE
NODE_01,3.056,0.6925,1.4347,WARNING
NODE_01,0.0256,0.0998,0.1385,SAFE
NODE_01,0.2158,0.1647,0.0151,SAFE
NODE_01,11.3633,5.7537,2.8903,DANGER
NODE_01,0.2427,0.0143,0.1163,SAFE
NODE_01,0.1417,0.2838,0.0697,SAFE
NODE_01,0.0945,0.2124,0.1066,SAFE
NODE_01,0.0976,0.0963,0.0379,SAFE
NODE_01,0.1723,0.2542,0.1161,SAFE
NODE_01,0.113,0.2149,0.0381,SAFE
NODE_01,0.1046,0.2838,0.102,SAFE
NODE_01,5.5653,4.4726,2.8732,DANGER
NODE_01,0.1665,0.1717,0.1765,SAFE
NODE_01,0.2761,0.1013,0.1568,SAFE
NODE_01,0.2321,0.0817,0.1414,SAFE
NODE_01,0.2602,0.1907,0.0286,SAFE
NODE_01,1.2285,1.1477,0.648,WARNING
NODE_01,0.2838,0.1014,0.1517,SAFE
NODE_01,0.0604,0.1354,0.0368,SAFE
NODE_01,0.0975,0.2874,0.178,SAFE
NODE_01,1.9391,0.7649,0.5982,WARNING
NODE_01,0.6782,0.3877,1.008,WARNING
NODE_01,2.6496,0.5564,0.9591,WARNING
NODE_01,0.0633,0.215,0.1093,SAFE
NODE_01,2.3284,0.966,0.4003,WARNING
NODE_01,5.624,1.9476,4.7559,DANGER
NODE_01,0.0448,0.208,0.1673,SAFE
NODE_01,0.054,0.2098,0.0688,SAFE
NODE_01,0.2654,0.0339,0.0994,SAFE
NODE_01,0.2805,0.085,0.0291,SAFE
NODE_01,0.0214,0.1857,0.1046,SAFE
NODE_01,0.2316,0.2454,0.0025,SAFE
NODE_01,0.0658,0.2597,0.0342,SAFE
NODE_01,0.2578,0.1032,0.0769,SAFE
NODE_01,0.2056,0.1812,0.0111,SAFE
NODE_01,0.2271,0.2055,0.0862,SAFE
NODE_01,1.8742,0.5464,0.7034,WARNING
NODE_01,0.2621,0.1384,0.1011,SAFE
NODE_01,2.5693,0.4374,1.1156,WARNING
NODE_01,0.0811,0.2283,0.0136,SAFE
NODE_01,0.1512,0.0444,0.1192,SAFE
NODE_01,8.5019,5.0546,7.3476,DANGER
NODE_01,0.0416,0.2869,0.142,SAFE
NODE_01,0.1769,0.2029,0.1244,SAFE
NODE_01,0.0622,0.118,0.0871,SAFE
NODE_01,0.2453,0.1818,0.0923,SAFE
NODE_01,0.2696,0.0687,0.1488,SAFE
NODE_01,0.294,0.1095,0.1464,SAFE
NODE_01,2.1952,1.1062,0.9903,WARNING
NODE_01,13.8927,1.6486,2.9002,DANGER
NODE_01,0.2904,0.194,0.0624,SAFE
NODE_01,0.1958,0.0381,0.0216,SAFE
NODE_01,0.0901,0.2331,0.1854,SAFE
NODE_01,0.1192,0.0323,0.043,SAFE
NODE_01,0.2958,0.1717,0.1789,SAFE
NODE_01,0.0455,0.248,0.1598,SAFE
NODE_01,1.1698,0.9034,1.3079,WARNING
NODE_01,0.2875,0.1293,0.1145,SAFE
NODE_01,0.1666,0.0596,0.0796,SAFE
NODE_01,0.1308,0.1079,0.0712,SAFE
NODE_01,2.5073,0.9501,0.8148,WARNING
NODE_01,0.0917,0.0833,0.1567,SAFE
NODE_01,0.2228,0.1244,0.0601,SAFE
NODE_01,0.2404,0.2337,0.0658,SAFE
NODE_01,0.1293,0.2316,0.1707,SAFE
NODE_01,11.7338,3.4393,5.4679,DANGER
NODE_01,0.1016,0.2934,0.0386,SAFE
NODE_01,0.0643,0.2574,0.1794,SAFE
NODE_01,1.7599,0.6598,0.6727,WARNING
NODE_01,2.2713,1.0279,1.3077,WARNING
NODE_01,0.0544,0.1941,0.0271,SAFE
NODE_01,0.0695,0.1089,0.0538,SAFE
NODE_01,13.38,4.6163,2.4492,DANGER
NODE_01,0.248,0.1539,0.0602,SAFE
NODE_01,0.2857,0.2487,0.092,SAFE
NODE_01,0.1814,0.2347,0.0126,SAFE
NODE_01,11.4256,2.6698,5.8801,DANGER
NODE_01,0.1112,0.269,0.1756,SAFE
NODE_01,0.7436,0.6044,0.4376,WARNING
NODE_01,0.5582,0.4849,0.7755,WARNING
NODE_01,0.0757,0.119,0.0617,SAFE
NODE_01,0.1201,0.1924,0.1235,SAFE
NODE_01,0.1184,0.0779,0.1583,SAFE
NODE_01,11.9821,3.4358,6.4679,DANGER
NODE_01,0.0245,0.158,0.1996,SAFE
NODE_01,0.0917,0.0827,0.1404,SAFE
NODE_01,0.235,0.0311,0.1288,SAFE
NODE_01,3.1442,1.0475,1.3871,WARNING
NODE_01,1.3133,0.8666,0.4517,WARNING
NODE_01,4.236,5.6034,4.9735,DANGER
NODE_01,0.2896,0.2389,0.0233,SAFE
NODE_01,0.2042,0.2523,0.1376,SAFE
NODE_01,1.3439,1.1768,1.0138,WARNING
NODE_01,0.0926,0.0534,0.1686,SAFE
NODE_01,0.1699,0.0721,0.0455,SAFE
NODE_01,3.1031,0.5394,0.9341,WARNING
NODE_01,4.9612,2.887,2.7346,DANGER
NODE_01,0.1793,0.1349,0.1894,SAFE
NODE_01,0.229,0.2697,0.1122,SAFE
NODE_01,0.7046,0.5059,0.9802,WARNING
NODE_01,0.1071,0.2912,0.0133,SAFE
NODE_01,2.6401,1.0843,0.9675,WARNING
NODE_01,0.0661,0.0936,0.087,SAFE
NODE_01,0.1026,0.0887,0.0774,SAFE
NODE_01,0.1603,0.1047,0.0554,SAFE
NODE_01,0.0198,0.1117,0.127,SAFE
NODE_01,0.1784,0.1733,0.074,SAFE
NODE_01,0.273,0.24,0.1157,SAFE
NODE_01,0.2639,0.0406,0.0247,SAFE
NODE_01,0.1365,0.0675,0.1155,SAFE
NODE_01,0.1753,0.2429,0.0418,SAFE
NODE_01,0.2693,0.1511,0.0132,SAFE
NODE_01,0.024,0.1306,0.023,SAFE
NODE_01,0.0188,0.0392,0.0378,SAFE
NODE_01,0.2357,0.2604,0.1183,SAFE
NODE_01,0.044,0.2421,0.0026,SAFE
NODE_01,0.0405,0.0507,0.1007,SAFE
NODE_01,1.1559,1.0448,1.427,WARNING
NODE_01,0.2553,0.0521,0.0228,SAFE
NODE_01,1.1913,0.9367,1.4445,WARNING
NODE_01,1.0014,0.9071,0.7636,WARNING
NODE_01,0.5663,0.8241,0.9214,WARNING
NODE_01,0.2164,0.0967,0.1923,SAFE
NODE_01,2.3319,0.4692,1.6878,WARNING
NODE_01,0.1304,0.1448,0.0775,SAFE
NODE_01,0.1953,0.2045,0.0753,SAFE
NODE_01,0.0935,0.1343,0.1549,SAFE
NODE_01,0.0753,0.1235,0.0045,SAFE
NODE_01,0.0818,0.2822,0.0655,SAFE
NODE_01,0.043,0.2046,0.1308,SAFE
NODE_01,0.07,0.1644,0.119,SAFE
NODE_01,0.2511,0.2541,0.0308,SAFE
NODE_01,3.37,0.6905,0.8716,WARNING
NODE_01,14.8801,4.5028,2.0694,DANGER
NODE_01,0.1854,0.0142,0.1905,SAFE
NODE_01,2.117,0.7346,0.9491,WARNING
NODE_01,0.2289,0.1908,0.1419,SAFE
NODE_01,0.2909,0.0357,0.0923,SAFE
NODE_01,0.2402,0.0404,0.0845,SAFE
NODE_01,0.2305,0.1606,0.1744,SAFE
NODE_01,0.2898,0.0719,0.0716,SAFE
NODE_01,0.0899,0.2812,0.0454,SAFE
NODE_01,2.3722,0.4438,0.5494,WARNING
NODE_01,0.1715,0.2005,0.153,SAFE
NODE_01,2.986,0.9473,1.5087,WARNING
NODE_01,0.0714,0.2214,0.1691,SAFE
NODE_01,0.7243,1.1376,0.7427,WARNING
NODE_01,11.7678,3.6481,6.5222,DANGER
NODE_01,0.1273,0.1838,0.046,SAFE
NODE_01,0.0255,0.2736,0.1659,SAFE
NODE_01,0.2747,0.2883,0.1897,SAFE
NODE_01,0.0938,0.2299,0.1152,SAFE
NODE_01,3.197,0.9405,0.5036,WARNING
NODE_01,0.0794,0.0546,0.1122,SAFE
NODE_01,0.1429,0.0603,0.055,SAFE
NODE_01,0.0779,0.2626,0.0714,SAFE
NODE_01,0.1667,0.1959,0.041,SAFE
NODE_01,0.1262,0.1759,0.1615,SAFE
NODE_01,0.1807,0.0871,0.1348,SAFE
NODE_01,4.1528,2.9601,2.2858,DANGER
NODE_01,0.1312,0.1773,0.1794,SAFE
NODE_01,0.1628,0.0592,0.1914,SAFE
NODE_01,0.1874,0.0475,0.0354,SAFE
NODE_01,0.0492,0.2203,0.1079,SAFE
NODE_01,0.2875,0.1223,0.0968,SAFE
NODE_01,11.0924,3.2697,5.4915,DANGER
NODE_01,0.2457,0.1416,0.0785,SAFE
NODE_01,0.0863,0.0262,0.1744,SAFE
NODE_01,0.2985,0.0158,0.1911,SAFE
NODE_01,0.0627,0.1206,0.0284,SAFE
NODE_01,2.8625,0.7646,1.608,WARNING
NODE_01,0.1387,0.0287,0.0922,SAFE
NODE_01,14.6411,2.3764,4.2446,DANGER
NODE_01,0.2672,0.0948,0.0841,SAFE
NODE_01,3.0048,0.5526,1.3373,WARNING
NODE_01,0.0437,0.0134,0.1567,SAFE
NODE_01,0.1598,0.2905,0.1438,SAFE
NODE_01,7.7269,5.768,7.2822,DANGER
NODE_01,0.1205,0.1774,0.0308,SAFE
NODE_01,0.019,0.1535,0.1176,SAFE
NODE_01,2.0444,0.4601,1.2666,WARNING
NODE_01,6.4883,3.1723,6.4065,DANGER
NODE_01,0.0985,0.1687,0.1112,SAFE
NODE_01,0.1609,0.0421,0.136,SAFE
NODE_01,3.2233,0.6119,0.8767,WARNING
NODE_01,0.2311,0.1093,0.0834,SAFE
NODE_01,11.5064,2.4384,4.5752,DANGER
NODE_01,0.241,0.1363,0.0053,SAFE
NODE_01,0.1872,0.1352,0.1367,SAFE
NODE_01,0.2409,0.0431,0.1517,SAFE
NODE_01,0.2374,0.2653,0.0663,SAFE
NODE_01,9.6784,5.619,7.0719,DANGER
NODE_01,0.2188,0.2265,0.0249,SAFE
NODE_01,2.7093,1.1246,0.9426,WARNING
NODE_01,2.3916,0.771,0.5595,WARNING
NODE_01,0.2883,0.1454,0.039,SAFE
NODE_01,10.759,2.8096,3.3962,DANGER
NODE_01,0.5468,0.5343,1.0649,WARNING
NODE_01,0.2201,0.2781,0.0924,SAFE
NODE_01,1.543,0.7611,1.3039,WARNING
NODE_01,0.0586,0.278,0.0994,SAFE
NODE_01,0.2534,0.0614,0.1326,SAFE
NODE_01,0.1572,0.276,0.1368,SAFE
NODE_01,0.1547,0.1165,0.0376,SAFE
NODE_01,0.2834,0.0441,0.0882,SAFE
NODE_01,0.1457,0.0276,0.0336,SAFE
NODE_01,0.1637,0.053,0.1876,SAFE
NODE_01,0.294,0.0673,0.0234,SAFE
NODE_01,1.9059,0.9659,1.4201,WARNING
NODE_01,7.1668,2.6156,3.1062,DANGER
NODE_01,0.0732,0.215,0.1141,SAFE
NODE_01,4.8775,2.2038,7.1215,DANGER
NODE_01,0.0161,0.1428,0.0883,SAFE
NODE_01,0.1702,0.2097,0.1073,SAFE
NODE_01,0.9182,1.0506,1.1489,WARNING
NODE_01,0.0197,0.1489,0.0729,SAFE
NODE_01,0.2745,0.1253,0.1237,SAFE
NODE_01,0.0295,0.1656,0.0072,SAFE
NODE_01,3.4062,1.0233,0.5306,WARNING
NODE_01,0.0367,0.2634,0.0463,SAFE
NODE_01,0.0226,0.1442,0.0945,SAFE
NODE_01,0.1264,0.204,0.1506,SAFE
NODE_01,0.1676,0.1861,0.1841,SAFE
NODE_01,3.0703,1.0201,1.2166,WARNING
NODE_01,0.027,0.0309,0.0445,SAFE
NODE_01,0.001,0.0531,0.0904,SAFE
NODE_01,0.0958,0.2347,0.005,SAFE
NODE_01,0.783,0.802,0.4812,WARNING
NODE_01,0.1413,0.2069,0.1196,SAFE
NODE_01,0.2245,0.0501,0.116,SAFE
NODE_01,0.1742,0.2001,0.1783,SAFE
NODE_01,0.1785,0.1012,0.1219,SAFE
NODE_01,0.083,0.1636,0.0268,SAFE
NODE_01,2.4093,0.8143,0.9441,WARNING
NODE_01,0.1762,0.2837,0.0755,SAFE
NODE_01,0.0661,0.1882,0.1166,SAFE
NODE_01,0.2824,0.2181,0.0215,SAFE
NODE_01,1.7068,1.1345,0.4384,WARNING
NODE_01,2.4825,0.8581,0.6193,WARNING
NODE_01,0.1734,0.0285,0.1557,SAFE
NODE_01,0.0202,0.188,0.1602,SAFE
NODE_01,0.1005,0.1844,0.1124,SAFE
NODE_01,0.2087,0.0762,0.1164,SAFE
NODE_01,0.2693,0.2409,0.1223,SAFE
NODE_01,0.2426,0.0655,0.1089,SAFE
NODE_01,0.0429,0.1292,0.1031,SAFE
NODE_01,0.268,0.0565,0.0242,SAFE
NODE_01,9.4853,3.295,5.1901,DANGER
NODE_01,0.2508,0.0251,0.0951,SAFE
NODE_01,0.0173,0.0389,0.03,SAFE
NODE_01,0.1117,0.2436,0.1289,SAFE
NODE_01,0.1796,0.0909,0.0608,SAFE
NODE_01,0.1288,0.2631,0.1478,SAFE
NODE_01,0.0302,0.2503,0.0116,SAFE
NODE_01,0.1645,0.147,0.142,SAFE
NODE_01,0.2563,0.0357,0.1188,SAFE
NODE_01,0.0307,0.0962,0.0068,SAFE
NODE_01,0.1973,0.1973,0.1795,SAFE
NODE_01,0.1479,0.2975,0.0643,SAFE
NODE_01,0.1636,0.1936,0.1464,SAFE
NODE_01,2.6038,1.1784,0.924,WARNING
NODE_01,0.0551,0.2698,0.0665,SAFE
NODE_01,0.1214,0.0789,0.0265,SAFE
NODE_01,14.154,3.0437,7.7243,DANGER
NODE_01,0.0337,0.1445,0.0744,SAFE
NODE_01,0.1783,0.1284,0.0441,SAFE
NODE_01,0.5278,0.7233,1.1184,WARNING
NODE_01,0.1872,0.1156,0.1007,SAFE
NODE_01,0.0921,0.1044,0.1628,SAFE
NODE_01,0.0615,0.279,0.1398,SAFE
NODE_01,0.2358,0.1853,0.1835,SAFE
NODE_01,3.3334,1.0347,1.1686,WARNING
NODE_01,0.2196,0.2347,0.0866,SAFE
NODE_01,7.1699,4.4895,2.6087,DANGER
NODE_01,0.1746,0.2888,0.1861,SAFE
NODE_01,0.2852,0.101,0.0621,SAFE
NODE_01,0.0881,0.0346,0.094,SAFE
NODE_01,2.4131,0.7292,0.8413,WARNING
NODE_01,0.2799,0.0623,0.1765,SAFE
NODE_01,2.1269,0.6881,1.4777,WARNING
NODE_01,2.5034,1.0397,0.4325,WARNING
NODE_01,0.2091,0.2177,0.0044,SAFE
NODE_01,0.0852,0.0261,0.0592,SAFE
NODE_01,11.1218,1.783,7.2017,DANGER
NODE_01,2.9946,1.1803,1.1773,WARNING
NODE_01,0.1021,0.1794,0.0996,SAFE
NODE_01,3.0806,0.4502,1.5869,WARNING
NODE_01,2.4574,0.4287,1.3429,WARNING
NODE_01,1.516,0.694,0.7665,WARNING
NODE_01,0.1099,0.1912,0.1266,SAFE
NODE_01,3.0707,1.1402,0.6519,WARNING
NODE_01,0.1543,0.2931,0.0806,SAFE
NODE_01,0.223,0.0637,0.1154,SAFE
NODE_01,0.2425,0.2797,0.1428,SAFE
NODE_01,0.6361,0.68,0.8611,WARNING
NODE_01,0.1071,0.1263,0.0618,SAFE
NODE_01,0.111,0.2217,0.0223,SAFE
NODE_01,0.2697,0.0427,0.1626,SAFE
NODE_01,2.6209,1.1708,1.7436,WARNING
NODE_01,0.0585,0.2938,0.0206,SAFE
NODE_01,0.134,0.0572,0.1421,SAFE
NODE_01,0.2131,0.098,0.0342,SAFE
NODE_01,1.5759,0.4736,1.0159,WARNING
NODE_01,0.1175,0.0959,0.1326,SAFE
NODE_01,0.2683,0.0689,0.0382,SAFE
NODE_01,1.9699,0.7134,0.45,WARNING
NODE_01,0.1274,0.0773,0.1146,SAFE
NODE_01,4.6391,5.6151,5.0212,DANGER
NODE_01,2.0458,0.5766,1.5216,WARNING
NODE_01,3.3266,0.7893,0.6428,WARNING
NODE_01,0.0951,0.266,0.1157,SAFE
NODE_01,0.0195,0.2182,0.0144,SAFE
NODE_01,0.2948,0.1671,0.0158,SAFE
NODE_01,0.163,0.2064,0.1768,SAFE
NODE_01,0.0477,0.2416,0.1621,SAFE
NODE_01,1.8272,0.7449,0.977,WARNING
NODE_01,0.1625,0.1804,0.1844,SAFE
NODE_01,0.1149,0.0578,0.0783,SAFE
NODE_01,0.0999,0.2471,0.1511,SAFE
NODE_01,0.2639,0.1677,0.0532,SAFE
NODE_01,0.2047,0.0875,0.0744,SAFE
NODE_01,0.1532,0.0725,0.0276,SAFE
NODE_01,0.1035,0.0807,0.0707,SAFE
NODE_01,0.1421,0.0771,0.137,SAFE
NODE_01,3.1834,0.5149,1.7644,WARNING
NODE_01,2.9473,0.9596,0.9948,WARNING
NODE_01,0.2124,0.031,0.1529,SAFE
NODE_01,0.2816,0.2528,0.1887,SAFE
NODE_01,0.0901,0.1502,0.13,SAFE
NODE_01,5.4533,5.0535,6.9305,DANGER
NODE_01,0.0791,0.2827,0.1766,SAFE
NODE_01,0.1092,0.2605,0.0042,SAFE
NODE_01,0.15,0.1816,0.1097,SAFE
NODE_01,0.2533,0.1239,0.0876,SAFE
NODE_01,0.0626,0.0927,0.1385,SAFE
NODE_01,3.057,0.9278,0.9434,WARNING
NODE_01,1.338,0.9339,0.462,WARNING
NODE_01,0.155,0.161,0.1692,SAFE
NODE_01,0.2763,0.14,0.1772,SAFE
NODE_01,3.4309,0.4353,0.5669,WARNING
NODE_01,0.1925,0.1078,0.1964,SAFE
NODE_01,0.2686,0.1503,0.1181,SAFE
NODE_01,0.2668,0.0467,0.1467,SAFE
NODE_01,1.1111,0.8381,1.0312,WARNING
NODE_01,0.0326,0.1563,0.0871,SAFE
NODE_01,9.0974,2.8188,4.74,DANGER
NODE_01,11.7857,3.8038,3.2431,DANGER
NODE_01,0.0229,0.2822,0.0821,SAFE
NODE_01,4.3098,5.604,5.3956,DANGER
NODE_01,0.0568,0.0286,0.1823,SAFE
NODE_01,0.1824,0.1014,0.029,SAFE
NODE_01,0.2025,0.2114,0.1386,SAFE
NODE_01,0.0395,0.2943,0.1437,SAFE
NODE_01,0.6981,0.6864,1.2864,WARNING
NODE_01,0.24,0.1999,0.1879,SAFE
NODE_01,0.1644,0.2402,0.1103,SAFE
NODE_01,0.5745,0.7352,0.6072,WARNING
NODE_01,0.152,0.2289,0.065,SAFE
NODE_01,0.2453,0.1383,0.1095,SAFE
NODE_01,0.2301,0.0889,0.0592,SAFE
NODE_01,0.9555,1.0348,1.0622,WARNING
NODE_01,0.2549,0.2746,0.0982,SAFE
NODE_01,0.1418,0.1609,0.1014,SAFE
NODE_01,0.0109,0.0316,0.1435,SAFE
NODE_01,0.1513,0.1236,0.1831,SAFE
NODE_01,0.2041,0.1649,0.1371,SAFE
NODE_01,0.253,0.2195,0.0108,SAFE
NODE_01,0.113,0.0506,0.1515,SAFE
NODE_01,0.2729,0.0537,0.0157,SAFE
NODE_01,3.0861,1.0037,1.0735,WARNING
NODE_01,1.9679,0.3881,1.0277,WARNING
NODE_01,0.1789,0.2476,0.079,SAFE
NODE_01,0.1619,0.2552,0.198,SAFE
NODE_01,10.904,3.4977,3.3389,DANGER
NODE_01,0.103,0.2919,0.1878,SAFE
NODE_01,0.0346,0.2081,0.1392,SAFE
NODE_01,5.0215,4.9018,3.8979,DANGER
NODE_01,0.2788,0.1099,0.1869,SAFE
NODE_01,0.2402,0.2943,0.171,SAFE
NODE_01,7.7253,1.603,7.9434,DANGER
NODE_01,0.1447,0.1828,0.0721,SAFE
NODE_01,0.28,0.1036,0.1623,SAFE
NODE_01,0.04,0.2284,0.0773,SAFE
NODE_01,0.2311,0.0798,0.099,SAFE
NODE_01,0.2529,0.1785,0.0139,SAFE
NODE_01,0.1202,0.2227,0.169,SAFE
NODE_01,0.0528,0.2332,0.1002,SAFE
NODE_01,3.2014,0.5659,0.9501,WARNING
NODE_01,2.1529,0.6547,0.521,WARNING
NODE_01,0.269,0.1522,0.0329,SAFE
NODE_01,0.0601,0.0962,0.0638,SAFE
NODE_01,0.0418,0.0238,0.1259,SAFE
NODE_01,0.0987,0.2677,0.092,SAFE
NODE_01,0.1003,0.2179,0.1227,SAFE
NODE_01,1.8468,0.6621,1.2913,WARNING
NODE_01,0.2677,0.0307,0.1631,SAFE
NODE_01,0.1884,0.0567,0.1422,SAFE
NODE_01,0.0934,0.2922,0.1548,SAFE
NODE_01,0.2199,0.2511,0.1307,SAFE
NODE_01,0.196,0.2364,0.118,SAFE
NODE_01,2.5976,0.5674,1.7877,WARNING
NODE_01,0.1189,0.0593,0.0508,SAFE
NODE_01,2.4979,0.4321,1.1425,WARNING
NODE_01,0.0795,0.011,0.0777,SAFE
NODE_01,0.2999,0.0446,0.1965,SAFE
NODE_01,2.6194,1.1422,1.5363,WARNING
NODE_01,1.8043,0.4461,1.4228,WARNING
NODE_01,0.7931,0.7263,1.557,WARNING
NODE_01,2.8267,0.9619,1.0482,WARNING
NODE_01,0.082,0.0159,0.045,SAFE
NODE_01,7.2289,2.9849,3.4642,DANGER
NODE_01,0.2446,0.0509,0.026,SAFE
NODE_01,0.2575,0.0881,0.0591,SAFE
NODE_01,0.1263,0.1437,0.0773,SAFE
NODE_01,0.0271,0.2219,0.0554,SAFE
NODE_01,0.2646,0.0546,0.165,SAFE
NODE_01,0.0893,0.1087,0.1818,SAFE
NODE_01,2.4341,0.6879,0.7811,WARNING
NODE_01,0.508,0.6717,0.7761,WARNING
NODE_01,0.2473,0.0454,0.1037,SAFE
NODE_01,0.1743,0.1331,0.031,SAFE
NODE_01,0.2022,0.0371,0.1636,SAFE
NODE_01,3.2112,0.5135,0.8779,WARNING
NODE_01,3.4337,0.4566,1.389,WARNING
NODE_01,0.1297,0.2594,0.1848,SAFE
NODE_01,0.2382,0.0493,0.1559,SAFE
NODE_01,0.0491,0.22,0.0676,SAFE
NODE_01,10.3387,5.3973,5.1881,DANGER
NODE_01,0.0326,0.1372,0.1307,SAFE
NODE_01,10.8962,2.7473,7.2672,DANGER
NODE_01,0.0215,0.2935,0.1701,SAFE
NODE_01,1.7144,0.6085,0.893,WARNING
NODE_01,0.2904,0.2239,0.1173,SAFE
NODE_01,0.0837,0.1368,0.0147,SAFE
NODE_01,0.0642,0.2835,0.0324,SAFE
NODE_01,0.0227,0.2471,0.1482,SAFE
NODE_01,0.1754,0.0243,0.1737,SAFE
NODE_01,6.9039,1.8278,3.9185,DANGER
NODE_01,0.0437,0.0124,0.1961,SAFE
NODE_01,0.1084,0.268,0.0948,SAFE
NODE_01,0.2772,0.0988,0.1335,SAFE
NODE_01,3.4077,0.4583,1.0033,WARNING
NODE_01,1.7506,1.1151,1.582,WARNING
NODE_01,9.4939,2.2258,4.044,DANGER
NODE_01,0.019,0.0622,0.1687,SAFE
NODE_01,9.8024,3.4996,5.2466,DANGER
NODE_01,0.1108,0.2789,0.0439,SAFE
NODE_01,14.5662,5.2134,4.1553,DANGER
NODE_01,3.2768,0.4195,0.7451,WARNING
NODE_01,0.0669,0.0341,0.0614,SAFE
NODE_01,3.2613,0.4039,0.887,WARNING
NODE_01,4.451,5.8367,3.2876,DANGER
NODE_01,0.1712,0.1512,0.1398,SAFE
NODE_01,1.6617,0.7039,1.5163,WARNING
NODE_01,0.0209,0.0355,0.069,SAFE
NODE_01,0.089,0.2575,0.0204,SAFE
NODE_01,8.5837,3.6464,3.6492,DANGER
NODE_01,0.1932,0.1155,0.122,SAFE
NODE_01,9.6512,4.0731,4.3334,DANGER
NODE_01,0.2702,0.1564,0.0984,SAFE
NODE_01,0.2411,0.1128,0.0677,SAFE
NODE_01,11.8409,4.6022,6.8008,DANGER
NODE_01,0.2034,0.0454,0.081,SAFE
NODE_01,1.071,0.5412,0.9806,WARNING
NODE_01,0.0912,0.0427,0.022,SAFE
NODE_01,0.0379,0.0527,0.1598,SAFE
NODE_01,10.0928,4.105,2.3872,DANGER
NODE_01,0.1718,0.288,0.0837,SAFE
NODE_01,0.0728,0.0279,0.1967,SAFE
NODE_01,0.0163,0.0482,0.0268,SAFE
NODE_01,0.1247,0.0964,0.1159,SAFE
NODE_01,0.0564,0.0132,0.0339,SAFE
NODE_01,0.1372,0.1069,0.147,SAFE
NODE_01,0.0061,0.1583,0.094,SAFE
NODE_01,0.0689,0.0161,0.0994,SAFE
NODE_01,0.1694,0.0639,0.1072,SAFE
NODE_01,0.0836,0.1531,0.1997,SAFE
NODE_01,0.5546,0.9671,0.5327,WARNING
NODE_01,0.194,0.202,0.1024,SAFE
NODE_01,0.0787,0.278,0.1754,SAFE
NODE_01,12.2306,5.4816,3.4326,DANGER
NODE_01,0.0044,0.2508,0.1808,SAFE
NODE_01,0.1364,0.2019,0.0938,SAFE
NODE_01,12.7399,4.3614,3.9566,DANGER
NODE_01,0.2108,0.1058,0.0688,SAFE
NODE_01,0.0043,0.0509,0.1997,SAFE
NODE_01,0.63,1.1676,1.3429,WARNING
NODE_01,2.9591,1.1943,0.7635,WARNING
NODE_01,0.0795,0.2632,0.122,SAFE
NODE_01,0.2401,0.0469,0.0365,SAFE
NODE_01,0.245,0.0253,0.1198,SAFE
NODE_01,0.1746,0.177,0.0793,SAFE
NODE_01,14.4763,5.7948,3.2993,DANGER
NODE_01,0.2391,0.2652,0.1135,SAFE
NODE_01,0.5859,0.9593,0.9642,WARNING
NODE_01,0.2068,0.0556,0.0651,SAFE
NODE_01,0.0082,0.0565,0.1084,SAFE
NODE_01,2.9393,0.6406,1.766,WARNING
NODE_01,0.0681,0.2648,0.145,SAFE
NODE_01,0.1833,0.2286,0.1323,SAFE
NODE_01,0.206,0.1607,0.003,SAFE
NODE_01,0.0026,0.2851,0.0525,SAFE
NODE_01,0.249,0.0982,0.0479,SAFE
NODE_01,0.0438,0.228,0.073,SAFE
NODE_01,0.1619,0.1049,0.0803,SAFE
NODE_01,0.1355,0.1234,0.0522,SAFE
NODE_01,1.8173,0.5003,1.6475,WARNING
NODE_01,2.7547,0.7989,0.6331,WARNING
NODE_01,0.1904,0.16,0.0572,SAFE
NODE_01,1.8514,0.4381,1.4714,WARNING
NODE_01,0.1746,0.2759,0.0301,SAFE
NODE_01,5.6302,4.4799,2.4459,DANGER
NODE_01,0.2923,0.0717,0.0699,SAFE
NODE_01,1.5608,1.1012,1.3757,WARNING
NODE_01,0.2816,0.1707,0.1231,SAFE
NODE_01,2.0333,0.4654,0.4691,WARNING
NODE_01,2.9572,0.8816,0.4616,WARNING
NODE_01,0.2466,0.0732,0.1002,SAFE
NODE_01,0.0767,0.0758,0.1921,SAFE
NODE_01,1.8525,0.7176,1.0687,WARNING
NODE_01,0.8608,1.1898,1.262,WARNING
NODE_01,0.2565,0.1065,0.042,SAFE
NODE_01,0.2006,0.0707,0.1873,SAFE
NODE_01,13.5101,5.339,4.5549,DANGER
NODE_01,0.2229,0.2993,0.1158,SAFE
NODE_01,0.1189,0.178,0.0857,SAFE
NODE_01,0.0452,0.1097,0.1606,SAFE
NODE_01,0.248,0.0364,0.1643,SAFE
NODE_01,1.7277,1.0212,0.8074,WARNING
NODE_01,0.2804,0.0602,0.1885,SAFE
NODE_01,0.1569,0.2364,0.1705,SAFE
NODE_01,3.0075,0.9764,1.0261,WARNING
NODE_01,0.2898,0.2791,0.0604,SAFE
NODE_01,2.4119,1.1753,1.5166,WARNING
NODE_01,0.1051,0.2996,0.1557,SAFE
NODE_01,3.115,0.9022,1.0855,WARNING
NODE_01,2.98,0.9725,1.7467,WARNING
NODE_01,0.0897,0.0135,0.0737,SAFE
NODE_01,0.1334,0.0719,0.0594,SAFE
NODE_01,0.2192,0.1997,0.1498,SAFE
NODE_01,0.035,0.0578,0.0743,SAFE
NODE_01,0.0184,0.0299,0.069,SAFE
NODE_01,0.6759,0.8654,0.9002,WARNING
NODE_01,0.6364,0.6969,1.5161,WARNING
NODE_01,0.0437,0.0862,0.1308,SAFE
NODE_01,0.1446,0.043,0.1212,SAFE
NODE_01,0.2488,0.2438,0.0739,SAFE
NODE_01,0.1561,0.2614,0.0637,SAFE
NODE_01,0.0276,0.0497,0.1077,SAFE
NODE_01,2.3237,0.5108,1.5918,WARNING
NODE_01,0.0314,0.2603,0.1415,SAFE
NODE_01,0.1669,0.1256,0.124,SAFE
NODE_01,0.2277,0.0655,0.1277,SAFE
NODE_01,0.2987,0.2117,0.0043,SAFE
NODE_01,13.8319,3.6441,3.7172,DANGER
NODE_01,0.225,0.1425,0.018,SAFE
NODE_01,0.1183,0.2768,0.197,SAFE
NODE_01,2.036,0.8863,0.4852,WARNING
NODE_01,0.1826,0.2959,0.1877,SAFE
NODE_01,0.1982,0.1319,0.0107,SAFE
NODE_01,0.1484,0.1802,0.1932,SAFE
NODE_01,1.0504,0.6368,0.9703,WARNING
NODE_01,2.0427,0.5025,1.7088,WARNING
NODE_01,0.0245,0.2807,0.0036,SAFE
NODE_01,0.0759,0.083,0.1331,SAFE
NODE_01,1.7309,0.4111,1.3047,WARNING
NODE_01,2.2163,0.9874,0.9595,WARNING
NODE_01,0.078,0.2117,0.0382,SAFE
NODE_01,0.2815,0.1533,0.1883,SAFE
NODE_01,0.2301,0.01,0.182,SAFE
NODE_01,0.1054,0.1671,0.0148,SAFE
NODE_01,1.3226,0.3689,1.5237,WARNING
NODE_01,0.2113,0.2524,0.0958,SAFE
NODE_01,0.1048,0.1737,0.1833,SAFE
NODE_01,0.1733,0.296,0.1881,SAFE
NODE_01,1.74,0.3528,0.8164,WARNING
NODE_01,14.2333,5.6872,4.6233,DANGER
NODE_01,0.0502,0.0188,0.0195,SAFE
NODE_01,7.0882,2.6364,7.1075,DANGER
NODE_01,1.9201,0.9371,1.0987,WARNING
NODE_01,0.0368,0.0578,0.1576,SAFE
NODE_01,4.3656,2.9597,4.3194,DANGER
NODE_01,0.1004,0.2412,0.069,SAFE
NODE_01,0.2402,0.0599,0.0679,SAFE
NODE_01,0.0466,0.1425,0.0201,SAFE
NODE_01,0.2424,0.2732,0.1328,SAFE
NODE_01,0.0713,0.185,0.0716,SAFE
NODE_01,0.0046,0.1037,0.0245,SAFE
NODE_01,0.1797,0.2951,0.1145,SAFE
NODE_01,1.9886,0.778,0.655,WARNING
NODE_01,0.1008,0.1145,0.0251,SAFE
NODE_01,0.2672,0.1701,0.0959,SAFE
NODE_01,2.2568,0.4869,0.7496,WARNING
NODE_01,0.1431,0.0375,0.1008,SAFE
NODE_01,0.0476,0.2565,0.1614,SAFE
NODE_01,0.2829,0.1511,0.1413,SAFE
NODE_01,3.4681,0.6258,1.2837,WARNING
NODE_01,0.0174,0.0683,0.0456,SAFE
NODE_01,8.1025,4.2364,3.1111,DANGER
NODE_01,0.0473,0.1659,0.1231,SAFE
NODE_01,0.1507,0.1802,0.1259,SAFE
NODE_01,0.2488,0.2064,0.1034,SAFE
NODE_01,0.0838,0.025,0.0803,SAFE
NODE_01,0.0278,0.2867,0.1746,SAFE
NODE_01,0.0128,0.2737,0.0347,SAFE
NODE_01,0.2598,0.0255,0.1746,SAFE
NODE_01,0.0945,0.1786,0.0742,SAFE
NODE_01,0.0911,0.0575,0.1191,SAFE
NODE_01,0.1174,0.288,0.033,SAFE
NODE_01,3.1039,1.1703,1.051,WARNING
NODE_01,0.2726,0.2693,0.105,SAFE
NODE_01,0.244,0.1085,0.0704,SAFE
NODE_01,2.0266,0.8546,0.9995,WARNING
NODE_01,0.1182,0.2633,0.1622,SAFE
NODE_01,0.2488,0.2406,0.1062,SAFE
NODE_01,0.2524,0.0113,0.1074,SAFE
NODE_01,0.1077,0.0576,0.1872,SAFE
NODE_01,0.0822,0.1543,0.0369,SAFE
NODE_01,0.2088,0.2105,0.1518,SAFE
NODE_01,0.2191,0.0381,0.1884,SAFE
NODE_01,0.2853,0.216,0.1492,SAFE
NODE_01,0.0477,0.1461,0.1546,SAFE
NODE_01,0.1833,0.0756,0.1027,SAFE
NODE_01,1.5686,0.6075,1.7187,WARNING
NODE_01,0.9846,0.3993,0.5277,WARNING
NODE_01,4.2831,3.467,5.5246,DANGER
NODE_01,0.2672,0.2442,0.0663,SAFE
NODE_01,0.0572,0.1751,0.0153,SAFE
NODE_01,0.0978,0.031,0.1661,SAFE
NODE_01,0.1094,0.026,0.0477,SAFE
NODE_01,0.0539,0.1783,0.0187,SAFE
NODE_01,0.2631,0.2353,0.1514,SAFE
NODE_01,0.212,0.2064,0.1736,SAFE
NODE_01,0.2233,0.0621,0.0923,SAFE
NODE_01,0.0415,0.1482,0.1148,SAFE
NODE_01,0.2738,0.1142,0.0737,SAFE
NODE_01,0.1033,0.2277,0.1228,SAFE
NODE_01,0.0378,0.1641,0.1312,SAFE
NODE_01,0.2675,0.1312,0.1275,SAFE
NODE_01,0.0615,0.2806,0.1299,SAFE
NODE_01,0.1402,0.04,0.1008,SAFE
NODE_01,1.697,0.7977,1.1218,WARNING
NODE_01,0.064,0.0485,0.0108,SAFE
NODE_01,2.9636,0.8845,0.406,WARNING
NODE_01,0.0862,0.1388,0.1597,SAFE
NODE_01,0.2371,0.2719,0.0346,SAFE
NODE_01,2.8455,1.0329,0.7005,WARNING
NODE_01,4.7333,4.9378,3.2695,DANGER
NODE_01,0.1809,0.0364,0.0621,SAFE
NODE_01,1.9833,0.6391,0.8877,WARNING
NODE_01,10.0765,4.6706,3.4768,DANGER
NODE_01,0.2044,0.151,0.0544,SAFE
NODE_01,0.1143,0.1807,0.0768,SAFE
NODE_01,0.1651,0.267,0.1857,SAFE
NODE_01,0.1779,0.1137,0.0667,SAFE
NODE_01,3.3248,0.6213,0.4914,WARNING
NODE_01,0.0291,0.0223,0.0684,SAFE
NODE_01,0.0037,0.0978,0.042,SAFE
NODE_01,0.2769,0.07,0.0061,SAFE
NODE_01,0.2039,0.2282,0.0726,SAFE
NODE_01,12.9239,2.9609,7.1783,DANGER
NODE_01,0.2962,0.0713,0.0566,SAFE
NODE_01,0.2563,0.1673,0.0994,SAFE
NODE_01,0.0853,0.2304,0.1687,SAFE
NODE_01,2.1818,1.0702,0.7529,WARNING
NODE_01,0.2134,0.164,0.0996,SAFE
NODE_01,0.2149,0.1717,0.139,SAFE
NODE_01,3.0345,0.8083,0.6715,WARNING
NODE_01,0.2726,0.2333,0.1282,SAFE
NODE_01,0.1569,0.1724,0.1766,SAFE
NODE_01,0.1253,0.2879,0.0529,SAFE
NODE_01,0.0325,0.1257,0.1148,SAFE
NODE_01,0.2728,0.1858,0.0595,SAFE
NODE_01,0.2466,0.0857,0.0051,SAFE
NODE_01,0.1309,0.0476,0.1441,SAFE
NODE_01,0.2688,0.2801,0.178,SAFE
NODE_01,0.1639,0.1366,0.1407,SAFE
NODE_01,0.2542,0.248,0.1827,SAFE
NODE_01,0.0875,0.2852,0.1048,SAFE
NODE_01,3.3278,0.3923,1.0486,WARNING
NODE_01,0.107,0.2155,0.1108,SAFE
NODE_01,0.0206,0.067,0.1686,SAFE
NODE_01,1.4229,0.7938,0.5207,WARNING
NODE_01,0.6695,0.9428,1.4941,WARNING
NODE_01,2.3325,1.1391,1.7202,WARNING
NODE_01,0.9052,0.8778,0.4976,WARNING
NODE_01,2.6384,0.9456,1.6218,WARNING
NODE_01,0.1868,0.0949,0.0782,SAFE
NODE_01,2.0224,0.5148,0.4119,WARNING
NODE_01,0.299,0.1919,0.1238,SAFE
NODE_01,0.1311,0.1887,0.1851,SAFE
NODE_01,0.2202,0.16,0.1688,SAFE
NODE_01,0.2524,0.1083,0.1994,SAFE
NODE_01,9.4949,1.5914,4.8498,DANGER
NODE_01,0.1137,0.2625,0.1305,SAFE
NODE_01,0.0737,0.1308,0.1605,SAFE
NODE_01,0.1878,0.1773,0.0139,SAFE
NODE_01,1.7421,0.8816,1.5307,WARNING
NODE_01,0.1711,0.1307,0.1809,SAFE
NODE_01,0.2313,0.1104,0.1481,SAFE
NODE_01,0.2132,0.2319,0.1542,SAFE
NODE_01,0.0531,0.1481,0.1754,SAFE
NODE_01,1.0938,0.848,0.5253,WARNING
NODE_01,0.1575,0.2136,0.0792,SAFE
NODE_01,2.8136,0.8491,1.002,WARNING
NODE_01,0.1824,0.0126,0.0026,SAFE
NODE_01,0.209,0.1629,0.1781,SAFE
NODE_01,0.0999,0.1355,0.1945,SAFE
NODE_01,0.1778,0.0835,0.0899,SAFE
NODE_01,3.4902,0.7683,1.0432,WARNING
NODE_01,1.268,0.4311,1.161,WARNING
NODE_01,0.0897,0.2315,0.0757,SAFE
NODE_01,10.3628,5.5274,7.3826,DANGER
NODE_01,0.2511,0.1786,0.0175,SAFE
NODE_01,0.0291,0.1905,0.1339,SAFE
NODE_01,0.0887,0.2264,0.1745,SAFE
NODE_01,1.8473,0.3762,0.7278,WARNING
NODE_01,0.2074,0.0713,0.142,SAFE
NODE_01,0.1993,0.2822,0.0982,SAFE
NODE_01,0.0073,0.1104,0.1434,SAFE
NODE_01,0.2582,0.0413,0.1221,SAFE
NODE_01,0.0744,0.1343,0.0136,SAFE
NODE_01,9.8807,2.1208,4.092,DANGER
NODE_01,0.0404,0.0461,0.0761,SAFE
NODE_01,2.1057,0.6552,0.4136,WARNING
NODE_01,0.5015,0.8831,1.1914,WARNING
NODE_01,2.7102,0.3597,0.5407,WARNING
NODE_01,0.2348,0.1033,0.1692,SAFE
NODE_01,0.0035,0.0728,0.1128,SAFE
NODE_01,0.1759,0.1085,0.0186,SAFE
NODE_01,0.1197,0.0503,0.1186,SAFE
NODE_01,0.1429,0.0576,0.0138,SAFE
NODE_01,0.037,0.2266,0.168,SAFE
NODE_01,0.0568,0.0869,0.1126,SAFE
NODE_01,0.0798,0.2067,0.0302,SAFE
NODE_01,0.2867,0.0136,0.1884,SAFE
NODE_01,0.0513,0.1865,0.1251,SAFE
NODE_01,2.3045,0.3862,0.5456,WARNING
NODE_01,0.0952,0.1509,0.0414,SAFE
NODE_01,0.0215,0.0256,0.1686,SAFE
NODE_01,5.6585,3.1415,2.3439,DANGER
NODE_01,0.6403,0.4109,1.0204,WARNING
NODE_01,0.0259,0.1652,0.0932,SAFE
NODE_01,0.9365,0.488,1.0403,WARNING
NODE_01,0.2387,0.1009,0.175,SAFE
NODE_01,0.1521,0.1457,0.1132,SAFE
NODE_01,0.0441,0.2275,0.1843,SAFE
NODE_01,0.1078,0.1755,0.1416,SAFE
NODE_01,0.0791,0.0885,0.0269,SAFE
NODE_01,0.1347,0.0371,0.1079,SAFE
NODE_01,0.1811,0.0377,0.0283,SAFE
NODE_01,0.1892,0.0156,0.0812,SAFE
NODE_01,0.0738,0.1426,0.0933,SAFE
NODE_01,0.162,0.1352,0.1769,SAFE
NODE_01,0.2913,0.284,0.187,SAFE
NODE_01,0.098,0.2474,0.1457,SAFE
NODE_01,0.2384,0.1844,0.0859,SAFE
NODE_01,0.2221,0.0692,0.0679,SAFE
NODE_01,0.0509,0.2028,0.0201,SAFE
NODE_01,0.567,1.0475,1.3984,WARNING
NODE_01,0.0573,0.166,0.102,SAFE
NODE_01,8.8676,5.2541,3.9432,DANGER
NODE_01,3.2799,0.4881,0.8324,WARNING
NODE_01,0.2884,0.0963,0.0608,SAFE
NODE_01,3.4913,0.4889,1.7342,WARNING
NODE_01,0.2998,0.0633,0.1687,SAFE
NODE_01,0.2295,0.2677,0.1006,SAFE
NODE_01,0.2586,0.2089,0.0151,SAFE
NODE_01,0.1412,0.2319,0.1808,SAFE
NODE_01,0.0473,0.1287,0.1431,SAFE
NODE_01,0.2694,0.0788,0.0182,SAFE
NODE_01,0.1384,0.0317,0.0188,SAFE
NODE_01,2.1235,1.0123,1.7406,WARNING
NODE_01,0.0409,0.1994,0.0436,SAFE
NODE_01,0.0227,0.0451,0.0478,SAFE
NODE_01,0.2434,0.0794,0.0948,SAFE
NODE_01,0.293,0.0747,0.1867,SAFE
NODE_01,0.1602,0.2199,0.0359,SAFE
NODE_01,0.7256,0.8772,1.5693,WARNING
NODE_01,0.281,0.0239,0.1508,SAFE
NODE_01,0.249,0.2367,0.0254,SAFE
NODE_01,0.2079,0.1329,0.0458,SAFE
NODE_01,0.0033,0.0526,0.1845,SAFE
NODE_01,0.0584,0.0448,0.1568,SAFE
NODE_01,0.2584,0.0907,0.0237,SAFE
NODE_01,0.2516,0.217,0.0692,SAFE
NODE_01,2.55,0.5324,1.7283,WARNING
NODE_01,0.0838,0.0414,0.0733,SAFE
NODE_01,0.1629,0.0103,0.1369,SAFE
NODE_01,0.0907,0.1929,0.063,SAFE
NODE_01,0.0587,0.1597,0.1865,SAFE
NODE_01,0.2745,0.1532,0.0548,SAFE
NODE_01,0.1258,0.2577,0.1982,SAFE
NODE_01,2.3789,1.0891,1.6888,WARNING
NODE_01,10.8558,5.5975,2.658,DANGER
NODE_01,0.1218,0.0596,0.0148,SAFE
NODE_01,0.0874,0.2004,0.0564,SAFE
NODE_01,0.0527,0.2265,0.1233,SAFE
NODE_01,0.0926,0.0442,0.1285,SAFE
NODE_01,0.2506,0.2337,0.1068,SAFE
NODE_01,0.0563,0.1513,0.0048,SAFE
NODE_01,0.2526,0.1062,0.0064,SAFE
NODE_01,7.2925,4.3377,3.6849,DANGER
NODE_01,0.0722,0.1243,0.016,SAFE
NODE_01,0.1087,0.2095,0.0372,SAFE
NODE_01,0.1136,0.0927,0.0995,SAFE
NODE_01,0.2296,0.1545,0.1667,SAFE
NODE_01,0.2799,0.1376,0.0705,SAFE
NODE_01,0.296,0.0478,0.1871,SAFE
NODE_01,0.2916,0.0466,0.114,SAFE
NODE_01,0.2385,0.0557,0.0039,SAFE
NODE_01,0.1345,0.2641,0.1063,SAFE
NODE_01,0.263,0.2312,0.1071,SAFE
NODE_01,0.1549,0.089,0.128,SAFE
NODE_01,0.279,0.1283,0.0382,SAFE
NODE_01,0.2991,0.2561,0.1869,SAFE
NODE_01,0.1939,0.2411,0.1852,SAFE
NODE_01,2.7259,0.6712,1.3787,WARNING
NODE_01,0.1602,0.2127,0.0369,SAFE
NODE_01,0.1114,0.0911,0.1106,SAFE
NODE_01,3.423,0.5397,0.4805,WARNING
NODE_01,2.8241,0.679,1.6758,WARNING
NODE_01,0.0051,0.1577,0.0932,SAFE
NODE_01,1.4889,0.8405,1.1888,WARNING
NODE_01,0.146,0.2508,0.1495,SAFE
NODE_01,3.0801,0.6583,1.3168,WARNING
NODE_01,0.2565,0.265,0.1366,SAFE
NODE_01,0.2025,0.1577,0.1303,SAFE
NODE_01,0.1153,0.1567,0.0698,SAFE
NODE_01,2.6581,0.6568,0.5525,WARNING
NODE_01,1.1935,0.8232,1.662,WARNING
NODE_01,2.1557,1.1324,1.1863,WARNING
NODE_01,0.026,0.2899,0.1847,SAFE
NODE_01,1.9434,0.8198,1.5024,WARNING
NODE_01,0.168,0.1368,0.0347,SAFE
NODE_01,0.2905,0.2572,0.1202,SAFE
NODE_01,1.5434,0.6073,0.6938,WARNING
NODE_01,0.2187,0.0899,0.1722,SAFE
NODE_01,0.0114,0.1389,0.1981,SAFE
NODE_01,0.1349,0.2848,0.1061,SAFE
NODE_01,0.1941,0.1483,0.0442,SAFE
NODE_01,2.8267,1.0919,1.3845,WARNING
NODE_01,0.7442,0.5937,0.7227,WARNING
NODE_01,0.2573,0.17,0.122,SAFE
NODE_01,0.1344,0.0403,0.051,SAFE
NODE_01,0.2422,0.1329,0.0615,SAFE
NODE_01,0.2993,0.1813,0.0984,SAFE
NODE_01,0.2425,0.0347,0.1475,SAFE
NODE_01,0.2386,0.1071,0.1007,SAFE
NODE_01,0.112,0.2746,0.0091,SAFE
NODE_01,8.1437,1.5358,5.845,DANGER
NODE_01,0.0824,0.0895,0.0483,SAFE
NODE_01,0.099,0.0991,0.0526,SAFE
NODE_01,0.2352,0.1042,0.1126,SAFE
NODE_01,0.2361,0.2875,0.1396,SAFE
NODE_01,0.0738,0.0478,0.1249,SAFE
NODE_01,1.8091,1.1013,1.3296,WARNING
NODE_01,0.7836,0.6666,1.5171,WARNING
NODE_01,0.1043,0.0164,0.1689,SAFE
NODE_01,0.2072,0.0649,0.1386,SAFE
NODE_01,0.1935,0.2648,0.0176,SAFE
NODE_01,0.1264,0.0709,0.1708,SAFE
NODE_01,0.16,0.2111,0.0174,SAFE
NODE_01,0.2504,0.1378,0.1327,SAFE
NODE_01,13.1694,3.5436,7.7271,DANGER
NODE_01,0.111,0.1923,0.0297,SAFE
NODE_01,0.0113,0.1974,0.1257,SAFE
NODE_01,13.685,2.6381,6.3729,DANGER
NODE_01,0.0595,0.0648,0.1925,SAFE
NODE_01,0.2513,0.2489,0.1703,SAFE
NODE_01,2.7532,1.1164,1.7103,WARNING
NODE_01,0.2836,0.2631,0.0852,SAFE
NODE_01,0.2134,0.2989,0.1422,SAFE
NODE_01,0.2746,0.2409,0.0379,SAFE
NODE_01,0.74,0.7546,0.486,WARNING
NODE_01,0.1548,0.0831,0.1345,SAFE
NODE_01,0.1735,0.1093,0.1949,SAFE
NODE_01,2.0615,0.5514,0.4489,WARNING
NODE_01,0.2573,0.0649,0.0202,SAFE
NODE_01,0.1939,0.0381,0.1865,SAFE
NODE_01,0.0116,0.2291,0.045,SAFE
NODE_01,0.1057,0.1796,0.0063,SAFE
NODE_01,3.2816,0.6034,0.5045,WARNING
NODE_01,0.0732,0.187,0.023,SAFE
NODE_01,0.0553,0.1465,0.1074,SAFE
NODE_01,0.0629,0.1661,0.1628,SAFE
NODE_01,5.1926,4.5165,4.2714,DANGER
NODE_01,0.1898,0.1415,0.0174,SAFE
NODE_01,1.4029,0.4063,0.8994,WARNING
NODE_01,0.2082,0.0217,0.1899,SAFE
NODE_01,0.062,0.2947,0.0812,SAFE
NODE_01,0.0401,0.0837,0.1382,SAFE
NODE_01,5.0355,3.2068,2.6759,DANGER
NODE_01,0.2453,0.2819,0.1054,SAFE
NODE_01,5.2837,3.3124,2.1695,DANGER
NODE_01,13.3969,1.9816,5.6862,DANGER
NODE_01,0.1658,0.1808,0.1304,SAFE
NODE_01,0.1552,0.1295,0.0228,SAFE
NODE_01,0.285,0.1859,0.1866,SAFE
NODE_01,0.0969,0.2593,0.0628,SAFE
NODE_01,0.2668,0.1672,0.183,SAFE
NODE_01,3.0408,1.0319,1.0577,WARNING
NODE_01,0.208,0.2294,0.0523,SAFE
NODE_01,5.4123,3.946,4.9611,DANGER
NODE_01,0.1351,0.0343,0.1674,SAFE
NODE_01,0.1981,0.1875,0.0539,SAFE
NODE_01,8.1422,1.8016,5.6777,DANGER
NODE_01,5.146,3.9269,7.5737,DANGER
NODE_01,0.179,0.0759,0.0443,SAFE
NODE_01,0.2926,0.0391,0.0785,SAFE
NODE_01,0.2224,0.1939,0.1271,SAFE
NODE_01,0.2985,0.2423,0.1734,SAFE
NODE_01,0.1263,0.0982,0.1161,SAFE
NODE_01,0.831,0.4285,0.9556,WARNING
NODE_01,0.0046,0.0829,0.0633,SAFE
NODE_01,0.1014,0.1882,0.1652,SAFE
NODE_01,1.4908,0.8937,1.5435,WARNING
NODE_01,0.2228,0.0455,0.0907,SAFE
NODE_01,2.6511,1.1043,1.3156,WARNING
NODE_01,0.2731,0.2004,0.1967,SAFE
NODE_01,0.0443,0.2891,0.0825,SAFE
NODE_01,3.2891,0.6661,1.5979,WARNING
NODE_01,0.0536,0.0813,0.1908,SAFE
NODE_01,0.0932,0.1302,0.0862,SAFE
NODE_01,14.1895,2.1569,5.9665,DANGER
NODE_01,0.2427,0.2227,0.032,SAFE
NODE_01,0.1384,0.1322,0.1454,SAFE
NODE_01,0.0603,0.1056,0.1895,SAFE
NODE_01,0.042,0.1266,0.0225,SAFE
NODE_01,0.2807,0.1576,0.0382,SAFE
NODE_01,5.1958,5.4182,6.2336,DANGER
NODE_01,0.1786,0.1171,0.1573,SAFE
NODE_01,3.4574,0.7079,0.5258,WARNING
NODE_01,0.0254,0.1823,0.0593,SAFE
NODE_01,0.2968,0.2393,0.1426,SAFE
NODE_01,0.1849,0.0469,0.1587,SAFE
NODE_01,0.0402,0.2724,0.0782,SAFE
NODE_01,0.1879,0.2176,0.0993,SAFE
NODE_01,2.4922,0.459,1.0543,WARNING
NODE_01,6.2621,4.5824,2.0123,DANGER
NODE_01,1.3771,0.5861,1.6564,WARNING
NODE_01,0.082,0.0191,0.0485,SAFE
NODE_01,2.1343,0.8978,0.4702,WARNING
NODE_01,0.6639,0.607,1.3283,WARNING
NODE_01,1.1275,1.1916,1.3867,WARNING
NODE_01,0.1988,0.1474,0.1555,SAFE
NODE_01,0.0662,0.1883,0.1899,SAFE
NODE_01,0.1379,0.2297,0.0333,SAFE
NODE_01,0.137,0.2214,0.1965,SAFE
NODE_01,0.0628,0.2709,0.0481,SAFE
NODE_01,0.0037,0.0632,0.1289,SAFE
NODE_01,12.812,2.6252,6.086,DANGER
NODE_01,0.0238,0.0284,0.023,SAFE
NODE_01,14.1437,4.1605,5.3099,DANGER
NODE_01,0.1912,0.2805,0.0374,SAFE
NODE_01,0.2395,0.111,0.0744,SAFE
NODE_01,0.2928,0.275,0.1311,SAFE
NODE_01,0.1941,0.023,0.0894,SAFE
NODE_01,1.5803,0.9054,1.0895,WARNING
NODE_01,0.1316,0.2472,0.1491,SAFE
NODE_01,0.1253,0.1684,0.0167,SAFE
NODE_01,0.2944,0.1303,0.0101,SAFE
NODE_01,0.1228,0.192,0.0757,SAFE
NODE_01,0.2272,0.1521,0.0837,SAFE
NODE_01,5.5782,2.3452,5.7726,DANGER
NODE_01,0.1844,0.0586,0.1659,SAFE
NODE_01,0.2437,0.1505,0.0901,SAFE
NODE_01,0.2976,0.2181,0.0891,SAFE
NODE_01,0.1494,0.2834,0.0646,SAFE
NODE_01,2.6004,0.7587,0.7704,WARNING
NODE_01,2.6869,0.3991,0.4684,WARNING
NODE_01,0.0119,0.0487,0.1267,SAFE
NODE_01,0.2634,0.1727,0.0307,SAFE
NODE_01,0.0561,0.2184,0.082,SAFE
NODE_01,0.1894,0.0513,0.1457,SAFE
NODE_01,0.0127,0.2618,0.1561,SAFE
NODE_01,0.2809,0.0764,0.1665,SAFE
NODE_01,6.3759,4.4359,7.7137,DANGER
NODE_01,0.0692,0.0693,0.0105,SAFE
NODE_01,0.1531,0.2603,0.0722,SAFE
NODE_01,13.7163,4.5617,7.4116,DANGER
NODE_01,3.2494,0.6084,1.1584,WARNING
NODE_01,1.9664,1.0933,0.4325,WARNING
NODE_01,0.2622,0.1388,0.0479,SAFE
NODE_01,0.2473,0.1154,0.003,SAFE
NODE_01,3.3134,1.0974,0.5555,WARNING
NODE_01,0.0012,0.047,0.0422,SAFE
NODE_01,0.121,0.0917,0.0307,SAFE
NODE_01,0.0958,0.2721,0.1656,SAFE
NODE_01,2.705,0.6798,1.6606,WARNING
NODE_01,14.9407,5.2409,2.5063,DANGER
NODE_01,0.7858,1.1563,0.7923,WARNING
NODE_01,0.2109,0.2299,0.1598,SAFE
NODE_01,0.1821,0.0217,0.0859,SAFE
NODE_01,0.0835,0.0425,0.0751,SAFE
NODE_01,0.1777,0.2543,0.0498,SAFE
NODE_01,0.2281,0.1095,0.0426,SAFE
NODE_01,0.26,0.0895,0.0481,SAFE
NODE_01,2.8343,0.8574,0.9774,WARNING
NODE_01,3.4287,0.5262,0.7915,WARNING
NODE_01,0.2621,0.1464,0.1421,SAFE
NODE_01,0.0366,0.1693,0.1504,SAFE
NODE_01,3.0373,0.5545,0.791,WARNING
NODE_01,4.3023,5.8689,2.8238,DANGER
NODE_01,2.1143,0.5616,1.0976,WARNING
NODE_01,0.035,0.0226,0.1907,SAFE
NODE_01,1.6037,0.4071,1.5088,WARNING
NODE_01,0.243,0.103,0.1005,SAFE
NODE_01,0.0767,0.0626,0.0468,SAFE
NODE_01,0.1505,0.0901,0.0308,SAFE
NODE_01,13.4555,2.5609,6.4605,DANGER
NODE_01,6.6027,4.8031,3.5686,DANGER
NODE_01,0.0497,0.2931,0.1606,SAFE
NODE_01,0.2813,0.175,0.1334,SAFE
NODE_01,2.1339,0.6497,1.1899,WARNING
NODE_01,0.1629,0.0762,0.1446,SAFE
NODE_01,0.2159,0.1671,0.1232,SAFE
NODE_01,0.023,0.036,0.1654,SAFE
NODE_01,0.2714,0.14,0.0405,SAFE
NODE_01,0.2169,0.1846,0.0121,SAFE
NODE_01,3.4564,0.7381,1.4388,WARNING
NODE_01,1.4074,1.0184,0.7633,WARNING
NODE_01,3.1095,1.0454,0.4078,WARNING
NODE_01,0.02,0.1504,0.0437,SAFE
NODE_01,0.1232,0.2687,0.1479,SAFE
NODE_01,5.0286,5.8202,7.1609,DANGER
NODE_01,0.7005,0.6616,1.7749,WARNING
NODE_01,0.204,0.2483,0.1185,SAFE
NODE_01,0.1802,0.0994,0.1366,SAFE
NODE_01,0.0764,0.1269,0.102,SAFE
NODE_01,0.0684,0.2234,0.1173,SAFE
NODE_01,7.4153,3.8424,3.563,DANGER
NODE_01,0.1454,0.0769,0.0233,SAFE
NODE_01,0.0818,0.1401,0.1695,SAFE
NODE_01,0.0702,0.2637,0.1771,SAFE
NODE_01,0.0163,0.2448,0.1876,SAFE
NODE_01,6.5617,4.118,4.3115,DANGER
NODE_01,3.1086,0.8089,0.5009,WARNING
NODE_01,0.0584,0.2549,0.0369,SAFE
NODE_01,14.5327,1.3278,2.6595,DANGER
NODE_01,0.0578,0.0116,0.0018,SAFE
NODE_01,14.3569,3.545,4.5636,DANGER
NODE_01,10.2279,2.6836,7.7554,DANGER
NODE_01,0.0904,0.0586,0.0178,SAFE
NODE_01,0.1766,0.1404,0.0709,SAFE
NODE_01,3.3615,1.1451,1.7657,WARNING
NODE_01,0.0224,0.0953,0.1593,SAFE
NODE_01,0.2505,0.0258,0.1791,SAFE
NODE_01,0.0256,0.1732,0.1723,SAFE
NODE_01,3.1863,0.4715,0.5429,WARNING
NODE_01,0.126,0.1788,0.0662,SAFE
NODE_01,0.0917,0.2042,0.0188,SAFE
NODE_01,0.127,0.29,0.0209,SAFE
NODE_01,0.1735,0.0738,0.0233,SAFE
NODE_01,0.024,0.0447,0.0984,SAFE
NODE_01,0.1905,0.1284,0.138,SAFE
NODE_01,0.0849,0.014,0.076,SAFE
NODE_01,0.1381,0.1272,0.0729,SAFE
NODE_01,0.1515,0.2109,0.0103,SAFE
NODE_01,2.4734,1.0067,1.2835,WARNING
NODE_01,0.2404,0.2866,0.1156,SAFE
NODE_01,0.1867,0.195,0.1207,SAFE
NODE_01,0.2025,0.2313,0.1866,SAFE
NODE_01,0.053,0.1853,0.1767,SAFE
NODE_01,0.0726,0.1813,0.1443,SAFE
NODE_01,0.1528,0.0844,0.1616,SAFE
NODE_01,6.9867,2.736,7.4642,DANGER
NODE_01,0.1077,0.2068,0.0864,SAFE
NODE_01,0.0763,0.0806,0.0995,SAFE
NODE_01,2.5411,1.1281,1.7595,WARNING
NODE_01,0.0562,0.2773,0.1681,SAFE
NODE_01,0.2874,0.0722,0.0439,SAFE
NODE_01,0.037,0.2632,0.1709,SAFE
NODE_01,2.6053,1.1753,0.558,WARNING
NODE_01,0.5827,0.4468,1.3059,WARNING
NODE_01,1.6834,0.3518,0.6989,WARNING
NODE_01,0.6437,0.6275,0.5704,WARNING
NODE_01,0.012,0.2713,0.1315,SAFE
NODE_01,0.29,0.1916,0.0325,SAFE
NODE_01,0.2683,0.2891,0.0597,SAFE
NODE_01,2.9767,0.5948,1.3393,WARNING
NODE_01,0.0635,0.2123,0.0238,SAFE
NODE_01,1.3287,0.8286,1.7507,WARNING
NODE_01,0.1116,0.0823,0.0797,SAFE
NODE_01,11.1512,3.2085,6.5523,DANGER
NODE_01,0.0176,0.1627,0.1692,SAFE
NODE_01,0.0845,0.0772,0.1155,SAFE
NODE_01,5.1711,5.837,3.0539,DANGER
NODE_01,10.6171,2.2341,2.1445,DANGER
NODE_01,0.2415,0.2146,0.1797,SAFE
NODE_01,0.2475,0.207,0.0135,SAFE
NODE_01,0.0599,0.0712,0.123,SAFE
NODE_01,0.1995,0.0402,0.1249,SAFE
NODE_01,0.2906,0.2201,0.1715,SAFE
NODE_01,0.0252,0.0517,0.0617,SAFE
NODE_01,0.1811,0.2794,0.1152,SAFE
NODE_01,0.1235,0.1504,0.1438,SAFE
NODE_01,0.2344,0.1471,0.0502,SAFE
NODE_01,5.4553,3.5321,6.1211,DANGER
NODE_01,3.4925,1.0805,0.5255,WARNING
NODE_01,0.2389,0.2721,0.0992,SAFE
NODE_01,0.7071,1.053,0.8717,WARNING
NODE_01,0.2869,0.2794,0.086,SAFE
NODE_01,2.8867,0.5684,0.5434,WARNING
NODE_01,0.219,0.1786,0.0123,SAFE
NODE_01,0.2148,0.039,0.0432,SAFE
NODE_01,0.2987,0.1517,0.0354,SAFE
NODE_01,0.0852,0.2741,0.1436,SAFE
NODE_01,0.2211,0.2664,0.0151,SAFE
NODE_01,0.262,0.2555,0.1961,SAFE
NODE_01,0.2411,0.1301,0.1104,SAFE
NODE_01,0.104,0.2388,0.0904,SAFE
NODE_01,0.2581,0.1706,0.1467,SAFE
NODE_01,10.8998,2.9966,2.1077,DANGER
NODE_01,0.0534,0.0601,0.0227,SAFE
NODE_01,1.4218,1.1783,0.6093,WARNING
NODE_01,0.2646,0.0944,0.0942,SAFE
NODE_01,0.2634,0.0598,0.0803,SAFE
NODE_01,0.0982,0.0153,0.0915,SAFE
NODE_01,0.2552,0.1037,0.1739,SAFE
NODE_01,0.2725,0.068,0.1403,SAFE
NODE_01,0.0158,0.0724,0.1425,SAFE
NODE_01,0.049,0.0811,0.1063,SAFE
NODE_01,11.5971,4.3317,7.3918,DANGER
NODE_01,0.1428,0.1236,0.0267,SAFE
NODE_01,0.1934,0.2786,0.1404,SAFE
NODE_01,0.1729,0.1471,0.0324,SAFE
NODE_01,0.1995,0.2011,0.1937,SAFE
NODE_01,1.4251,0.4071,1.3466,WARNING
NODE_01,0.0843,0.1436,0.1268,SAFE
NODE_01,2.973,0.6337,0.8651,WARNING
NODE_01,14.1187,2.5485,3.7554,DANGER
NODE_01,0.0546,0.0444,0.1248,SAFE
NODE_01,0.046,0.0264,0.0873,SAFE
NODE_01,0.1838,0.2509,0.1917,SAFE
NODE_01,0.0501,0.0262,0.0945,SAFE
NODE_01,0.2629,0.0391,0.1327,SAFE
NODE_01,0.0056,0.0925,0.152,SAFE
NODE_01,0.0245,0.1411,0.0546,SAFE
NODE_01,0.1543,0.0698,0.0164,SAFE
NODE_01,10.8455,3.2417,4.1859,DANGER
NODE_01,0.1862,0.2537,0.0055,SAFE
NODE_01,0.029,0.2693,0.1173,SAFE
NODE_01,0.2319,0.1447,0.1686,SAFE
NODE_01,3.2026,0.4749,0.4467,WARNING
NODE_01,0.0521,0.1316,0.0056,SAFE
NODE_01,2.8668,1.1725,1.489,WARNING
NODE_01,0.1397,0.2605,0.1441,SAFE
NODE_01,0.0748,0.1624,0.0011,SAFE
NODE_01,0.0544,0.2486,0.1781,SAFE
NODE_01,0.2839,0.0125,0.0846,SAFE
NODE_01,6.696,3.3834,5.0631,DANGER
NODE_01,0.0323,0.1725,0.1083,SAFE
NODE_01,0.0089,0.2956,0.1967,SAFE
NODE_01,7.4065,5.2154,4.1007,DANGER
NODE_01,0.0724,0.2367,0.125,SAFE
NODE_01,1.2907,0.4277,1.4249,WARNING
NODE_01,0.0387,0.2581,0.034,SAFE
NODE_01,2.8242,1.1378,0.9484,WARNING
NODE_01,0.0324,0.2252,0.0977,SAFE
NODE_01,0.0307,0.089,0.0084,SAFE
NODE_01,1.8635,0.7345,1.7895,WARNING
NODE_01,0.1166,0.2864,0.073,SAFE
NODE_01,7.1616,3.2904,5.4333,DANGER
NODE_01,0.1262,0.077,0.0186,SAFE
NODE_01,0.2461,0.2954,0.0154,SAFE
NODE_01,0.0567,0.1582,0.0784,SAFE
NODE_01,0.242,0.2429,0.1291,SAFE
NODE_01,0.2469,0.0134,0.0156,SAFE
NODE_01,0.0991,0.0473,0.0867,SAFE
NODE_01,0.0744,0.2595,0.146,SAFE
NODE_01,2.3732,1.1164,1.1601,WARNING
NODE_01,0.1124,0.2733,0.0347,SAFE
NODE_01,0.0839,0.1077,0.0446,SAFE
NODE_01,0.2215,0.0202,0.1869,SAFE
NODE_01,0.2682,0.1467,0.1934,SAFE
NODE_01,0.0284,0.222,0.1344,SAFE
NODE_01,0.2523,0.2451,0.0274,SAFE
NODE_01,3.0687,0.3878,0.622,WARNING
NODE_01,0.1542,0.2839,0.185,SAFE
NODE_01,8.627,5.7404,5.701,DANGER
NODE_01,3.2086,0.9435,1.2115,WARNING
NODE_01,0.164,0.0816,0.0903,SAFE
NODE_01,9.4655,1.758,7.6116,DANGER
NODE_01,3.3989,0.7648,1.7027,WARNING
NODE_01,0.0472,0.0315,0.1711,SAFE
NODE_01,0.2484,0.1598,0.0611,SAFE
NODE_01,0.0508,0.2314,0.1079,SAFE
NODE_01,0.1268,0.0254,0.0045,SAFE
NODE_01,0.2942,0.0846,0.1938,SAFE
NODE_01,0.2381,0.282,0.1002,SAFE
NODE_01,0.0417,0.2753,0.0505,SAFE
NODE_01,0.0168,0.1828,0.0542,SAFE
NODE_01,12.4641,3.13,3.0948,DANGER
NODE_01,5.4785,1.8447,3.2667,DANGER
NODE_01,2.3295,0.4588,0.9036,WARNING
NODE_01,0.0087,0.2892,0.1706,SAFE
NODE_01,0.2279,0.2772,0.1011,SAFE
NODE_01,0.7825,0.9565,0.7259,WARNING
NODE_01,0.0851,0.0927,0.0344,SAFE
NODE_01,0.0506,0.0218,0.1253,SAFE
NODE_01,0.2068,0.2924,0.1834,SAFE
NODE_01,0.0728,0.0285,0.0288,SAFE
NODE_01,0.0035,0.0255,0.1017,SAFE
NODE_01,0.057,0.1729,0.0393,SAFE
NODE_01,3.2487,0.4958,0.7215,WARNING
NODE_01,0.1451,0.014,0.0125,SAFE
NODE_01,0.0394,0.1268,0.142,SAFE
NODE_01,0.0312,0.1227,0.0152,SAFE
NODE_01,0.0719,0.1874,0.0247,SAFE
NODE_01,0.2853,0.1531,0.0254,SAFE
NODE_01,2.8547,0.9063,1.7673,WARNING
NODE_01,0.1372,0.0417,0.1741,SAFE
NODE_01,6.9003,5.986,7.1122,DANGER
NODE_01,0.2765,0.081,0.0306,SAFE
NODE_01,0.1717,0.294,0.1198,SAFE
NODE_01,0.1097,0.1881,0.1152,SAFE
NODE_01,0.2972,0.034,0.1992,SAFE
NODE_01,8.8094,4.0141,3.7642,DANGER
NODE_01,2.8357,0.7275,0.8906,WARNING
NODE_01,0.2126,0.1597,0.1184,SAFE
NODE_01,0.2358,0.1531,0.0703,SAFE
NODE_01,0.2926,0.1048,0.016,SAFE
NODE_01,0.1367,0.1574,0.1802,SAFE
NODE_01,0.0767,0.1214,0.099,SAFE
NODE_01,0.055,0.0775,0.1901,SAFE
NODE_01,2.1464,0.4531,1.7122,WARNING
NODE_01,0.2459,0.198,0.0213,SAFE
NODE_01,5.4223,3.9969,3.2728,DANGER
NODE_01,3.3217,1.0427,0.7053,WARNING
NODE_01,0.0554,0.1904,0.1915,SAFE
NODE_01,0.2997,0.0561,0.0141,SAFE
NODE_01,0.0551,0.2101,0.1348,SAFE
NODE_01,0.1795,0.2157,0.1485,SAFE
NODE_01,0.1255,0.1732,0.1028,SAFE
NODE_01,0.06,0.2006,0.1549,SAFE
NODE_01,2.9204,1.094,0.4807,WARNING
NODE_01,2.9523,0.7371,0.7922,WARNING
NODE_01,2.5607,0.8382,0.6659,WARNING
NODE_01,1.734,0.5869,1.3301,WARNING
NODE_01,0.1275,0.0346,0.0563,SAFE
NODE_01,0.0089,0.248,0.0349,SAFE
NODE_01,1.7578,0.8684,1.4915,WARNING
NODE_01,2.6326,0.7558,0.5146,WARNING
NODE_01,0.2653,0.1228,0.0381,SAFE
NODE_01,0.2532,0.1909,0.1036,SAFE
NODE_01,3.4525,0.7641,1.4581,WARNING
NODE_01,1.1515,0.5525,1.5948,WARNING
NODE_01,4.3176,2.8327,4.6678,DANGER
NODE_01,0.9751,0.7279,0.7296,WARNING
NODE_01,0.101,0.2787,0.1523,SAFE
NODE_01,0.1024,0.2457,0.0207,SAFE
NODE_01,0.138,0.0441,0.1402,SAFE
NODE_01,0.0989,0.0862,0.124,SAFE
NODE_01,14.3845,4.4904,4.7878,DANGER
NODE_01,0.0236,0.0414,0.1009,SAFE
NODE_01,0.2219,0.0397,0.0176,SAFE
NODE_01,0.1556,0.0367,0.1176,SAFE
NODE_01,0.1121,0.2713,0.1577,SAFE
NODE_01,7.6738,3.5584,6.4273,DANGER
NODE_01,0.1746,0.1848,0.0482,SAFE
NODE_01,6.2932,1.7868,2.9496,DANGER
NODE_01,0.2576,0.2092,0.0586,SAFE
NODE_01,0.047,0.2455,0.1018,SAFE
NODE_01,1.1964,0.9308,0.5777,WARNING
NODE_01,0.1334,0.0132,0.0493,SAFE
NODE_01,0.22,0.0569,0.0425,SAFE
NODE_01,0.194,0.2452,0.0636,SAFE
NODE_01,0.2195,0.2958,0.0693,SAFE
NODE_01,14.5711,4.8122,5.2019,DANGER
NODE_01,0.0107,0.0281,0.0389,SAFE
NODE_01,7.2698,2.074,2.8822,DANGER
NODE_01,0.0448,0.0292,0.0219,SAFE
NODE_01,0.2881,0.206,0.1585,SAFE
NODE_01,0.0705,0.19,0.1053,SAFE
NODE_01,0.2475,0.1743,0.1775,SAFE
NODE_01,0.0636,0.1101,0.1596,SAFE
NODE_01,0.0205,0.1799,0.1777,SAFE
NODE_01,0.6059,0.8022,1.7839,WARNING
NODE_01,1.6923,0.81,1.7873,WARNING
NODE_01,11.4357,2.7864,4.2626,DANGER
NODE_01,0.0767,0.2458,0.1996,SAFE
NODE_01,1.5084,0.504,0.4629,WARNING
NODE_01,0.0329,0.0328,0.1853,SAFE
NODE_01,0.0414,0.1809,0.1418,SAFE
NODE_01,0.1713,0.0143,0.1939,SAFE
NODE_01,0.0299,0.1643,0.0657,SAFE
NODE_01,0.2787,0.1338,0.0724,SAFE
NODE_01,8.1242,5.2936,6.9364,DANGER
NODE_01,0.1484,0.2406,0.035,SAFE
NODE_01,0.1245,0.0212,0.0172,SAFE
NODE_01,0.1401,0.0738,0.1619,SAFE
NODE_01,8.4458,1.7682,5.0803,DANGER
NODE_01,0.8574,0.4945,1.0639,WARNING
NODE_01,0.2425,0.0175,0.0808,SAFE
NODE_01,3.3587,0.8644,1.5007,WARNING
NODE_01,0.1296,0.1083,0.0248,SAFE
NODE_01,9.5429,2.5064,5.6939,DANGER
NODE_01,0.1069,0.2392,0.1598,SAFE
NODE_01,1.896,0.6099,1.1373,WARNING
NODE_01,0.0805,0.0174,0.1321,SAFE
NODE_01,0.2534,0.1865,0.0955,SAFE
NODE_01,0.1524,0.1669,0.1069,SAFE
NODE_01,0.2324,0.2437,0.0907,SAFE
NODE_01,0.0511,0.2801,0.0314,SAFE
NODE_01,0.1137,0.0328,0.0721,SAFE
NODE_01,0.1948,0.2055,0.132,SAFE
NODE_01,13.0231,1.7028,2.7591,DANGER
NODE_01,3.313,0.7227,1.3444,WARNING
NODE_01,0.8697,0.8493,0.9462,WARNING
NODE_01,0.0358,0.1187,0.1984,SAFE
NODE_01,2.9497,1.1377,0.6006,WARNING
NODE_01,0.2642,0.084,0.03,SAFE
NODE_01,0.0263,0.0451,0.0858,SAFE
NODE_01,11.7073,3.4984,6.4308,DANGER
NODE_01,0.1237,0.1601,0.035,SAFE
NODE_01,0.9053,0.9076,1.732,WARNING
NODE_01,0.0204,0.0846,0.1967,SAFE
NODE_01,0.0108,0.1467,0.0029,SAFE
NODE_01,0.2904,0.2157,0.1363,SAFE
NODE_01,10.7227,3.428,4.573,DANGER
NODE_01,11.5058,3.7451,7.1854,DANGER
NODE_01,4.6438,3.7269,6.8024,DANGER
NODE_01,0.2549,0.0607,0.1556,SAFE
NODE_01,2.8622,0.5908,1.5803,WARNING
NODE_01,0.2746,0.1772,0.1294,SAFE
NODE_01,1.6804,1.1946,0.5279,WARNING
NODE_01,0.242,0.0721,0.164,SAFE
NODE_01,0.1604,0.2397,0.0099,SAFE
NODE_01,0.0709,0.0228,0.1151,SAFE
NODE_01,0.2111,0.1975,0.064,SAFE
NODE_01,0.014,0.1226,0.0054,SAFE
NODE_01,11.8873,5.1692,3.3535,DANGER
NODE_01,0.1755,0.0183,0.0069,SAFE
NODE_01,14.2656,5.1445,2.6398,DANGER
NODE_01,0.1931,0.2305,0.0862,SAFE
NODE_01,0.2257,0.0311,0.1839,SAFE
NODE_01,0.1957,0.2714,0.1637,SAFE
NODE_01,2.4009,0.6471,0.6701,WARNING
NODE_01,4.5962,2.3008,4.9723,DANGER
NODE_01,0.155,0.2069,0.0071,SAFE
NODE_01,0.1734,0.1479,0.1524,SAFE
NODE_01,0.2699,0.0143,0.1781,SAFE
NODE_01,0.1948,0.2824,0.147,SAFE
NODE_01,2.3818,1.0887,0.4957,WARNING
NODE_01,0.0653,0.067,0.1653,SAFE
NODE_01,11.4401,5.1858,6.0444,DANGER
NODE_01,3.442,0.4312,1.5726,WARNING
NODE_01,0.2677,0.1713,0.0461,SAFE
NODE_01,0.2921,0.2064,0.1638,SAFE
NODE_01,0.09,0.1183,0.0156,SAFE
NODE_01,0.2218,0.2148,0.144,SAFE
NODE_01,0.0788,0.0506,0.0484,SAFE
NODE_01,0.1049,0.0401,0.1975,SAFE
NODE_01,0.2281,0.1088,0.0452,SAFE
NODE_01,2.3459,0.7583,0.8791,WARNING
NODE_01,0.1291,0.1146,0.1255,SAFE
NODE_01,10.3291,5.8211,6.6624,DANGER
NODE_01,0.288,0.1065,0.0814,SAFE
NODE_01,0.0953,0.2511,0.0448,SAFE
NODE_01,0.0706,0.2461,0.0061,SAFE
NODE_01,0.2955,0.2196,0.1559,SAFE
NODE_01,0.0185,0.1052,0.0326,SAFE
NODE_01,0.2577,0.0571,0.1854,SAFE
NODE_01,0.2855,0.1556,0.1758,SAFE
NODE_01,2.5859,0.4395,1.2433,WARNING
NODE_01,1.442,1.0609,0.9026,WARNING
NODE_01,0.1787,0.1168,0.1739,SAFE
NODE_01,0.1946,0.1824,0.1553,SAFE
NODE_01,2.1313,0.8428,1.5552,WARNING
NODE_01,5.1904,2.097,7.092,DANGER
NODE_01,0.1223,0.0714,0.169,SAFE
NODE_01,2.898,0.6646,0.9952,WARNING
NODE_01,10.8859,2.684,6.0731,DANGER
NODE_01,0.1452,0.0609,0.1851,SAFE
NODE_01,0.2782,0.2554,0.1222,SAFE
NODE_01,0.8478,0.9156,1.266,WARNING
NODE_01,0.1084,0.1769,0.1662,SAFE
NODE_01,0.1925,0.179,0.1332,SAFE
NODE_01,0.2913,0.129,0.1549,SAFE
NODE_01,0.2051,0.1279,0.0549,SAFE
NODE_01,3.4587,0.9489,1.1377,WARNING
NODE_01,0.2734,0.2593,0.1054,SAFE
NODE_01,0.9749,0.811,1.6652,WARNING
NODE_01,0.0554,0.1402,0.0279,SAFE
NODE_01,0.0126,0.1726,0.0078,SAFE
NODE_01,0.822,1.0475,0.7141,WARNING
NODE_01,0.2166,0.1873,0.1855,SAFE
NODE_01,0.029,0.142,0.1552,SAFE
NODE_01,2.0864,0.4462,1.0357,WARNING
NODE_01,0.245,0.1183,0.1092,SAFE
NODE_01,0.1357,0.2092,0.0226,SAFE
NODE_01,0.0086,0.1725,0.1882,SAFE
NODE_01,0.2252,0.0421,0.0465,SAFE
NODE_01,0.0312,0.1354,0.1679,SAFE
NODE_01,0.0306,0.2605,0.0184,SAFE
NODE_01,3.2547,0.5529,0.756,WARNING
NODE_01,0.0864,0.2626,0.0956,SAFE
NODE_01,8.0758,2.6685,2.0196,DANGER
NODE_01,0.0907,0.0318,0.042,SAFE
NODE_01,0.0594,0.1082,0.1858,SAFE
NODE_01,0.5498,0.4701,0.4837,WARNING
NODE_01,0.1602,0.1285,0.0902,SAFE
NODE_01,0.0438,0.2286,0.1451,SAFE
NODE_01,0.1947,0.2674,0.0266,SAFE
NODE_01,0.1426,0.0332,0.0417,SAFE
NODE_01,0.0896,0.1119,0.1943,SAFE
NODE_01,1.16,0.5382,1.6402,WARNING
NODE_01,0.2536,0.1006,0.0776,SAFE
NODE_01,0.2791,0.1375,0.0698,SAFE
NODE_01,0.0991,0.0813,0.0988,SAFE
NODE_01,0.1403,0.1206,0.0615,SAFE
NODE_01,0.0046,0.2472,0.1779,SAFE
NODE_01,4.4309,3.5566,7.4449,DANGER
NODE_01,0.2644,0.0783,0.1845,SAFE
NODE_01,0.233,0.1133,0.1492,SAFE
NODE_01,0.1191,0.2124,0.0628,SAFE
NODE_01,4.9611,3.2979,6.4545,DANGER
NODE_01,0.0047,0.2708,0.0101,SAFE
NODE_01,0.1195,0.0676,0.0149,SAFE
NODE_01,0.2367,0.2866,0.1345,SAFE
NODE_01,0.0174,0.2727,0.0044,SAFE
NODE_01,0.0205,0.2453,0.1956,SAFE
NODE_01,0.1795,0.0301,0.1911,SAFE
NODE_01,0.2748,0.2871,0.013,SAFE
NODE_01,11.2215,2.9729,6.2644,DANGER
NODE_01,1.4856,0.8853,1.2381,WARNING
NODE_01,2.74,1.0053,1.5019,WARNING
NODE_01,0.1138,0.1221,0.0972,SAFE
NODE_01,3.2347,0.5407,1.0388,WARNING
NODE_01,13.2044,5.4393,3.8965,DANGER
NODE_01,10.2622,2.5776,6.6184,DANGER
NODE_01,13.1393,4.4268,6.1948,DANGER
NODE_01,0.0307,0.1018,0.1894,SAFE
NODE_01,0.1028,0.0766,0.1411,SAFE
NODE_01,0.1421,0.0896,0.0466,SAFE
NODE_01,2.2955,0.4084,1.1873,WARNING
NODE_01,0.1203,0.2828,0.0732,SAFE
NODE_01,2.3537,0.578,0.5193,WARNING
NODE_01,0.2353,0.282,0.0162,SAFE
NODE_01,0.0122,0.2617,0.0549,SAFE
NODE_01,0.0222,0.167,0.1466,SAFE
NODE_01,10.6553,5.5899,4.5649,DANGER
NODE_01,0.0325,0.1099,0.1944,SAFE
NODE_01,0.0304,0.0456,0.0477,SAFE
NODE_01,2.6374,0.9067,1.5508,WARNING
NODE_01,0.0045,0.2469,0.1277,SAFE
NODE_01,0.2309,0.192,0.0221,SAFE
NODE_01,4.6423,3.6538,4.0597,DANGER
NODE_01,0.179,0.2004,0.0329,SAFE
NODE_01,0.0622,0.1002,0.1371,SAFE
NODE_01,0.2195,0.2599,0.0905,SAFE
NODE_01,0.2824,0.2496,0.1971,SAFE
NODE_01,0.1288,0.2168,0.1351,SAFE
NODE_01,0.004,0.0262,0.0977,SAFE
NODE_01,0.0959,0.0581,0.0768,SAFE
NODE_01,0.2092,0.0387,0.1617,SAFE
NODE_01,5.985,3.7013,2.1665,DANGER
NODE_01,0.0942,0.2656,0.1507,SAFE
NODE_01,0.2952,0.1809,0.1662,SAFE
NODE_01,5.2093,5.651,3.5444,DANGER
NODE_01,0.0166,0.0127,0.1122,SAFE
NODE_01,0.0387,0.2886,0.1436,SAFE
NODE_01,0.2819,0.2797,0.1349,SAFE
NODE_01,9.3954,3.7487,7.6218,DANGER
NODE_01,1.735,0.3548,0.6986,WARNING
NODE_01,0.2187,0.1785,0.0041,SAFE
NODE_01,2.2066,0.666,1.6583,WARNING
NODE_01,0.1219,0.2312,0.0799,SAFE
NODE_01,0.2156,0.2045,0.0073,SAFE
NODE_01,14.0603,4.304,4.7426,DANGER
NODE_01,5.7246,2.9076,7.2903,DANGER
NODE_01,0.0968,0.1138,0.1262,SAFE
NODE_01,0.0361,0.171,0.0815,SAFE
NODE_01,0.1541,0.0736,0.0775,SAFE
NODE_01,2.6565,0.5742,0.9581,WARNING
NODE_01,0.1216,0.2461,0.0819,SAFE
NODE_01,8.581,5.2524,4.1212,DANGER
NODE_01,0.0661,0.0215,0.1895,SAFE
NODE_01,0.1292,0.2336,0.0222,SAFE
NODE_01,0.0228,0.0711,0.1442,SAFE
NODE_01,3.2948,0.7182,1.066,WARNING
NODE_01,0.9648,1.1765,1.011,WARNING
NODE_01,0.1676,0.0391,0.0987,SAFE
NODE_01,0.129,0.1588,0.0231,SAFE
NODE_01,0.0159,0.1159,0.0783,SAFE
NODE_01,2.9604,0.594,0.8035,WARNING
NODE_01,2.1428,1.0927,0.9916,WARNING
NODE_01,0.1507,0.1955,0.0918,SAFE
NODE_01,0.2364,0.0581,0.1596,SAFE
NODE_01,0.2533,0.2261,0.0197,SAFE
NODE_01,0.0653,0.2727,0.0334,SAFE
NODE_01,0.2905,0.1924,0.0883,SAFE
NODE_01,0.2095,0.2051,0.0175,SAFE
NODE_01,0.025,0.2546,0.1506,SAFE
NODE_01,0.0685,0.1293,0.0587,SAFE
NODE_01,2.1572,0.3972,1.5486,WARNING
NODE_01,0.0326,0.0614,0.0634,SAFE
NODE_01,0.1357,0.2013,0.0513,SAFE
NODE_01,13.6543,5.1675,5.9207,DANGER
NODE_01,0.2374,0.0788,0.1036,SAFE
NODE_01,0.1396,0.1711,0.0063,SAFE
NODE_01,0.2437,0.1329,0.136,SAFE
NODE_01,0.0176,0.1785,0.0246,SAFE
NODE_01,0.1361,0.1193,0.062,SAFE
NODE_01,0.2271,0.1791,0.0498,SAFE
NODE_01,2.1585,1.0824,1.0385,WARNING
NODE_01,0.2825,0.2171,0.1558,SAFE
NODE_01,0.2208,0.0692,0.1669,SAFE
NODE_01,0.1761,0.2843,0.0664,SAFE
NODE_01,0.1511,0.2581,0.1079,SAFE
NODE_01,2.6167,1.0456,1.5773,WARNING
NODE_01,4.0014,5.3667,5.005,DANGER
NODE_01,0.0619,0.1515,0.1383,SAFE
NODE_01,0.1583,0.294,0.0691,SAFE
NODE_01,0.1239,0.0315,0.1094,SAFE
NODE_01,8.4713,4.6402,6.8359,DANGER
NODE_01,0.1239,0.1168,0.1691,SAFE
NODE_01,0.167,0.1202,0.1939,SAFE
NODE_01,0.273,0.162,0.1766,SAFE
NODE_01,0.0621,0.281,0.1422,SAFE
NODE_01,0.1695,0.1038,0.0304,SAFE
NODE_01,2.9261,0.6892,1.3474,WARNING
NODE_01,0.1179,0.0595,0.0651,SAFE
NODE_01,2.6866,1.1017,1.4664,WARNING
NODE_01,0.1725,0.2493,0.0457,SAFE
NODE_01,0.291,0.2568,0.1136,SAFE
NODE_01,0.0901,0.2698,0.116,SAFE
NODE_01,0.2726,0.0825,0.0025,SAFE
NODE_01,0.2479,0.1981,0.0159,SAFE
NODE_01,0.0565,0.0288,0.1442,SAFE
NODE_01,0.0114,0.2117,0.1213,SAFE
NODE_01,10.0213,4.9527,7.9865,DANGER
NODE_01,0.5949,0.6272,1.4269,WARNING
NODE_01,0.2809,0.0246,0.0603,SAFE
NODE_01,1.5696,0.4025,1.5665,WARNING
NODE_01,0.193,0.117,0.0942,SAFE
NODE_01,0.1784,0.1165,0.1115,SAFE
NODE_01,0.2983,0.2956,0.199,SAFE
NODE_01,0.1433,0.0469,0.1235,SAFE
NODE_01,0.018,0.1634,0.0606,SAFE
NODE_01,0.2424,0.0715,0.101,SAFE
NODE_01,1.3537,1.0283,1.0075,WARNING
NODE_01,2.2848,0.9842,1.4364,WARNING
NODE_01,0.2213,0.0932,0.1758,SAFE
NODE_01,0.1374,0.1851,0.1175,SAFE
NODE_01,0.08,0.2616,0.039,SAFE
NODE_01,0.2974,0.0251,0.1195,SAFE
NODE_01,0.1229,0.0207,0.044,SAFE
NODE_01,0.2891,0.1338,0.1567,SAFE
NODE_01,1.0519,0.9898,0.5663,WARNING
NODE_01,0.0755,0.1558,0.0331,SAFE
NODE_01,0.1384,0.2917,0.1921,SAFE
NODE_01,9.975,1.7898,3.7465,DANGER
NODE_01,0.2265,0.2976,0.1702,SAFE
NODE_01,0.2624,0.1115,0.183,SAFE
NODE_01,2.8116,0.9013,0.4755,WARNING
NODE_01,0.1179,0.2419,0.1544,SAFE
NODE_01,0.2139,0.1167,0.0871,SAFE
NODE_01,0.2446,0.1575,0.0145,SAFE
NODE_01,0.1836,0.2067,0.0612,SAFE
NODE_01,5.3267,3.0157,4.3163,DANGER
NODE_01,0.0948,0.1718,0.1154,SAFE
NODE_01,0.0578,0.0999,0.0077,SAFE
NODE_01,0.083,0.0465,0.0704,SAFE
NODE_01,0.0854,0.2803,0.1811,SAFE
NODE_01,0.2397,0.0974,0.0382,SAFE
NODE_01,1.5222,0.8565,1.3925,WARNING
NODE_01,0.6767,0.8772,1.7662,WARNING
NODE_01,0.2678,0.2422,0.1901,SAFE
NODE_01,0.1391,0.0829,0.1945,SAFE
NODE_01,0.013,0.229,0.0356,SAFE
NODE_01,0.1547,0.1474,0.0796,SAFE
NODE_01,0.0731,0.2588,0.1611,SAFE
NODE_01,0.0717,0.0908,0.0098,SAFE
NODE_01,4.2967,5.8314,7.383,DANGER
NODE_01,0.1226,0.1634,0.1831,SAFE
NODE_01,1.4271,0.5398,1.1526,WARNING
NODE_01,0.149,0.2895,0.0555,SAFE
NODE_01,0.0733,0.2307,0.0489,SAFE
NODE_01,0.0352,0.1221,0.1297,SAFE
NODE_01,3.2038,0.4737,1.2574,WARNING
NODE_01,0.1958,0.2714,0.0258,SAFE
NODE_01,0.9817,0.9904,1.5415,WARNING
NODE_01,0.0864,0.1554,0.0071,SAFE
NODE_01,8.5986,2.1189,5.1683,DANGER
NODE_01,0.0437,0.1644,0.1544,SAFE
NODE_01,0.1061,0.0638,0.1524,SAFE
NODE_01,0.1644,0.0657,0.1576,SAFE
NODE_01,0.1627,0.0331,0.1394,SAFE
NODE_01,0.0963,0.1651,0.1748,SAFE
NODE_01,0.2616,0.2733,0.0654,SAFE
NODE_01,0.164,0.1885,0.052,SAFE
NODE_01,13.9607,1.6276,2.7326,DANGER
NODE_01,0.0651,0.2287,0.0559,SAFE
NODE_01,0.1071,0.2698,0.1534,SAFE
NODE_01,0.2456,0.0419,0.1963,SAFE
NODE_01,0.0552,0.088,0.0163,SAFE
NODE_01,0.1078,0.1124,0.1637,SAFE
NODE_01,0.2419,0.2868,0.1357,SAFE
NODE_01,0.8783,1.1818,0.9006,WARNING
NODE_01,0.1387,0.2317,0.1667,SAFE
NODE_01,13.0624,1.6168,7.0827,DANGER
NODE_01,0.2948,0.0361,0.1489,SAFE
NODE_01,1.7831,0.9793,1.5334,WARNING
NODE_01,0.2458,0.0294,0.0539,SAFE
NODE_01,0.0329,0.2753,0.0837,SAFE
NODE_01,0.0508,0.0933,0.04,SAFE
NODE_01,0.0777,0.1059,0.0285,SAFE
NODE_01,0.0263,0.1568,0.1431,SAFE
NODE_01,1.1335,0.584,1.7448,WARNING
NODE_01,2.265,0.7917,0.8167,WARNING
NODE_01,0.0515,0.29,0.1244,SAFE
NODE_01,0.1326,0.2366,0.0483,SAFE
NODE_01,2.2395,0.8344,1.7118,WARNING
NODE_01,3.4165,0.5051,1.0503,WARNING
NODE_01,0.2835,0.0406,0.1942,SAFE
NODE_01,0.0105,0.192,0.1703,SAFE
NODE_01,0.2641,0.1313,0.1132,SAFE
NODE_01,2.4786,0.562,0.6497,WARNING
NODE_01,2.3091,0.4989,1.6577,WARNING
NODE_01,0.2885,0.1889,0.1895,SAFE
NODE_01,0.2251,0.275,0.1703,SAFE
NODE_01,0.0707,0.0618,0.1096,SAFE
NODE_01,3.0259,0.7016,1.6303,WARNING
NODE_01,0.2961,0.0424,0.0491,SAFE
NODE_01,0.0342,0.2528,0.1988,SAFE
NODE_01,2.8817,1.1307,0.9154,WARNING
NODE_01,0.107,0.0851,0.0939,SAFE
NODE_01,0.2106,0.2478,0.0766,SAFE
NODE_01,0.0096,0.1573,0.1071,SAFE
NODE_01,1.3247,0.9678,1.5115,WARNING
NODE_01,0.2798,0.2571,0.1768,SAFE
NODE_01,0.1343,0.027,0.153,SAFE
NODE_01,0.5444,0.6988,1.7183,WARNING
NODE_01,2.9582,0.9,1.414,WARNING
NODE_01,0.2441,0.0638,0.0591,SAFE
NODE_01,0.0991,0.0653,0.0282,SAFE
NODE_01,0.0672,0.162,0.131,SAFE
NODE_01,0.1346,0.2294,0.0369,SAFE
NODE_01,2.5449,0.5082,1.1208,WARNING
NODE_01,0.2024,0.1061,0.0296,SAFE
NODE_01,0.2253,0.171,0.1495,SAFE
NODE_01,0.1863,0.0297,0.1182,SAFE
NODE_01,0.073,0.2224,0.1183,SAFE
NODE_01,0.2094,0.0655,0.1898,SAFE
NODE_01,0.0052,0.2734,0.1792,SAFE
NODE_01,0.2476,0.0449,0.1424,SAFE
NODE_01,0.091,0.1476,0.1182,SAFE
NODE_01,0.1018,0.2537,0.1345,SAFE
NODE_01,0.0212,0.1252,0.1845,SAFE
NODE_01,0.046,0.1156,0.0966,SAFE
NODE_01,0.0455,0.2961,0.05,SAFE
NODE_01,0.8742,0.4802,1.6189,WARNING
NODE_01,0.1422,0.1725,0.1512,SAFE
NODE_01,0.0858,0.2177,0.1359,SAFE
NODE_01,0.1721,0.2341,0.1471,SAFE
NODE_01,0.2407,0.1079,0.1863,SAFE
NODE_01,4.9972,4.6671,2.1292,DANGER
NODE_01,0.2851,0.2734,0.1369,SAFE
NODE_01,1.9501,0.9948,1.0671,WARNING
NODE_01,0.12,0.0445,0.1447,SAFE
NODE_01,4.8928,2.1821,5.628,DANGER
NODE_01,0.0621,0.229,0.1893,SAFE
NODE_01,0.1425,0.2399,0.116,SAFE
NODE_01,0.053,0.1542,0.112,SAFE
NODE_01,1.8259,0.9551,1.1664,WARNING
NODE_01,5.3674,1.6419,5.4961,DANGER
NODE_01,3.3009,0.7388,1.1998,WARNING
NODE_01,2.6946,0.3509,0.7518,WARNING
NODE_01,0.1118,0.2909,0.1,SAFE
NODE_01,0.0168,0.0809,0.16,SAFE
NODE_01,0.2615,0.2213,0.0631,SAFE
NODE_01,0.2053,0.2076,0.1544,SAFE
NODE_01,0.261,0.1633,0.1522,SAFE
NODE_01,2.4271,0.5839,1.2337,WARNING
NODE_01,0.1628,0.0723,0.077,SAFE
NODE_01,1.5167,0.8966,0.8132,WARNING
NODE_01,0.1612,0.2601,0.1754,SAFE
NODE_01,8.3509,2.3204,3.6025,DANGER
NODE_01,0.1061,0.0555,0.0734,SAFE
NODE_01,9.202,4.6739,4.4862,DANGER
NODE_01,0.2821,0.0672,0.1754,SAFE
NODE_01,0.1097,0.204,0.1377,SAFE
NODE_01,0.0265,0.1954,0.1413,SAFE
NODE_01,0.1837,0.0295,0.1838,SAFE
NODE_01,0.0129,0.2012,0.1315,SAFE
NODE_01,0.1891,0.2963,0.0603,SAFE
NODE_01,0.8682,0.7215,1.7783,WARNING
NODE_01,0.2649,0.1644,0.0437,SAFE
NODE_01,0.2815,0.1135,0.1952,SAFE
NODE_01,0.034,0.207,0.1951,SAFE
NODE_01,0.2024,0.13,0.0056,SAFE
NODE_01,2.1125,1.0922,1.2724,WARNING
NODE_01,0.0949,0.025,0.1199,SAFE
NODE_01,0.0419,0.1912,0.0108,SAFE
NODE_01,0.113,0.2852,0.051,SAFE
NODE_01,0.1712,0.232,0.0844,SAFE
NODE_01,0.7178,1.0002,0.6838,WARNING
NODE_01,4.6743,2.2855,2.1577,DANGER
NODE_01,0.2352,0.1441,0.0755,SAFE
NODE_01,0.1686,0.0597,0.1778,SAFE
NODE_01,2.3223,1.022,0.4046,WARNING
NODE_01,0.0666,0.2342,0.0439,SAFE
NODE_01,0.112,0.0192,0.1403,SAFE
NODE_01,0.1146,0.2309,0.1569,SAFE
NODE_01,2.6802,1.1732,1.1477,WARNING
NODE_01,0.1049,0.118,0.1417,SAFE
NODE_01,12.9171,1.6315,6.3211,DANGER
NODE_01,0.2507,0.0926,0.1541,SAFE
NODE_01,1.2078,1.1087,0.864,WARNING
NODE_01,8.4411,2.6667,5.3839,DANGER
NODE_01,0.0771,0.2513,0.0645,SAFE
NODE_01,0.1338,0.2837,0.0366,SAFE
NODE_01,0.2797,0.2817,0.0587,SAFE
NODE_01,0.1159,0.1835,0.1934,SAFE
NODE_01,3.3337,1.0064,0.8658,WARNING
NODE_01,0.2407,0.0293,0.065,SAFE
NODE_01,0.2726,0.1519,0.1552,SAFE
NODE_01,1.5555,0.4025,1.669,WARNING
NODE_01,0.2476,0.2714,0.1397,SAFE
NODE_01,0.0339,0.265,0.0719,SAFE
NODE_01,9.6399,1.443,7.307,DANGER
NODE_01,14.9935,2.1921,5.6983,DANGER
NODE_01,0.0533,0.0192,0.1704,SAFE
NODE_01,0.0982,0.0928,0.1303,SAFE
NODE_01,0.2304,0.1508,0.0636,SAFE
NODE_01,0.0179,0.1135,0.0366,SAFE
NODE_01,11.7634,2.4924,4.4873,DANGER
NODE_01,0.1333,0.1256,0.123,SAFE
NODE_01,0.1775,0.2654,0.0523,SAFE
NODE_01,0.0916,0.288,0.0934,SAFE
NODE_01,3.4567,0.6302,1.6564,WARNING
NODE_01,0.1042,0.1119,0.0836,SAFE
NODE_01,14.2826,1.8738,4.2719,DANGER
NODE_01,0.029,0.1156,0.0917,SAFE
NODE_01,0.148,0.2945,0.037,SAFE
NODE_01,0.0912,0.1324,0.1723,SAFE
NODE_01,0.1253,0.2725,0.0943,SAFE
NODE_01,0.0242,0.1295,0.0628,SAFE
NODE_01,0.2285,0.0217,0.1052,SAFE
NODE_01,0.1432,0.0314,0.1913,SAFE
NODE_01,0.1126,0.2535,0.1572,SAFE
NODE_01,0.2311,0.2816,0.0612,SAFE
NODE_01,0.1129,0.0489,0.03,SAFE
NODE_01,0.1703,0.2494,0.1841,SAFE
NODE_01,0.2123,0.2875,0.1372,SAFE
NODE_01,0.2033,0.1208,0.0053,SAFE
NODE_01,2.2309,0.4314,1.6039,WARNING
NODE_01,0.0499,0.2695,0.178,SAFE
NODE_01,0.2994,0.2424,0.0949,SAFE
NODE_01,2.7667,0.8917,0.7529,WARNING
NODE_01,0.2466,0.1493,0.0823,SAFE
NODE_01,0.1977,0.243,0.0595,SAFE
NODE_01,0.0804,0.1175,0.1751,SAFE
NODE_01,0.2495,0.2159,0.0335,SAFE
NODE_01,0.0781,0.059,0.0871,SAFE
NODE_01,0.2784,0.297,0.0546,SAFE
NODE_01,0.2803,0.0781,0.0971,SAFE
NODE_01,3.1692,1.0354,1.7994,WARNING
NODE_01,0.0886,0.086,0.0155,SAFE
NODE_01,0.2265,0.2522,0.0136,SAFE
NODE_01,0.9777,0.9684,1.2408,WARNING
NODE_01,0.1385,0.2519,0.0045,SAFE
NODE_01,0.1845,0.1264,0.1346,SAFE
NODE_01,0.0257,0.2864,0.1587,SAFE
NODE_01,0.199,0.1701,0.1455,SAFE
NODE_01,2.8923,1.0905,1.5396,WARNING
NODE_01,2.7787,0.8222,0.5449,WARNING
NODE_01,0.8201,0.4968,1.231,WARNING
NODE_01,0.0197,0.1164,0.0677,SAFE
NODE_01,0.1234,0.0243,0.1214,SAFE
NODE_01,3.0848,0.655,0.4085,WARNING
NODE_01,2.5969,0.4504,0.4464,WARNING
NODE_01,0.22,0.0365,0.0716,SAFE
NODE_01,0.015,0.246,0.1208,SAFE
NODE_01,0.238,0.2487,0.1798,SAFE
NODE_01,0.2234,0.1451,0.0067,SAFE
NODE_01,2.0438,1.1822,0.6148,WARNING
NODE_01,0.0473,0.1274,0.1225,SAFE
NODE_01,1.6936,1.1909,1.514,WARNING
NODE_01,0.0184,0.1647,0.0783,SAFE
NODE_01,0.1319,0.1126,0.1584,SAFE
NODE_01,0.0269,0.2323,0.0455,SAFE
NODE_01,0.0823,0.2674,0.046,SAFE
NODE_01,0.1019,0.2962,0.0631,SAFE
NODE_01,0.2126,0.2795,0.0293,SAFE
NODE_01,0.8125,0.3532,0.9675,WARNING
NODE_01,0.1899,0.2536,0.1317,SAFE
NODE_01,0.0712,0.2446,0.0062,SAFE
NODE_01,0.105,0.214,0.1963,SAFE
NODE_01,0.1688,0.1017,0.1792,SAFE
NODE_01,0.0915,0.1548,0.1813,SAFE
NODE_01,3.496,0.9324,1.4582,WARNING
NODE_01,0.2273,0.2671,0.0543,SAFE
NODE_01,0.0609,0.0214,0.1977,SAFE
NODE_01,0.1854,0.1193,0.1288,SAFE
NODE_01,1.0225,0.5165,0.973,WARNING
NODE_01,0.069,0.1233,0.0905,SAFE
NODE_01,0.1753,0.2126,0.0613,SAFE
NODE_01,0.0988,0.2632,0.1022,SAFE
NODE_01,1.991,0.698,1.6502,WARNING
NODE_01,0.2976,0.0389,0.1868,SAFE
NODE_01,0.1174,0.1153,0.0968,SAFE
NODE_01,2.1621,0.4051,1.1462,WARNING
NODE_01,3.4522,0.5068,1.1832,WARNING
NODE_01,0.2656,0.1809,0.1945,SAFE
NODE_01,0.1685,0.2627,0.1396,SAFE
NODE_01,0.124,0.2138,0.0957,SAFE
NODE_01,2.8431,0.3706,1.6555,WARNING
NODE_01,2.7152,0.4682,1.3926,WARNING
NODE_01,0.0867,0.0208,0.0489,SAFE
NODE_01,0.0644,0.1961,0.0439,SAFE
NODE_01,1.3249,0.8835,0.5228,WARNING
NODE_01,0.0457,0.0693,0.177,SAFE
NODE_01,0.2173,0.2357,0.0541,SAFE
NODE_01,0.221,0.1948,0.0148,SAFE
NODE_01,0.6881,1.0528,0.8589,WARNING
NODE_01,0.1152,0.1093,0.0393,SAFE
NODE_01,1.8934,0.3539,1.1003,WARNING
NODE_01,11.578,4.5401,4.0123,DANGER
NODE_01,0.1222,0.1133,0.1393,SAFE
NODE_01,14.0275,5.3181,7.1405,DANGER
NODE_01,0.2756,0.0159,0.0115,SAFE
NODE_01,0.2094,0.0161,0.1933,SAFE
NODE_01,0.2594,0.2138,0.0758,SAFE
NODE_01,0.0995,0.0717,0.0313,SAFE
NODE_01,4.2652,2.6706,3.3049,DANGER
NODE_01,0.2268,0.0721,0.1703,SAFE
NODE_01,0.1423,0.2192,0.1618,SAFE
NODE_01,3.131,0.4427,0.4721,WARNING
NODE_01,9.3721,4.7635,5.9255,DANGER
NODE_01,0.2787,0.1064,0.0712,SAFE
NODE_01,1.9112,0.8155,1.0014,WARNING
NODE_01,0.092,0.1015,0.0054,SAFE
NODE_01,0.2648,0.2011,0.0705,SAFE
NODE_01,7.1392,1.5551,7.6471,DANGER
NODE_01,0.1875,0.14,0.0366,SAFE
NODE_01,4.2845,5.2694,6.7271,DANGER
NODE_01,0.0853,0.0375,0.1631,SAFE
NODE_01,2.4691,1.1442,1.564,WARNING
NODE_01,0.0299,0.0922,0.1769,SAFE
NODE_01,0.0991,0.1033,0.0538,SAFE
NODE_01,2.6984,1.1228,1.5442,WARNING
NODE_01,0.0014,0.1494,0.1912,SAFE
NODE_01,2.2238,0.5809,0.7641,WARNING
NODE_01,3.2005,0.4318,1.251,WARNING
NODE_01,5.5634,5.8774,6.5552,DANGER
NODE_01,0.1889,0.2402,0.0947,SAFE
NODE_01,0.237,0.0495,0.0402,SAFE
NODE_01,11.1986,2.768,2.6079,DANGER
NODE_01,0.025,0.0248,0.1313,SAFE
NODE_01,0.1145,0.1527,0.0148,SAFE
NODE_01,0.1538,0.0696,0.1767,SAFE
NODE_01,0.287,0.058,0.115,SAFE
NODE_01,0.0139,0.1312,0.1602,SAFE
NODE_01,0.1324,0.0802,0.0653,SAFE
NODE_01,0.2598,0.134,0.0254,SAFE
NODE_01,0.0262,0.0493,0.1778,SAFE
NODE_01,2.4586,0.4661,0.5838,WARNING
NODE_01,1.6999,0.6277,1.1991,WARNING
NODE_01,0.1314,0.2274,0.0972,SAFE
NODE_01,0.1359,0.2373,0.1703,SAFE
NODE_01,0.109,0.196,0.0691,SAFE
NODE_01,12.2133,3.8792,5.8937,DANGER
NODE_01,0.0385,0.2175,0.0306,SAFE
NODE_01,0.017,0.2982,0.0852,SAFE
NODE_01,0.2276,0.2599,0.0273,SAFE
NODE_01,0.5616,1.1143,1.6285,WARNING
NODE_01,1.4621,0.4248,1.7586,WARNING
NODE_01,11.1368,3.418,3.4276,DANGER
NODE_01,0.6478,0.9294,1.7856,WARNING
NODE_01,0.1211,0.1091,0.1351,SAFE
NODE_01,0.2363,0.2848,0.196,SAFE
NODE_01,0.1672,0.2689,0.1899,SAFE
NODE_01,3.0511,0.355,0.6096,WARNING
NODE_01,3.2453,0.5739,0.8148,WARNING
NODE_01,0.0382,0.0928,0.0601,SAFE
NODE_01,11.1739,4.0616,7.5615,DANGER
NODE_01,0.2459,0.2532,0.1711,SAFE
NODE_01,4.4052,2.6411,4.0479,DANGER
NODE_01,1.346,0.9238,1.7036,WARNING
NODE_01,2.4543,0.6658,1.2357,WARNING
NODE_01,1.5522,0.3594,1.5086,WARNING
NODE_01,0.1033,0.0788,0.1258,SAFE
NODE_01,1.163,0.4566,1.532,WARNING
NODE_01,3.2898,0.9008,0.436,WARNING
NODE_01,0.0243,0.166,0.1885,SAFE
NODE_01,0.0813,0.2721,0.0416,SAFE
NODE_01,0.9022,0.7466,0.4079,WARNING
NODE_01,0.0213,0.2971,0.1435,SAFE
NODE_01,0.0687,0.2274,0.1635,SAFE
NODE_01,0.1357,0.2513,0.0525,SAFE
NODE_01,0.0958,0.2379,0.1216,SAFE
NODE_01,0.0209,0.0834,0.0017,SAFE
NODE_01,2.2406,0.4734,0.7901,WARNING
NODE_01,0.0509,0.1075,0.1056,SAFE
NODE_01,0.2984,0.1025,0.1965,SAFE
NODE_01,0.0801,0.1559,0.0024,SAFE
NODE_01,0.2446,0.2946,0.1037,SAFE
NODE_01,0.1974,0.0916,0.1195,SAFE
NODE_01,0.5583,1.0759,0.9831,WARNING
NODE_01,1.0688,1.0673,1.2484,WARNING
NODE_01,0.8998,0.8754,1.3004,WARNING
NODE_01,8.2656,5.6838,5.8683,DANGER
NODE_01,0.9906,0.8528,0.6858,WARNING
NODE_01,1.6873,1.1979,1.162,WARNING
NODE_01,0.1898,0.0733,0.1598,SAFE
NODE_01,0.0987,0.0667,0.1529,SAFE
NODE_01,0.1302,0.1134,0.1931,SAFE
NODE_01,0.1579,0.0298,0.0583,SAFE
NODE_01,2.697,0.8291,1.349,WARNING
NODE_01,0.0051,0.2131,0.0081,SAFE
NODE_01,0.238,0.0704,0.1272,SAFE
NODE_01,1.4791,0.8409,0.7353,WARNING
NODE_01,0.0689,0.0894,0.1995,SAFE
NODE_01,0.2703,0.0918,0.1199,SAFE
NODE_01,0.2565,0.0803,0.0139,SAFE
NODE_01,0.6292,0.5746,0.8612,WARNING
NODE_01,0.0639,0.0815,0.0481,SAFE
NODE_01,0.2198,0.1873,0.1026,SAFE
NODE_01,13.8038,1.8328,4.886,DANGER
NODE_01,0.2554,0.0308,0.1737,SAFE
NODE_01,0.2145,0.2143,0.086,SAFE
NODE_01,0.2775,0.2362,0.1752,SAFE
NODE_01,0.141,0.1478,0.0696,SAFE
NODE_01,1.2032,0.4404,1.3013,WARNING
NODE_01,0.0802,0.2553,0.1221,SAFE
NODE_01,0.7444,0.8334,0.6646,WARNING
NODE_01,3.427,1.1738,0.5788,WARNING
NODE_01,0.1608,0.0689,0.2,SAFE
NODE_01,0.0178,0.1032,0.0349,SAFE
NODE_01,1.8678,0.4333,1.6771,WARNING
NODE_01,0.287,0.2314,0.0993,SAFE
NODE_01,11.5876,5.9495,7.4457,DANGER
NODE_01,0.2666,0.2503,0.1198,SAFE
NODE_01,0.1345,0.0737,0.1295,SAFE
NODE_01,0.0488,0.1497,0.0183,SAFE
NODE_01,5.4193,1.4663,6.6025,DANGER
NODE_01,12.072,5.2338,7.8001,DANGER
NODE_01,0.101,0.1757,0.0769,SAFE
NODE_01,3.1353,0.8911,1.5982,WARNING
NODE_01,1.3939,1.1255,0.734,WARNING
NODE_01,2.0519,1.0104,1.3723,WARNING
NODE_01,1.9663,0.9214,1.3664,WARNING
NODE_01,0.1805,0.0608,0.0289,SAFE
NODE_01,7.6405,2.448,7.9503,DANGER
NODE_01,0.017,0.1142,0.0678,SAFE
NODE_01,0.0097,0.2372,0.0674,SAFE
NODE_01,0.2386,0.1718,0.0126,SAFE
NODE_01,2.5582,0.7006,1.4928,WARNING
NODE_01,0.1017,0.2493,0.1111,SAFE
NODE_01,1.0127,0.7741,1.2505,WARNING
NODE_01,3.2901,0.4316,0.5411,WARNING
NODE_01,0.0501,0.0753,0.1387,SAFE
NODE_01,0.2885,0.2898,0.1868,SAFE
NODE_01,0.1893,0.1496,0.1221,SAFE
NODE_01,0.2639,0.2291,0.1648,SAFE
NODE_01,9.6474,3.6129,2.0768,DANGER
NODE_01,3.4145,0.4875,0.7939,WARNING
NODE_01,0.2794,0.0511,0.0959,SAFE
NODE_01,0.2066,0.1999,0.1141,SAFE
NODE_01,2.7153,1.1103,0.5376,WARNING
NODE_01,2.4612,0.4727,0.9972,WARNING
NODE_01,0.0883,0.0998,0.1303,SAFE
NODE_01,0.238,0.2376,0.1086,SAFE
NODE_01,0.0276,0.1655,0.0506,SAFE
NODE_01,0.2459,0.1274,0.0909,SAFE
NODE_01,0.1285,0.2728,0.0329,SAFE
NODE_01,0.0429,0.0991,0.1326,SAFE
NODE_01,2.1074,1.156,1.3758,WARNING
NODE_01,0.1286,0.0705,0.1668,SAFE
NODE_01,0.0445,0.0761,0.1328,SAFE
NODE_01,0.0499,0.1673,0.1866,SAFE
NODE_01,0.1881,0.2774,0.1013,SAFE
NODE_01,0.8098,1.1414,1.7624,WARNING
NODE_01,0.0277,0.1715,0.0228,SAFE
NODE_01,0.0817,0.0355,0.0748,SAFE
NODE_01,0.2219,0.0479,0.1451,SAFE
NODE_01,0.1989,0.2351,0.1362,SAFE
NODE_01,0.181,0.157,0.1576,SAFE
NODE_01,0.0812,0.2851,0.0552,SAFE
NODE_01,0.2449,0.1549,0.1533,SAFE
NODE_01,14.9946,2.9589,4.0746,DANGER
NODE_01,0.2437,0.2507,0.0685,SAFE
NODE_01,0.0877,0.1253,0.141,SAFE
NODE_01,0.2671,0.1196,0.0832,SAFE
NODE_01,0.2812,0.0533,0.135,SAFE
NODE_01,0.2332,0.1777,0.0132,SAFE
NODE_01,0.1903,0.0612,0.1629,SAFE
NODE_01,0.2016,0.0201,0.0166,SAFE
NODE_01,0.2299,0.1182,0.0323,SAFE
NODE_01,0.1481,0.2758,0.029,SAFE
NODE_01,0.0463,0.1145,0.1953,SAFE
NODE_01,0.0113,0.1816,0.1485,SAFE
NODE_01,0.2541,0.2155,0.1738,SAFE
NODE_01,1.9657,0.7074,0.8511,WARNING
NODE_01,0.1044,0.0124,0.097,SAFE
NODE_01,0.2395,0.1996,0.1908,SAFE
NODE_01,0.0373,0.2806,0.1447,SAFE
NODE_01,12.3036,2.3918,4.5526,DANGER
NODE_01,0.1809,0.0502,0.1373,SAFE
NODE_01,0.2714,0.058,0.0828,SAFE
NODE_01,0.0604,0.1217,0.0675,SAFE
NODE_01,3.2315,0.9885,1.5268,WARNING
NODE_01,1.166,0.7314,1.2631,WARNING
NODE_01,0.1905,0.1182,0.0741,SAFE
NODE_01,0.0128,0.1745,0.1118,SAFE
NODE_01,2.8039,0.4855,0.6366,WARNING
NODE_01,8.177,3.6396,6.2164,DANGER
NODE_01,0.275,0.2969,0.0988,SAFE
NODE_01,0.2635,0.16,0.1752,SAFE
NODE_01,0.2586,0.1258,0.1546,SAFE
NODE_01,0.1852,0.1034,0.1364,SAFE
NODE_01,2.7292,0.8994,0.4327,WARNING
NODE_01,0.1143,0.2251,0.082,SAFE
NODE_01,0.1736,0.1491,0.1402,SAFE
NODE_01,0.2733,0.1738,0.1829,SAFE
NODE_01,0.2826,0.0486,0.0457,SAFE
NODE_01,0.2397,0.0964,0.1898,SAFE
NODE_01,0.2516,0.259,0.063,SAFE
NODE_01,0.0528,0.2112,0.0295,SAFE
NODE_01,0.0757,0.2968,0.0896,SAFE
NODE_01,0.2231,0.0446,0.1131,SAFE
NODE_01,0.2873,0.0374,0.1364,SAFE
NODE_01,0.2388,0.1331,0.1045,SAFE
NODE_01,0.0637,0.2761,0.0924,SAFE
NODE_01,0.1789,0.2773,0.1094,SAFE
NODE_01,2.0146,0.9498,1.5787,WARNING
NODE_01,0.286,0.0773,0.0449,SAFE
NODE_01,5.1708,4.5782,5.237,DANGER
NODE_01,0.0264,0.1899,0.1481,SAFE
NODE_01,3.161,1.0472,1.7972,WARNING
NODE_01,10.1628,5.4806,7.0463,DANGER
NODE_01,0.2274,0.1905,0.1292,SAFE
NODE_01,0.2122,0.2503,0.079,SAFE
NODE_01,12.4759,2.8657,7.247,DANGER
NODE_01,0.2963,0.1457,0.0463,SAFE
NODE_01,0.1075,0.0211,0.1685,SAFE
NODE_01,0.1702,0.1085,0.1965,SAFE
NODE_01,0.069,0.1459,0.111,SAFE
NODE_01,12.0382,3.9285,2.8713,DANGER
NODE_01,0.2191,0.2068,0.0386,SAFE
NODE_01,1.0345,0.7428,0.4605,WARNING
NODE_01,0.2032,0.1829,0.1917,SAFE
NODE_01,0.0403,0.039,0.101,SAFE
NODE_01,7.3196,2.4104,4.0801,DANGER
NODE_01,7.5041,5.1563,5.5322,DANGER
NODE_01,3.0387,0.6729,0.807,WARNING
NODE_01,0.1408,0.2016,0.0209,SAFE
NODE_01,0.2415,0.0317,0.1113,SAFE
NODE_01,1.0729,0.6697,0.6788,WARNING
NODE_01,0.1458,0.2744,0.1418,SAFE
NODE_01,0.0317,0.0684,0.0205,SAFE
NODE_01,0.2398,0.0497,0.0325,SAFE
NODE_01,0.2042,0.2061,0.1161,SAFE
NODE_01,0.0918,0.2257,0.1651,SAFE
NODE_01,0.0968,0.1243,0.0979,SAFE
NODE_01,4.1321,2.2017,2.3523,DANGER
NODE_01,2.8524,0.5637,1.3842,WARNING
NODE_01,0.2409,0.1543,0.0656,SAFE
NODE_01,0.7259,1.1066,0.5365,WARNING
NODE_01,0.0375,0.2374,0.0062,SAFE
NODE_01,0.1542,0.0939,0.0682,SAFE
NODE_01,0.2574,0.0972,0.1204,SAFE
NODE_01,2.3976,0.8379,1.5319,WARNING
NODE_01,8.6814,4.6087,2.4892,DANGER
NODE_01,0.099,0.2635,0.0715,SAFE
NODE_01,0.1221,0.0507,0.0797,SAFE
NODE_01,0.2161,0.1191,0.1977,SAFE
NODE_01,0.1667,0.25,0.1656,SAFE
NODE_01,0.193,0.0201,0.102,SAFE
NODE_01,0.2148,0.2064,0.103,SAFE
NODE_01,0.0714,0.0851,0.0963,SAFE
NODE_01,0.168,0.2436,0.0516,SAFE
NODE_01,1.7616,0.6461,0.9412,WARNING
NODE_01,1.1824,1.1109,1.6959,WARNING
NODE_01,0.135,0.032,0.1254,SAFE
NODE_01,7.1129,5.0456,5.2419,DANGER
NODE_01,0.1379,0.2234,0.1527,SAFE
NODE_01,0.2044,0.2665,0.0969,SAFE
NODE_01,9.9402,3.2178,2.7192,DANGER
NODE_01,9.5904,2.9221,5.1616,DANGER
NODE_01,0.1702,0.1184,0.0842,SAFE
NODE_01,7.5909,4.442,2.6079,DANGER
NODE_01,3.0533,0.43,0.8305,WARNING
NODE_01,1.9945,0.8762,1.3542,WARNING
NODE_01,6.3808,4.1102,2.337,DANGER
NODE_01,0.2229,0.0468,0.0445,SAFE
NODE_01,0.1429,0.0315,0.0813,SAFE
NODE_01,0.1155,0.2527,0.0841,SAFE
NODE_01,1.7733,0.6798,0.846,WARNING
NODE_01,0.2942,0.1099,0.0562,SAFE
NODE_01,0.2114,0.037,0.1721,SAFE
NODE_01,0.1559,0.2638,0.1293,SAFE
NODE_01,0.0188,0.2321,0.1278,SAFE
NODE_01,0.2157,0.25,0.1992,SAFE
NODE_01,1.0703,0.9036,1.2388,WARNING
NODE_01,3.0636,0.6386,0.7231,WARNING
NODE_01,2.5137,0.9714,1.1875,WARNING
NODE_01,11.9684,3.68,3.1443,DANGER
NODE_01,0.255,0.1406,0.0751,SAFE
NODE_01,0.1093,0.2235,0.098,SAFE
NODE_01,5.7534,2.3837,7.7603,DANGER
NODE_01,13.3554,1.9749,7.4088,DANGER
NODE_01,0.1721,0.2479,0.1824,SAFE
NODE_01,13.0087,4.3416,3.8021,DANGER
NODE_01,0.2003,0.2214,0.0346,SAFE
NODE_01,0.1868,0.2276,0.0863,SAFE
NODE_01,0.1488,0.1306,0.0208,SAFE
NODE_01,0.2671,0.1754,0.1787,SAFE
NODE_01,0.224,0.1859,0.04,SAFE
NODE_01,0.1427,0.2972,0.1672,SAFE
NODE_01,2.0531,0.3856,1.0389,WARNING
NODE_01,0.1044,0.1536,0.1619,SAFE
NODE_01,0.0334,0.1208,0.0991,SAFE
NODE_01,0.0326,0.185,0.016,SAFE
NODE_01,0.2471,0.2311,0.0656,SAFE
NODE_01,0.239,0.049,0.1902,SAFE
NODE_01,0.0589,0.048,0.1882,SAFE
NODE_01,0.19,0.262,0.0684,SAFE
NODE_01,0.2238,0.1593,0.0127,SAFE
NODE_01,1.2852,0.9572,1.3063,WARNING
NODE_01,0.0763,0.0484,0.1413,SAFE
NODE_01,0.1495,0.1095,0.1258,SAFE
NODE_01,0.2239,0.2165,0.0665,SAFE
NODE_01,3.0186,0.6126,1.6365,WARNING
NODE_01,0.1549,0.0758,0.1443,SAFE
NODE_01,0.1829,0.0141,0.1145,SAFE
NODE_01,1.8537,0.6041,0.8639,WARNING
NODE_01,5.1473,3.8801,6.6425,DANGER
NODE_01,0.0728,0.1133,0.0654,SAFE
NODE_01,0.0341,0.137,0.0664,SAFE
NODE_01,0.0161,0.2352,0.0576,SAFE
NODE_01,0.1447,0.1663,0.0546,SAFE
NODE_01,0.1297,0.059,0.0184,SAFE
NODE_01,3.4715,0.6043,0.6133,WARNING
NODE_01,0.1846,0.2223,0.0676,SAFE
NODE_01,0.0521,0.0175,0.1929,SAFE
NODE_01,14.1172,4.4808,4.2194,DANGER
NODE_01,0.2036,0.1122,0.05,SAFE
NODE_01,0.0365,0.0846,0.1542,SAFE
NODE_01,0.211,0.1614,0.118,SAFE
NODE_01,9.2755,5.7471,7.3721,DANGER
NODE_01,0.2623,0.2803,0.091,SAFE
NODE_01,0.1838,0.0635,0.1572,SAFE
NODE_01,0.0607,0.2829,0.0076,SAFE
NODE_01,0.1995,0.2573,0.0232,SAFE
NODE_01,0.1941,0.1094,0.1951,SAFE
NODE_01,0.2604,0.2649,0.1789,SAFE
NODE_01,0.2156,0.1139,0.1191,SAFE
NODE_01,0.1174,0.2008,0.1597,SAFE
NODE_01,0.1785,0.134,0.0412,SAFE
NODE_01,0.296,0.0318,0.0855,SAFE
NODE_01,0.0896,0.0305,0.0345,SAFE
NODE_01,0.0688,0.2598,0.1192,SAFE
NODE_01,0.0246,0.1539,0.091,SAFE
NODE_01,0.1138,0.0169,0.1281,SAFE
NODE_01,12.8179,3.0974,7.2579,DANGER
NODE_01,0.1149,0.0764,0.0476,SAFE
NODE_01,8.2581,1.7088,4.7339,DANGER
NODE_01,0.2352,0.0426,0.1307,SAFE
NODE_01,3.2618,0.6528,1.4459,WARNING
NODE_01,8.3631,2.4608,6.1001,DANGER
NODE_01,0.1259,0.174,0.1748,SAFE
NODE_01,0.2296,0.2234,0.1431,SAFE
NODE_01,0.1912,0.1867,0.108,SAFE
NODE_01,0.0896,0.1363,0.1867,SAFE
NODE_01,0.0734,0.2486,0.1667,SAFE
NODE_01,0.0033,0.2717,0.0658,SAFE
NODE_01,12.3825,2.9921,5.024,DANGER
NODE_01,0.293,0.2072,0.0279,SAFE
NODE_01,0.0703,0.2664,0.0692,SAFE
NODE_01,0.2809,0.1603,0.1821,SAFE
NODE_01,0.128,0.1432,0.0424,SAFE
NODE_01,0.0803,0.2822,0.1461,SAFE
NODE_01,0.2226,0.227,0.051,SAFE
NODE_01,0.2635,0.0919,0.0763,SAFE
NODE_01,0.0427,0.2483,0.0263,SAFE
NODE_01,0.0919,0.0188,0.0086,SAFE
NODE_01,3.0633,0.6039,1.473,WARNING
NODE_01,0.0863,0.2935,0.1507,SAFE
NODE_01,3.3163,1.185,1.7499,WARNING
NODE_01,0.1163,0.0325,0.159,SAFE
NODE_01,0.0623,0.2561,0.0147,SAFE
NODE_01,0.1242,0.2383,0.1563,SAFE
NODE_01,0.2465,0.229,0.0403,SAFE
NODE_01,2.8475,0.7184,1.0978,WARNING
NODE_01,8.3043,1.8639,4.1661,DANGER
NODE_01,2.3769,1.1946,1.5497,WARNING
NODE_01,13.6826,4.2176,6.1149,DANGER
NODE_01,0.2186,0.1716,0.1851,SAFE
NODE_01,0.2525,0.2375,0.1721,SAFE
NODE_01,0.2189,0.0999,0.175,SAFE
NODE_01,8.6634,3.8169,2.2739,DANGER
NODE_01,0.2985,0.2551,0.1766,SAFE
NODE_01,0.289,0.1466,0.1248,SAFE
NODE_01,11.962,2.7721,7.4841,DANGER
NODE_01,11.8089,5.1013,6.9047,DANGER
NODE_01,12.6612,4.8908,7.0536,DANGER
NODE_01,1.5525,0.7656,0.8157,WARNING
NODE_01,0.2427,0.0453,0.0375,SAFE
NODE_01,0.0941,0.0369,0.0172,SAFE
NODE_01,0.0948,0.1611,0.1272,SAFE
NODE_01,5.0566,2.6701,7.1135,DANGER
NODE_01,0.1492,0.2368,0.0911,SAFE
NODE_01,0.0373,0.2979,0.1737,SAFE
NODE_01,0.2028,0.1387,0.0666,SAFE
NODE_01,0.0395,0.2219,0.037,SAFE
NODE_01,4.3355,3.6222,3.3653,DANGER
NODE_01,0.0717,0.1689,0.0225,SAFE
NODE_01,3.4897,1.0606,0.4307,WARNING
NODE_01,2.4093,0.6994,0.7967,WARNING
NODE_01,6.3704,4.6377,7.136,DANGER
NODE_01,8.4901,5.9036,7.1087,DANGER
NODE_01,0.2184,0.0288,0.1993,SAFE
NODE_01,1.3752,0.4037,0.5349,WARNING
NODE_01,12.5485,3.3988,3.6017,DANGER
NODE_01,0.0328,0.2399,0.1365,SAFE
NODE_01,10.8888,1.6992,5.3274,DANGER
NODE_01,2.3282,1.0522,0.6772,WARNING
NODE_01,0.1835,0.2021,0.0895,SAFE
NODE_01,0.1469,0.2589,0.0316,SAFE
NODE_01,0.2488,0.2142,0.0861,SAFE
NODE_01,0.2633,0.2437,0.1462,SAFE
NODE_01,0.1459,0.261,0.0993,SAFE
NODE_01,0.2729,0.1336,0.1909,SAFE
NODE_01,2.07,0.7356,1.5064,WARNING
NODE_01,0.2553,0.2251,0.0445,SAFE
NODE_01,0.2031,0.2693,0.1702,SAFE
NODE_01,0.1587,0.0275,0.1358,SAFE
NODE_01,3.171,0.4668,0.8747,WARNING
NODE_01,0.0327,0.0349,0.1587,SAFE
NODE_01,9.4014,5.7798,4.9813,DANGER
NODE_01,0.1028,0.2092,0.1168,SAFE
NODE_01,0.1777,0.2165,0.1576,SAFE
NODE_01,2.5039,1.0805,1.2331,WARNING
NODE_01,0.2151,0.0933,0.1472,SAFE
NODE_01,0.129,0.2039,0.009,SAFE
NODE_01,0.2176,0.2247,0.0237,SAFE
NODE_01,9.6011,3.2532,5.3772,DANGER
NODE_01,0.1622,0.1942,0.1034,SAFE
NODE_01,2.3937,1.082,1.409,WARNING
NODE_01,0.2402,0.0331,0.1075,SAFE
NODE_01,1.2724,0.4901,1.6497,WARNING
NODE_01,0.0688,0.0808,0.0652,SAFE
NODE_01,0.0862,0.1093,0.0786,SAFE
NODE_01,0.0664,0.1271,0.0047,SAFE
NODE_01,0.2302,0.1337,0.1963,SAFE
NODE_01,0.0924,0.2224,0.1867,SAFE
NODE_01,1.2825,0.9196,0.7626,WARNING
NODE_01,0.1376,0.0707,0.1907,SAFE
NODE_01,1.3695,0.5013,1.0757,WARNING
NODE_01,0.0161,0.1715,0.0162,SAFE
NODE_01,0.2035,0.1266,0.189,SAFE
NODE_01,0.2626,0.0216,0.0307,SAFE
NODE_01,0.1055,0.2977,0.0972,SAFE
NODE_01,0.2036,0.077,0.137,SAFE
NODE_01,0.2414,0.0471,0.1612,SAFE
NODE_01,0.1346,0.1766,0.0649,SAFE
NODE_01,0.2706,0.2588,0.1368,SAFE
NODE_01,0.2053,0.1819,0.051,SAFE
NODE_01,0.1065,0.1065,0.0241,SAFE
NODE_01,2.4433,0.5141,1.3346,WARNING
NODE_01,0.1855,0.2222,0.0307,SAFE
NODE_01,2.1462,0.5096,0.8933,WARNING
NODE_01,0.2482,0.2204,0.0571,SAFE
NODE_01,0.0847,0.1004,0.1525,SAFE
NODE_01,0.2455,0.1948,0.0075,SAFE
NODE_01,1.2591,0.6825,0.6705,WARNING
NODE_01,0.1887,0.2716,0.1358,SAFE
NODE_01,1.147,1.1133,0.7208,WARNING
NODE_01,10.7392,5.1378,5.2462,DANGER
NODE_01,0.1665,0.1612,0.1138,SAFE
NODE_01,0.2111,0.0912,0.1165,SAFE
NODE_01,8.6758,5.2839,7.8031,DANGER
NODE_01,0.2102,0.2995,0.1888,SAFE
NODE_01,0.0059,0.057,0.15,SAFE
NODE_01,0.1073,0.0318,0.0092,SAFE
NODE_01,6.3394,4.8539,5.9961,DANGER
NODE_01,0.9951,0.8539,0.6335,WARNING
NODE_01,0.1714,0.2189,0.0312,SAFE
NODE_01,0.1119,0.1643,0.0856,SAFE
NODE_01,10.075,4.3294,5.2279,DANGER
NODE_01,0.1096,0.2593,0.1885,SAFE
NODE_01,0.1907,0.2068,0.0416,SAFE
NODE_01,0.2526,0.0341,0.0997,SAFE
NODE_01,0.1966,0.2591,0.0038,SAFE
NODE_01,0.045,0.2316,0.1114,SAFE
NODE_01,0.0157,0.1353,0.0754,SAFE
NODE_01,8.0766,2.3323,7.3022,DANGER
NODE_01,1.5274,0.8388,1.0999,WARNING
NODE_01,0.1536,0.0664,0.058,SAFE
NODE_01,0.1071,0.1507,0.1924,SAFE
NODE_01,0.0838,0.2224,0.1297,SAFE
NODE_01,0.1723,0.2924,0.1548,SAFE
NODE_01,0.1156,0.268,0.1576,SAFE
NODE_01,0.1187,0.1997,0.0779,SAFE
NODE_01,0.0305,0.1298,0.1108,SAFE
NODE_01,11.6875,5.9435,5.637,DANGER
NODE_01,0.1757,0.1271,0.0156,SAFE
NODE_01,0.2417,0.2832,0.0212,SAFE
NODE_01,0.1067,0.0425,0.0576,SAFE
NODE_01,0.8446,1.1268,0.847,WARNING
NODE_01,0.2866,0.2498,0.0679,SAFE
NODE_01,0.26,0.0101,0.1197,SAFE
NODE_01,0.1537,0.1663,0.1839,SAFE
NODE_01,0.1063,0.0723,0.145,SAFE
NODE_01,12.9511,5.2192,3.6844,DANGER
NODE_01,0.0907,0.2494,0.1778,SAFE
NODE_01,0.0745,0.2655,0.1972,SAFE
NODE_01,3.4269,0.8751,1.1714,WARNING
NODE_01,0.0346,0.1856,0.1225,SAFE
NODE_01,0.1822,0.1838,0.1165,SAFE
NODE_01,0.0357,0.0928,0.0546,SAFE
NODE_01,0.1437,0.0375,0.1292,SAFE
NODE_01,0.0256,0.1998,0.0752,SAFE
NODE_01,0.2926,0.2924,0.1732,SAFE
NODE_01,7.5041,1.7731,4.3023,DANGER
NODE_01,0.2852,0.2186,0.1582,SAFE
NODE_01,0.2963,0.14,0.0351,SAFE
NODE_01,0.1929,0.0601,0.1324,SAFE
NODE_01,1.6828,0.9833,1.3891,WARNING
NODE_01,0.034,0.1067,0.1239,SAFE
NODE_01,0.0485,0.0691,0.0793,SAFE
NODE_01,0.2922,0.1233,0.0105,SAFE
NODE_01,11.3697,3.6455,2.013,DANGER
NODE_01,0.1469,0.0695,0.0135,SAFE
NODE_01,2.0952,0.8728,0.9719,WARNING
NODE_01,0.065,0.2449,0.1002,SAFE
NODE_01,9.5008,5.7483,3.4946,DANGER
NODE_01,2.1851,0.5472,0.67,WARNING
NODE_01,0.2031,0.2285,0.0604,SAFE
NODE_01,4.3178,3.4434,5.433,DANGER
NODE_01,0.2898,0.1252,0.1028,SAFE
NODE_01,0.1199,0.2296,0.1057,SAFE
NODE_01,0.1633,0.0189,0.1913,SAFE
NODE_01,0.0231,0.2067,0.0381,SAFE
NODE_01,0.0869,0.1782,0.0852,SAFE
NODE_01,0.042,0.0393,0.0085,SAFE
NODE_01,0.0579,0.2373,0.1247,SAFE
NODE_01,3.2954,0.8195,1.4297,WARNING
NODE_01,0.2944,0.16,0.0095,SAFE
NODE_01,0.0476,0.0883,0.0999,SAFE
NODE_01,0.0094,0.1457,0.1423,SAFE
NODE_01,0.138,0.2992,0.1655,SAFE
NODE_01,0.0127,0.0898,0.0011,SAFE
NODE_01,2.2511,1.1121,0.5271,WARNING
NODE_01,0.1952,0.1386,0.1283,SAFE
NODE_01,0.0084,0.251,0.1954,SAFE
NODE_01,11.6508,4.8818,5.6725,DANGER
NODE_01,0.1507,0.1508,0.0432,SAFE
NODE_01,0.2473,0.0629,0.1813,SAFE
NODE_01,0.0235,0.1436,0.0853,SAFE
NODE_01,3.0308,0.3922,0.6919,WARNING
NODE_01,0.1978,0.1579,0.199,SAFE
NODE_01,0.2124,0.0696,0.041,SAFE
NODE_01,8.6278,3.3889,6.5538,DANGER
NODE_01,0.1836,0.1585,0.0648,SAFE
NODE_01,0.299,0.0723,0.1449,SAFE
NODE_01,0.0128,0.1008,0.0788,SAFE
NODE_01,0.0325,0.1765,0.1226,SAFE
NODE_01,1.2007,0.6146,1.0044,WARNING
NODE_01,0.0164,0.2919,0.0742,SAFE
NODE_01,0.1307,0.1519,0.1891,SAFE
NODE_01,0.0902,0.0886,0.0192,SAFE
NODE_01,1.3842,0.5784,1.1889,WARNING
NODE_01,0.2688,0.1337,0.148,SAFE
NODE_01,3.0563,0.6935,0.5463,WARNING
NODE_01,14.0084,1.4264,5.8122,DANGER
NODE_01,0.0457,0.0225,0.0353,SAFE
NODE_01,0.0361,0.2374,0.077,SAFE
NODE_01,0.1288,0.0227,0.1949,SAFE
NODE_01,0.5131,1.1895,1.0773,WARNING
NODE_01,3.0212,1.0781,1.3836,WARNING
NODE_01,0.2657,0.021,0.1049,SAFE
NODE_01,1.125,0.8095,1.1123,WARNING
NODE_01,0.1472,0.0249,0.0552,SAFE
NODE_01,0.2047,0.2674,0.1311,SAFE
NODE_01,0.0387,0.2428,0.0731,SAFE
NODE_01,14.7769,4.4499,4.5362,DANGER
NODE_01,0.0917,0.1199,0.0166,SAFE
NODE_01,0.1795,0.2979,0.0702,SAFE
NODE_01,0.2553,0.0667,0.0022,SAFE
NODE_01,12.5152,3.9534,5.1606,DANGER
NODE_01,0.2695,0.2778,0.0755,SAFE
NODE_01,0.2769,0.24,0.1688,SAFE
NODE_01,9.865,2.8365,5.8856,DANGER
NODE_01,0.2836,0.0435,0.192,SAFE
NODE_01,0.0463,0.1734,0.1262,SAFE
NODE_01,0.1353,0.0388,0.1143,SAFE
NODE_01,0.2094,0.0758,0.1364,SAFE
NODE_01,0.0905,0.172,0.1894,SAFE
NODE_01,0.2329,0.1356,0.057,SAFE
NODE_01,0.6726,0.9488,1.6649,WARNING
NODE_01,0.1881,0.1359,0.0153,SAFE
NODE_01,0.1196,0.0529,0.1069,SAFE
NODE_01,8.8098,4.1303,6.9642,DANGER
NODE_01,0.1637,0.1054,0.0941,SAFE
NODE_01,6.4337,4.8745,5.6808,DANGER
NODE_01,0.1801,0.1791,0.179,SAFE
NODE_01,11.9676,4.6981,7.9547,DANGER
NODE_01,0.1977,0.0551,0.0775,SAFE
NODE_01,0.6957,1.1484,0.9797,WARNING
NODE_01,0.1579,0.2017,0.1205,SAFE
NODE_01,1.3705,0.356,0.935,WARNING
NODE_01,1.3756,0.6455,0.5342,WARNING
NODE_01,2.4195,0.4859,0.805,WARNING
NODE_01,0.1153,0.1886,0.1223,SAFE
NODE_01,2.1421,0.9374,0.8515,WARNING
NODE_01,13.575,4.121,3.9111,DANGER
NODE_01,1.6121,1.195,0.7817,WARNING
NODE_01,0.1731,0.2504,0.1156,SAFE
NODE_01,0.2417,0.1693,0.1166,SAFE
NODE_01,0.0159,0.0281,0.005,SAFE
NODE_01,0.0311,0.2055,0.1751,SAFE
NODE_01,0.15,0.1229,0.0512,SAFE
NODE_01,0.1842,0.2642,0.0029,SAFE
NODE_01,2.8804,0.6233,0.9729,WARNING
NODE_01,0.0731,0.0603,0.0774,SAFE
NODE_01,0.072,0.2736,0.0047,SAFE
NODE_01,1.8012,0.5652,0.8678,WARNING
NODE_01,0.2484,0.2549,0.114,SAFE
NODE_01,0.2949,0.2398,0.0681,SAFE
NODE_01,2.89,0.9834,0.6978,WARNING
NODE_01,0.1272,0.2508,0.0528,SAFE
NODE_01,0.0354,0.0892,0.0823,SAFE
NODE_01,0.2034,0.2671,0.0662,SAFE
NODE_01,0.1711,0.2875,0.1727,SAFE
NODE_01,0.1725,0.0551,0.004,SAFE
NODE_01,3.3693,0.8099,0.5765,WARNING
NODE_01,7.33,1.7071,4.8095,DANGER
NODE_01,0.2256,0.1511,0.0908,SAFE
NODE_01,0.5947,0.7522,1.1352,WARNING
NODE_01,1.8699,0.7577,1.3616,WARNING
NODE_01,1.0078,0.6127,0.9395,WARNING
NODE_01,7.4245,4.0625,4.8028,DANGER
NODE_01,0.1581,0.1952,0.032,SAFE
NODE_01,0.2944,0.2427,0.0226,SAFE
NODE_01,2.0862,0.3686,1.2113,WARNING
NODE_01,0.7679,0.6981,1.2692,WARNING
NODE_01,1.8407,0.4365,0.4764,WARNING
NODE_01,0.0134,0.0761,0.044,SAFE
NODE_01,0.1514,0.113,0.0346,SAFE
NODE_01,11.6434,4.3152,5.9847,DANGER
NODE_01,3.2582,0.873,0.4795,WARNING
NODE_01,7.0824,5.7345,6.1302,DANGER
NODE_01,3.3802,0.5668,1.1171,WARNING
NODE_01,0.0866,0.1134,0.1939,SAFE
NODE_01,4.5743,3.7946,3.5466,DANGER
NODE_01,0.0086,0.1653,0.1551,SAFE
NODE_01,0.012,0.2424,0.1818,SAFE
NODE_01,0.1936,0.0483,0.0992,SAFE
NODE_01,0.9785,1.1729,1.2482,WARNING
NODE_01,0.0725,0.1538,0.1479,SAFE
NODE_01,0.078,0.2391,0.1171,SAFE
NODE_01,0.0752,0.1648,0.0485,SAFE
NODE_01,0.0049,0.1748,0.0456,SAFE
NODE_01,4.8025,3.2904,7.3107,DANGER
NODE_01,0.294,0.1244,0.0095,SAFE
NODE_01,0.1823,0.2809,0.1628,SAFE
NODE_01,0.2528,0.1333,0.0864,SAFE
NODE_01,0.1602,0.0835,0.0424,SAFE
NODE_01,0.036,0.1268,0.0676,SAFE
NODE_01,2.6786,1.0892,1.2899,WARNING
NODE_01,0.2679,0.2977,0.162,SAFE
NODE_01,0.2687,0.1849,0.1561,SAFE
NODE_01,0.571,1.1462,0.7819,WARNING
NODE_01,0.691,1.0018,0.4166,WARNING
NODE_01,0.0903,0.1346,0.1404,SAFE
NODE_01,0.1904,0.1925,0.1428,SAFE
NODE_01,0.2449,0.2822,0.078,SAFE
NODE_01,0.2536,0.1294,0.191,SAFE
NODE_01,5.2047,3.072,4.5504,DANGER
NODE_01,2.2884,0.5533,1.5572,WARNING
NODE_01,0.2259,0.1286,0.1624,SAFE
NODE_01,0.0477,0.1676,0.1218,SAFE
NODE_01,0.1552,0.1804,0.1958,SAFE
NODE_01,0.503,1.1759,0.9324,WARNING
NODE_01,0.1738,0.1892,0.1745,SAFE
NODE_01,0.0404,0.2209,0.0769,SAFE
NODE_01,0.0234,0.1785,0.1018,SAFE
NODE_01,0.0331,0.0826,0.0045,SAFE
NODE_01,9.1402,1.7961,4.3275,DANGER
NODE_01,1.5656,0.5243,0.5513,WARNING
NODE_01,2.2554,1.1641,0.9445,WARNING
NODE_01,1.0134,0.7768,0.7659,WARNING
NODE_01,12.5172,3.4628,2.6793,DANGER
NODE_01,0.067,0.0328,0.1378,SAFE
NODE_01,0.1972,0.247,0.1971,SAFE
NODE_01,0.1975,0.247,0.0059,SAFE
NODE_01,0.0111,0.2691,0.0707,SAFE
NODE_01,8.1922,3.8689,7.4089,DANGER
NODE_01,5.7738,4.1913,3.9847,DANGER
NODE_01,1.7502,0.52,0.8221,WARNING
NODE_01,1.8203,0.5024,1.671,WARNING
NODE_01,2.7987,0.3856,0.9906,WARNING
NODE_01,0.0629,0.2043,0.1845,SAFE
NODE_01,0.2787,0.1478,0.1857,SAFE
NODE_01,0.2229,0.1782,0.1224,SAFE
NODE_01,13.9248,3.1977,4.9455,DANGER
NODE_01,1.6978,0.7733,1.7329,WARNING
NODE_01,0.0189,0.0873,0.0849,SAFE
NODE_01,0.9237,1.1563,0.6745,WARNING
NODE_01,11.2334,5.5226,2.2486,DANGER
NODE_01,1.8143,0.7905,0.4993,WARNING
NODE_01,0.1737,0.0938,0.0993,SAFE
NODE_01,0.0756,0.1365,0.0068,SAFE
NODE_01,3.2441,0.8796,1.6237,WARNING
NODE_01,13.0304,1.9758,4.0662,DANGER
NODE_01,0.0151,0.0998,0.1932,SAFE
NODE_01,0.0973,0.2526,0.0468,SAFE
NODE_01,1.7815,0.5643,1.5007,WARNING
NODE_01,0.035,0.2361,0.1055,SAFE
NODE_01,0.2053,0.2378,0.0724,SAFE
NODE_01,0.0295,0.021,0.0913,SAFE
NODE_01,0.0697,0.0839,0.1663,SAFE
NODE_01,0.252,0.2129,0.0699,SAFE
NODE_01,0.1667,0.1159,0.0657,SAFE
NODE_01,0.2841,0.2179,0.0119,SAFE
NODE_01,0.2672,0.2976,0.18,SAFE
NODE_01,0.2409,0.0404,0.1217,SAFE
NODE_01,0.0995,0.1495,0.084,SAFE
NODE_01,0.139,0.21,0.0417,SAFE
NODE_01,13.3848,4.0148,3.4527,DANGER
NODE_01,0.0127,0.2777,0.1425,SAFE
NODE_01,3.1441,0.9428,1.3034,WARNING
NODE_01,0.2159,0.2014,0.0319,SAFE
NODE_01,0.1907,0.035,0.0787,SAFE
NODE_01,4.8775,2.816,5.3429,DANGER
NODE_01,0.2053,0.1593,0.0095,SAFE
NODE_01,0.2959,0.2039,0.0908,SAFE
NODE_01,0.0156,0.0998,0.038,SAFE
NODE_01,0.2745,0.1857,0.0841,SAFE
NODE_01,0.234,0.2574,0.0658,SAFE
NODE_01,0.1528,0.2789,0.0668,SAFE
NODE_01,0.2482,0.2337,0.0468,SAFE
NODE_01,3.1038,0.6365,0.4248,WARNING
NODE_01,0.0218,0.2581,0.131,SAFE
NODE_01,8.76,3.8404,4.6586,DANGER
NODE_01,0.214,0.2262,0.0047,SAFE
NODE_01,4.8112,2.2605,2.3206,DANGER
NODE_01,0.2255,0.2089,0.1549,SAFE
NODE_01,0.0111,0.0931,0.0099,SAFE
NODE_01,0.0635,0.2596,0.0053,SAFE
NODE_01,0.0718,0.2658,0.0174,SAFE
NODE_01,6.1791,4.3487,6.5239,DANGER
NODE_01,0.0039,0.1055,0.0904,SAFE
NODE_01,0.5173,1.0506,1.7798,WARNING
NODE_01,0.0182,0.1037,0.1814,SAFE
NODE_01,0.2993,0.0172,0.0298,SAFE
NODE_01,0.0393,0.1559,0.1804,SAFE
NODE_01,4.8132,1.6652,2.7761,DANGER
NODE_01,0.0111,0.2693,0.138,SAFE
NODE_01,0.143,0.1061,0.0142,SAFE
NODE_01,0.0555,0.0465,0.1292,SAFE
NODE_01,3.0493,0.6743,0.8887,WARNING
NODE_01,0.2979,0.1542,0.1053,SAFE
NODE_01,0.075,0.0428,0.1367,SAFE
NODE_01,3.4565,0.6768,1.2824,WARNING
NODE_01,0.0916,0.1297,0.0482,SAFE
NODE_01,13.2149,5.0879,5.062,DANGER
NODE_01,0.0868,0.0665,0.1574,SAFE
NODE_01,0.0037,0.2968,0.0226,SAFE
NODE_01,0.2053,0.0468,0.1593,SAFE
NODE_01,0.1863,0.0375,0.015,SAFE
NODE_01,0.6467,0.5656,0.9224,WARNING
NODE_01,0.1085,0.1856,0.0817,SAFE
NODE_01,6.6058,5.8076,7.6542,DANGER
NODE_01,0.2287,0.1434,0.1796,SAFE
NODE_01,0.6617,1.08,1.4163,WARNING
NODE_01,0.0554,0.1103,0.0835,SAFE
NODE_01,0.1159,0.1385,0.0339,SAFE
NODE_01,0.2078,0.2338,0.1056,SAFE
NODE_01,0.0363,0.2562,0.0453,SAFE
NODE_01,0.0202,0.1731,0.0894,SAFE
NODE_01,0.1822,0.0278,0.12,SAFE
NODE_01,0.2396,0.1404,0.1959,SAFE
NODE_01,0.0252,0.2916,0.1823,SAFE
NODE_01,7.7553,5.1043,3.8143,DANGER
NODE_01,0.1546,0.2665,0.0752,SAFE
NODE_01,0.2763,0.0159,0.1861,SAFE
NODE_01,14.4026,2.177,3.7171,DANGER
NODE_01,0.0976,0.267,0.151,SAFE
NODE_01,0.1893,0.2476,0.1564,SAFE
NODE_01,0.1013,0.1504,0.1482,SAFE
NODE_01,0.0049,0.0999,0.087,SAFE
NODE_01,0.2688,0.0344,0.1505,SAFE
NODE_01,0.1461,0.1656,0.1313,SAFE
NODE_01,0.1921,0.0223,0.0156,SAFE
NODE_01,2.7501,0.5432,1.7977,WARNING
NODE_01,14.0244,3.5781,7.4674,DANGER
NODE_01,0.1354,0.0488,0.1638,SAFE
NODE_01,0.0496,0.2354,0.0752,SAFE
NODE_01,0.0128,0.2574,0.1923,SAFE
NODE_01,0.1532,0.0882,0.1879,SAFE
NODE_01,0.2685,0.1717,0.0247,SAFE
NODE_01,0.1343,0.2027,0.0377,SAFE
NODE_01,0.0509,0.1585,0.1756,SAFE
NODE_01,1.1115,0.9175,1.3384,WARNING
NODE_01,0.1367,0.0318,0.1308,SAFE
NODE_01,12.8415,2.0467,2.6754,DANGER
NODE_01,1.8029,0.6429,1.7841,WARNING
NODE_01,0.0228,0.1649,0.1024,SAFE
NODE_01,0.1902,0.0559,0.03,SAFE
NODE_01,0.093,0.1928,0.0385,SAFE
NODE_01,1.0473,0.7375,1.3212,WARNING
NODE_01,3.4519,0.9196,1.6645,WARNING
NODE_01,0.1855,0.0791,0.1415,SAFE
NODE_01,0.2361,0.101,0.1343,SAFE
NODE_01,0.0185,0.0124,0.0956,SAFE
NODE_01,10.9849,2.3326,2.8332,DANGER
NODE_01,0.7175,0.4233,1.4581,WARNING
NODE_01,0.1498,0.0501,0.1676,SAFE
NODE_01,0.0229,0.1365,0.1141,SAFE
NODE_01,0.1678,0.0524,0.0053,SAFE
NODE_01,0.2902,0.2645,0.0054,SAFE
NODE_01,0.0166,0.0986,0.0888,SAFE
NODE_01,3.0811,0.4256,1.7684,WARNING
NODE_01,0.6756,0.6846,0.4403,WARNING
NODE_01,0.7847,0.8113,0.9899,WARNING
NODE_01,1.4446,0.6986,0.7128,WARNING
NODE_01,0.2919,0.2592,0.104,SAFE
NODE_01,0.0128,0.0742,0.0942,SAFE
NODE_01,0.1587,0.1014,0.0089,SAFE
NODE_01,0.0204,0.2942,0.0743,SAFE
NODE_01,0.1881,0.2145,0.1287,SAFE
NODE_01,0.29,0.2358,0.082,SAFE
NODE_01,0.1995,0.1418,0.1865,SAFE
NODE_01,0.1543,0.0117,0.0323,SAFE
NODE_01,0.1748,0.21,0.0772,SAFE
NODE_01,0.1969,0.0922,0.0391,SAFE
NODE_01,2.4388,0.8472,1.372,WARNING
NODE_01,0.2475,0.0543,0.1363,SAFE
NODE_01,2.7197,0.4936,0.8704,WARNING
NODE_01,0.2911,0.0422,0.1006,SAFE
NODE_01,0.0771,0.2341,0.0076,SAFE
NODE_01,2.2721,0.9151,0.6368,WARNING
NODE_01,0.2142,0.093,0.0797,SAFE
NODE_01,0.5351,0.3677,1.4176,WARNING
NODE_01,3.2298,1.1095,0.6182,WARNING
NODE_01,0.6471,0.4733,1.4181,WARNING
NODE_01,0.1276,0.1033,0.1864,SAFE
NODE_01,2.788,0.4409,0.9606,WARNING
NODE_01,0.2177,0.258,0.0949,SAFE
NODE_01,0.1696,0.0408,0.0825,SAFE
NODE_01,0.1557,0.0802,0.1476,SAFE
NODE_01,3.267,1.065,1.5743,WARNING
NODE_01,0.2225,0.0403,0.0105,SAFE
NODE_01,0.2888,0.1151,0.0882,SAFE
NODE_01,0.1379,0.0682,0.0658,SAFE
NODE_01,0.1092,0.2834,0.1585,SAFE
NODE_01,0.0349,0.0335,0.1202,SAFE
NODE_01,0.2911,0.1939,0.1316,SAFE
NODE_01,0.1229,0.0197,0.0119,SAFE
NODE_01,0.2604,0.0557,0.1999,SAFE
NODE_01,0.0308,0.0895,0.0763,SAFE
NODE_01,0.2249,0.1265,0.0404,SAFE
NODE_01,3.2393,0.8733,1.7461,WARNING
NODE_01,0.2216,0.1982,0.1401,SAFE
NODE_01,10.5873,5.9477,7.7701,DANGER
NODE_01,0.0496,0.0753,0.0791,SAFE
NODE_01,4.2864,4.9368,7.0121,DANGER
NODE_01,0.1622,0.2676,0.1357,SAFE
NODE_01,0.013,0.1773,0.0808,SAFE
NODE_01,0.1921,0.0995,0.173,SAFE
NODE_01,2.432,0.9713,0.7517,WARNING
NODE_01,0.2081,0.1035,0.0364,SAFE
NODE_01,1.7188,0.9326,1.0268,WARNING
NODE_01,0.1287,0.228,0.0968,SAFE
NODE_01,0.0764,0.0461,0.059,SAFE
NODE_01,3.4905,1.0054,1.2886,WARNING
NODE_01,0.0385,0.1465,0.1097,SAFE
NODE_01,10.7893,4.3164,2.7648,DANGER
NODE_01,9.344,5.1885,3.5355,DANGER
NODE_01,0.1135,0.1987,0.1093,SAFE
NODE_01,1.5896,0.5889,1.1458,WARNING
NODE_01,0.0986,0.1805,0.1077,SAFE
NODE_01,0.2056,0.2827,0.1755,SAFE
NODE_01,0.7621,1.1898,0.6039,WARNING
NODE_01,0.0286,0.1422,0.0297,SAFE
NODE_01,1.1356,0.5936,1.5589,WARNING
NODE_01,0.1933,0.1416,0.1582,SAFE
NODE_01,0.0593,0.2577,0.0064,SAFE
NODE_01,0.1998,0.1883,0.073,SAFE
NODE_01,1.4045,0.8031,0.5883,WARNING
NODE_01,1.3269,0.7629,0.7604,WARNING
NODE_01,0.8737,0.9037,1.6735,WARNING
NODE_01,0.8318,0.4427,1.2155,WARNING
NODE_01,0.053,0.138,0.0769,SAFE
NODE_01,0.2333,0.1378,0.1906,SAFE
NODE_01,0.0403,0.083,0.1847,SAFE
NODE_01,0.2982,0.2083,0.0096,SAFE
NODE_01,0.0884,0.2883,0.0708,SAFE
NODE_01,0.0612,0.0835,0.0157,SAFE
NODE_01,0.1087,0.1793,0.0488,SAFE
NODE_01,0.1016,0.197,0.1086,SAFE
NODE_01,2.5252,0.8578,1.1339,WARNING
NODE_01,0.0431,0.2084,0.1819,SAFE
NODE_01,0.1341,0.0595,0.1686,SAFE
NODE_01,0.208,0.2611,0.1845,SAFE
NODE_01,0.1432,0.1585,0.1462,SAFE
NODE_01,0.0822,0.0547,0.0244,SAFE
NODE_01,0.2866,0.2833,0.0477,SAFE
NODE_01,0.0361,0.149,0.1938,SAFE
NODE_01,0.1411,0.077,0.0254,SAFE
NODE_01,0.0953,0.1793,0.0425,SAFE
NODE_01,0.192,0.0137,0.1218,SAFE
NODE_01,0.188,0.1207,0.1367,SAFE
NODE_01,0.1195,0.0365,0.1709,SAFE
NODE_01,0.2406,0.0646,0.1257,SAFE
NODE_01,0.1133,0.0507,0.1382,SAFE
NODE_01,0.1711,0.2049,0.144,SAFE
NODE_01,0.2796,0.0455,0.1367,SAFE
NODE_01,0.2488,0.2155,0.0964,SAFE
NODE_01,0.2085,0.2389,0.0557,SAFE
NODE_01,0.1911,0.0478,0.0381,SAFE
NODE_01,0.1072,0.0362,0.1702,SAFE
NODE_01,0.1978,0.1623,0.1033,SAFE
NODE_01,0.7205,0.7886,1.7526,WARNING
NODE_01,0.2667,0.1688,0.109,SAFE
NODE_01,0.0547,0.1893,0.0018,SAFE
NODE_01,8.0276,1.8073,2.8922,DANGER
NODE_01,1.6621,0.8016,1.2532,WARNING
NODE_01,0.0525,0.0134,0.1979,SAFE
NODE_01,0.18,0.0113,0.1779,SAFE
NODE_01,0.0828,0.1666,0.0776,SAFE
NODE_01,2.9215,0.4055,1.3894,WARNING
NODE_01,0.2671,0.2316,0.1645,SAFE
NODE_01,0.1388,0.2738,0.1178,SAFE
NODE_01,0.1785,0.1592,0.1764,SAFE
NODE_01,0.1595,0.0566,0.0608,SAFE
NODE_01,3.0519,0.712,1.6504,WARNING
NODE_01,11.0195,5.9672,3.777,DANGER
NODE_01,0.0307,0.2059,0.1349,SAFE
NODE_01,2.247,0.781,0.8449,WARNING
NODE_01,1.474,1.1463,1.5537,WARNING
NODE_01,0.2514,0.2416,0.1971,SAFE
NODE_01,3.2809,0.7274,0.8338,WARNING
NODE_01,3.1882,0.9769,1.1509,WARNING
NODE_01,0.0546,0.1406,0.015,SAFE
NODE_01,6.8063,1.4972,7.9827,DANGER
NODE_01,0.1932,0.2817,0.182,SAFE
NODE_01,0.0275,0.1069,0.1306,SAFE
NODE_01,0.6188,0.9734,0.7089,WARNING
NODE_01,0.2846,0.1038,0.1293,SAFE
NODE_01,0.0296,0.271,0.065,SAFE
NODE_01,13.4329,4.5983,3.6159,DANGER
NODE_01,0.0387,0.0242,0.0413,SAFE
NODE_01,0.1019,0.2623,0.142,SAFE
NODE_01,3.0322,0.5812,1.3776,WARNING
NODE_01,0.1957,0.2736,0.1089,SAFE
NODE_01,0.1675,0.2327,0.0345,SAFE
NODE_01,2.6827,0.5848,1.2499,WARNING
NODE_01,2.6883,0.549,0.4229,WARNING
NODE_01,0.2092,0.1023,0.0459,SAFE
NODE_01,0.2622,0.1404,0.1405,SAFE
NODE_01,14.6213,3.3203,3.7998,DANGER
NODE_01,0.2642,0.0157,0.1677,SAFE
NODE_01,0.2244,0.1892,0.1824,SAFE
NODE_01,0.0144,0.081,0.1348,SAFE
NODE_01,0.2007,0.1486,0.1595,SAFE
NODE_01,1.1365,0.884,0.7968,WARNING
NODE_01,0.0301,0.2242,0.0715,SAFE
NODE_01,0.1307,0.0474,0.0199,SAFE
NODE_01,0.1022,0.1631,0.0566,SAFE
NODE_01,0.23,0.2174,0.166,SAFE
NODE_01,0.0061,0.1674,0.111,SAFE
NODE_01,0.26,0.1766,0.1099,SAFE
NODE_01,0.2232,0.148,0.0312,SAFE
NODE_01,3.0899,0.6015,1.4294,WARNING
NODE_01,0.0824,0.0453,0.1888,SAFE
NODE_01,0.2724,0.0708,0.1769,SAFE
NODE_01,0.1094,0.1941,0.0602,SAFE
NODE_01,0.1149,0.1567,0.1884,SAFE
NODE_01,0.291,0.1725,0.1755,SAFE
NODE_01,0.1617,0.2455,0.1304,SAFE
NODE_01,14.9967,3.6826,6.7145,DANGER
NODE_01,0.1982,0.1938,0.128,SAFE
NODE_01,0.2686,0.0885,0.14,SAFE
NODE_01,0.0686,0.1135,0.0382,SAFE
NODE_01,0.2898,0.2166,0.1448,SAFE
NODE_01,4.4001,1.4543,6.071,DANGER
NODE_01,0.0183,0.1624,0.0049,SAFE
NODE_01,0.2085,0.1421,0.1793,SAFE
NODE_01,2.8776,0.9194,1.7911,WARNING
NODE_01,1.5824,0.6898,1.1925,WARNING
NODE_01,0.2674,0.2697,0.077,SAFE
NODE_01,0.1617,0.0588,0.0189,SAFE
NODE_01,0.1616,0.0528,0.1089,SAFE
NODE_01,0.1239,0.2616,0.0535,SAFE
NODE_01,0.1386,0.2242,0.1423,SAFE
NODE_01,2.2025,1.1516,0.9963,WARNING
NODE_01,0.0217,0.2713,0.1561,SAFE
NODE_01,7.0048,4.9943,2.8502,DANGER
NODE_01,1.9222,0.7164,1.494,WARNING
NODE_01,0.1917,0.2526,0.138,SAFE
NODE_01,0.008,0.1268,0.1349,SAFE
NODE_01,13.9265,5.2141,7.5462,DANGER
NODE_01,0.249,0.1657,0.0271,SAFE
NODE_01,2.9686,1.0714,0.7922,WARNING
NODE_01,0.098,0.0408,0.0712,SAFE
NODE_01,0.0126,0.0681,0.0525,SAFE
NODE_01,2.5255,0.7323,1.174,WARNING
NODE_01,0.2906,0.1054,0.1126,SAFE
NODE_01,0.138,0.0738,0.0929,SAFE
NODE_01,0.0744,0.0474,0.1756,SAFE
NODE_01,0.1196,0.2474,0.0195,SAFE
NODE_01,0.0396,0.1197,0.0043,SAFE
NODE_01,11.8745,4.8876,3.5656,DANGER
NODE_01,0.0926,0.2116,0.0318,SAFE
NODE_01,2.5801,0.9558,0.5826,WARNING
NODE_01,0.1731,0.2639,0.1688,SAFE
NODE_01,0.2055,0.1478,0.1433,SAFE
NODE_01,3.1305,0.6711,1.424,WARNING
NODE_01,0.0402,0.0727,0.1618,SAFE
NODE_01,2.9963,0.4071,1.2088,WARNING
NODE_01,2.7935,0.8401,0.4727,WARNING
NODE_01,0.2351,0.2843,0.1318,SAFE
NODE_01,0.0195,0.1742,0.1792,SAFE
NODE_01,0.1042,0.266,0.0135,SAFE
NODE_01,0.259,0.0879,0.04,SAFE
NODE_01,0.1692,0.0288,0.1811,SAFE
NODE_01,0.2533,0.0809,0.1771,SAFE
NODE_01,0.085,0.2684,0.122,SAFE
NODE_01,0.0126,0.1049,0.1952,SAFE
NODE_01,0.0462,0.2554,0.1622,SAFE
NODE_01,14.6067,2.8766,5.5634,DANGER
NODE_01,0.0391,0.0822,0.0949,SAFE
NODE_01,0.0681,0.1008,0.1182,SAFE
NODE_01,8.6211,4.1971,2.7338,DANGER
NODE_01,0.018,0.0364,0.1111,SAFE
NODE_01,0.0418,0.0429,0.0942,SAFE
NODE_01,0.0935,0.1586,0.1092,SAFE
NODE_01,0.0242,0.0522,0.1984,SAFE
NODE_01,0.0409,0.1032,0.1102,SAFE
NODE_01,0.0784,0.1878,0.0185,SAFE
NODE_01,6.9996,5.8527,7.8066,DANGER
NODE_01,0.0604,0.0343,0.045,SAFE
NODE_01,0.2372,0.0274,0.1823,SAFE
NODE_01,0.9577,0.5829,0.9335,WARNING
NODE_01,0.1164,0.1182,0.0931,SAFE
NODE_01,2.8916,0.5058,1.1173,WARNING
NODE_01,4.8236,5.9001,3.3717,DANGER
NODE_01,0.2948,0.0432,0.0352,SAFE
NODE_01,7.3492,1.3379,6.4334,DANGER
NODE_01,0.1513,0.0735,0.0585,SAFE
NODE_01,0.0358,0.0831,0.1242,SAFE
NODE_01,0.1753,0.2296,0.1063,SAFE
NODE_01,3.1627,0.3512,1.4286,WARNING
NODE_01,0.7471,1.11,1.0347,WARNING
NODE_01,0.0042,0.2915,0.1229,SAFE
NODE_01,7.4742,4.0018,2.8471,DANGER
NODE_01,2.6211,0.4839,1.5515,WARNING
NODE_01,0.1506,0.083,0.1894,SAFE
NODE_01,0.2366,0.0783,0.0396,SAFE
NODE_01,0.205,0.2407,0.0086,SAFE
NODE_01,0.0594,0.2932,0.0065,SAFE
NODE_01,0.004,0.1354,0.1714,SAFE
NODE_01,0.1032,0.0363,0.1362,SAFE
NODE_01,0.1793,0.1962,0.1896,SAFE
NODE_01,2.528,0.4262,1.2227,WARNING
NODE_01,0.174,0.0235,0.1479,SAFE
NODE_01,0.1158,0.2769,0.0986,SAFE
NODE_01,1.5607,1.1967,0.873,WARNING
NODE_01,12.4545,1.9732,3.2909,DANGER
NODE_01,0.1792,0.2847,0.0086,SAFE
NODE_01,3.405,1.1681,1.6469,WARNING
NODE_01,1.9053,0.7824,1.2017,WARNING
NODE_01,0.058,0.1321,0.1725,SAFE
NODE_01,0.1815,0.252,0.0341,SAFE
NODE_01,1.8415,0.9155,1.4771,WARNING
NODE_01,0.1082,0.1714,0.0659,SAFE
NODE_01,1.8978,1.06,1.2678,WARNING
NODE_01,0.2496,0.1406,0.1348,SAFE
NODE_01,0.5457,0.8687,1.3246,WARNING
NODE_01,0.1197,0.0533,0.0912,SAFE
NODE_01,4.3057,5.5149,4.851,DANGER
NODE_01,4.3941,4.7493,7.9524,DANGER
NODE_01,11.6953,2.4324,5.9603,DANGER
NODE_01,0.1053,0.031,0.1072,SAFE
NODE_01,2.6863,1.1557,1.3554,WARNING
NODE_01,0.1391,0.0171,0.0184,SAFE
NODE_01,0.0222,0.0331,0.1274,SAFE
NODE_01,0.1401,0.1012,0.107,SAFE
NODE_01,0.25,0.0726,0.1745,SAFE
NODE_01,2.5709,0.3811,1.4281,WARNING
NODE_01,2.6113,0.6086,1.5313,WARNING
NODE_01,10.8733,1.6265,2.7066,DANGER
NODE_01,13.0847,4.0566,3.6674,DANGER
NODE_01,0.0465,0.2253,0.0999,SAFE
NODE_01,0.7079,0.4812,0.9654,WARNING
NODE_01,1.743,0.3525,0.6927,WARNING
NODE_01,0.0206,0.06,0.1191,SAFE
NODE_01,0.0182,0.1461,0.0767,SAFE
NODE_01,0.1122,0.245,0.0184,SAFE
NODE_01,0.2742,0.0974,0.1437,SAFE
NODE_01,0.092,0.08,0.1889,SAFE
NODE_01,0.2237,0.2257,0.0704,SAFE
NODE_01,0.2551,0.0759,0.1782,SAFE
NODE_01,0.2142,0.1225,0.1998,SAFE
NODE_01,0.1327,0.148,0.0195,SAFE
NODE_01,0.1073,0.0946,0.133,SAFE
NODE_01,0.0771,0.1025,0.074,SAFE
NODE_01,0.0172,0.234,0.1448,SAFE
NODE_01,0.265,0.0499,0.0118,SAFE
NODE_01,0.2104,0.1335,0.0133,SAFE
NODE_01,0.198,0.1057,0.11,SAFE
NODE_01,0.0786,0.296,0.1915,SAFE
NODE_01,11.599,3.5155,3.9862,DANGER
NODE_01,2.9986,1.0166,0.9115,WARNING
NODE_01,0.0829,0.0601,0.0507,SAFE
NODE_01,3.2907,0.5616,1.6973,WARNING
NODE_01,0.0917,0.2903,0.0475,SAFE
NODE_01,5.4766,3.0799,4.1939,DANGER
NODE_01,0.0643,0.071,0.1847,SAFE
NODE_01,1.6949,0.8956,0.81,WARNING
NODE_01,0.0221,0.0168,0.0656,SAFE
NODE_01,13.4869,2.0656,6.9072,DANGER
NODE_01,0.0667,0.1751,0.003,SAFE
NODE_01,2.4021,1.1252,0.9254,WARNING
NODE_01,0.2751,0.1001,0.1498,SAFE
NODE_01,0.037,0.2386,0.1966,SAFE
NODE_01,0.2144,0.1658,0.1163,SAFE
NODE_01,0.0376,0.0484,0.1749,SAFE
NODE_01,0.2288,0.0789,0.0322,SAFE
NODE_01,0.56,1.0674,0.7724,WARNING
NODE_01,0.1518,0.1075,0.0738,SAFE
NODE_01,3.2532,0.7883,1.7128,WARNING
NODE_01,0.2887,0.1183,0.1971,SAFE
NODE_01,0.1612,0.2128,0.0148,SAFE
NODE_01,5.3097,1.6305,2.605,DANGER
NODE_01,11.4536,5.4802,7.6102,DANGER
NODE_01,1.2354,1.1536,1.6432,WARNING
NODE_01,13.0276,2.3684,6.5652,DANGER
NODE_01,12.2744,4.1604,3.4832,DANGER
NODE_01,1.0069,1.0713,0.4434,WARNING
NODE_01,0.2722,0.228,0.1943,SAFE
NODE_01,0.2862,0.2726,0.1778,SAFE
NODE_01,0.1468,0.1781,0.0766,SAFE
NODE_01,0.1626,0.0203,0.0926,SAFE
NODE_01,0.2106,0.0193,0.1142,SAFE
NODE_01,0.1213,0.053,0.12,SAFE
NODE_01,0.0632,0.1773,0.0283,SAFE
NODE_01,0.2605,0.2843,0.0218,SAFE
NODE_01,0.0228,0.29,0.0242,SAFE
NODE_01,3.1415,0.5561,0.4415,WARNING
NODE_01,0.0958,0.231,0.0637,SAFE
NODE_01,0.8827,1.188,1.5494,WARNING
NODE_01,0.6898,0.6129,0.9184,WARNING
NODE_01,0.1246,0.2357,0.0801,SAFE
NODE_01,0.1555,0.1739,0.1691,SAFE
NODE_01,0.0442,0.2592,0.1814,SAFE
NODE_01,0.8053,0.8415,0.4545,WARNING
NODE_01,1.2382,1.19,1.7108,WARNING
NODE_01,0.1421,0.1228,0.1981,SAFE
NODE_01,0.2288,0.1099,0.1994,SAFE
NODE_01,0.2692,0.2387,0.1269,SAFE
NODE_01,0.1027,0.0927,0.0692,SAFE
NODE_01,8.8775,5.2563,5.967,DANGER
NODE_01,0.1404,0.2864,0.1611,SAFE
NODE_01,0.0459,0.0577,0.0281,SAFE
NODE_01,0.2763,0.0251,0.1932,SAFE
NODE_01,0.1903,0.0378,0.1619,SAFE
NODE_01,0.1901,0.2049,0.0657,SAFE
NODE_01,3.064,0.8739,1.6441,WARNING
NODE_01,0.2176,0.1114,0.1711,SAFE
NODE_01,0.1047,0.1866,0.044,SAFE
NODE_01,0.2425,0.1542,0.1863,SAFE
NODE_01,0.2582,0.1423,0.0726,SAFE
NODE_01,0.2632,0.1196,0.1963,SAFE
NODE_01,0.1785,0.2461,0.0824,SAFE
NODE_01,2.2914,0.6656,0.724,WARNING
NODE_01,2.117,1.0486,0.8862,WARNING
NODE_01,0.1828,0.2756,0.0963,SAFE
NODE_01,1.8131,0.8505,1.5139,WARNING
NODE_01,2.6736,1.1764,0.9521,WARNING
NODE_01,0.1682,0.0471,0.0134,SAFE
NODE_01,0.2691,0.0509,0.0797,SAFE
NODE_01,0.0764,0.138,0.1406,SAFE
NODE_01,8.8067,1.7112,6.4133,DANGER
NODE_01,5.9286,1.8109,7.0131,DANGER
NODE_01,0.1174,0.1018,0.0495,SAFE
NODE_01,0.1012,0.1744,0.1049,SAFE
NODE_01,0.2212,0.1661,0.04,SAFE
NODE_01,0.2909,0.2022,0.0037,SAFE
NODE_01,0.1488,0.1287,0.0716,SAFE
NODE_01,0.2097,0.2512,0.0107,SAFE
NODE_01,0.0866,0.0373,0.1351,SAFE
NODE_01,0.2978,0.1859,0.1671,SAFE
NODE_01,0.1763,0.1601,0.004,SAFE
NODE_01,1.1331,0.7981,0.4775,WARNING
NODE_01,0.1515,0.1076,0.1033,SAFE
NODE_01,0.2408,0.0205,0.1309,SAFE
NODE_01,0.2266,0.0825,0.0114,SAFE
NODE_01,1.0426,0.7608,1.1569,WARNING
NODE_01,0.0994,0.1982,0.1838,SAFE
NODE_01,0.0069,0.1694,0.1163,SAFE
NODE_01,0.2178,0.2145,0.1208,SAFE
NODE_01,0.179,0.0679,0.1108,SAFE
NODE_01,0.1628,0.0375,0.0167,SAFE
NODE_01,0.1639,0.2115,0.0392,SAFE
NODE_01,0.1243,0.0643,0.0588,SAFE
NODE_01,0.0693,0.0395,0.1256,SAFE
NODE_01,0.113,0.2819,0.1084,SAFE
NODE_01,0.0495,0.0809,0.1495,SAFE
NODE_01,0.1456,0.0169,0.0208,SAFE
NODE_01,0.0044,0.1863,0.0398,SAFE
NODE_01,0.2481,0.2294,0.1505,SAFE
NODE_01,0.2452,0.2075,0.0749,SAFE
NODE_01,0.0275,0.0896,0.1897,SAFE
NODE_01,0.1301,0.1173,0.0669,SAFE
NODE_01,0.0569,0.253,0.0749,SAFE
NODE_01,1.3715,0.7909,0.984,WARNING
NODE_01,0.2996,0.2598,0.0259,SAFE
NODE_01,10.7772,5.5941,6.0731,DANGER
NODE_01,0.1279,0.0788,0.1572,SAFE
NODE_01,0.0155,0.0239,0.1396,SAFE
NODE_01,0.221,0.1738,0.0646,SAFE
NODE_01,1.3125,1.1581,1.1596,WARNING
NODE_01,0.1768,0.2194,0.0394,SAFE
NODE_01,1.1713,0.9475,1.154,WARNING
NODE_01,0.5629,0.8646,1.541,WARNING
NODE_01,0.261,0.1716,0.0735,SAFE
NODE_01,0.2322,0.0645,0.1485,SAFE
NODE_01,1.9021,0.8016,1.2176,WARNING
NODE_01,0.1514,0.0599,0.1451,SAFE
NODE_01,0.1898,0.2602,0.054,SAFE
NODE_01,0.1999,0.2096,0.0463,SAFE
NODE_01,0.0489,0.245,0.1503,SAFE
NODE_01,0.8556,1.0917,1.1184,WARNING
NODE_01,0.2229,0.1268,0.0929,SAFE
NODE_01,0.1539,0.1977,0.0203,SAFE
NODE_01,0.0031,0.0726,0.0335,SAFE
NODE_01,0.1302,0.2692,0.0219,SAFE
NODE_01,0.0447,0.2781,0.1042,SAFE
NODE_01,0.0843,0.2743,0.1019,SAFE
NODE_01,0.125,0.1882,0.1575,SAFE
NODE_01,0.0694,0.1814,0.0375,SAFE
NODE_01,0.1124,0.2112,0.1486,SAFE
NODE_01,0.174,0.2035,0.1514,SAFE
NODE_01,0.1182,0.0927,0.0569,SAFE
NODE_01,2.4001,0.3793,0.7187,WARNING
NODE_01,2.8587,0.385,1.4376,WARNING
NODE_01,2.4495,1.148,0.7858,WARNING
NODE_01,0.0115,0.1914,0.0992,SAFE
NODE_01,1.0731,0.3967,0.9912,WARNING
NODE_01,2.8067,0.4893,0.5353,WARNING
NODE_01,3.3231,0.5019,0.9275,WARNING
NODE_01,11.1125,5.1358,6.4204,DANGER
NODE_01,0.844,1.0279,1.4839,WARNING
NODE_01,2.3458,1.0646,1.7318,WARNING
NODE_01,0.2571,0.1526,0.1656,SAFE
NODE_01,1.6432,0.6672,1.2601,WARNING
NODE_01,0.2993,0.2852,0.1923,SAFE
NODE_01,1.387,1.1164,0.4084,WARNING
NODE_01,0.0779,0.0618,0.0059,SAFE
NODE_01,0.2612,0.2624,0.0717,SAFE
NODE_01,2.78,0.6248,0.6185,WARNING
NODE_01,0.0364,0.0867,0.1115,SAFE
NODE_01,0.2034,0.0327,0.1503,SAFE
NODE_01,12.5135,2.0848,5.7527,DANGER
NODE_01,0.7262,1.0889,0.7643,WARNING
NODE_01,0.0209,0.1719,0.164,SAFE
NODE_01,0.0083,0.262,0.0551,SAFE
NODE_01,0.1123,0.2994,0.1628,SAFE
NODE_01,0.0389,0.2608,0.0694,SAFE
NODE_01,0.0668,0.1183,0.0068,SAFE
NODE_01,0.2249,0.1839,0.0213,SAFE
NODE_01,0.1633,0.0887,0.0222,SAFE
NODE_01,8.5865,5.1768,2.1801,DANGER
NODE_01,0.1208,0.0896,0.0618,SAFE
NODE_01,3.4155,0.5854,0.7228,WARNING
NODE_01,0.0388,0.2196,0.068,SAFE
NODE_01,14.4724,5.5587,5.7732,DANGER
NODE_01,0.1523,0.1344,0.1263,SAFE
NODE_01,0.0251,0.212,0.0669,SAFE
NODE_01,0.2032,0.2234,0.0903,SAFE
NODE_01,3.1076,0.9067,1.3679,WARNING
NODE_01,1.1298,0.6121,1.0749,WARNING
NODE_01,0.2559,0.0258,0.1198,SAFE
NODE_01,0.2336,0.2458,0.1416,SAFE
NODE_01,0.7349,0.9541,1.2267,WARNING
NODE_01,2.002,0.8088,1.2661,WARNING
NODE_01,0.2114,0.2857,0.0208,SAFE
NODE_01,1.0069,0.7917,1.2295,WARNING
NODE_01,11.0468,5.205,3.5682,DANGER
NODE_01,0.0236,0.227,0.069,SAFE
NODE_01,1.895,1.0641,1.7211,WARNING
NODE_01,0.1591,0.0147,0.1479,SAFE
NODE_01,2.2345,0.5977,1.7252,WARNING
NODE_01,2.0489,0.7304,0.5374,WARNING
NODE_01,14.1657,2.8038,4.1895,DANGER
NODE_01,2.8391,1.0971,1.4323,WARNING
NODE_01,3.4672,1.0565,1.2724,WARNING
NODE_01,0.2418,0.0897,0.1765,SAFE
NODE_01,0.1569,0.1745,0.1605,SAFE
NODE_01,12.5893,2.6966,3.7191,DANGER
NODE_01,13.4314,1.3385,5.9632,DANGER
NODE_01,0.0642,0.1142,0.1227,SAFE
NODE_01,0.1813,0.0232,0.1739,SAFE
NODE_01,0.2413,0.0386,0.0472,SAFE
NODE_01,0.0675,0.0859,0.0191,SAFE
NODE_01,0.0135,0.1986,0.0602,SAFE
NODE_01,0.078,0.1965,0.1772,SAFE
NODE_01,0.1044,0.2695,0.1116,SAFE
NODE_01,0.0916,0.2902,0.1631,SAFE
NODE_01,0.0977,0.271,0.1767,SAFE
NODE_01,0.2115,0.2233,0.1446,SAFE
NODE_01,3.0714,0.9137,0.7076,WARNING
NODE_01,2.0096,0.8114,0.6421,WARNING
NODE_01,2.4822,0.8963,1.001,WARNING
NODE_01,0.1117,0.1643,0.0872,SAFE
NODE_01,3.4186,0.8196,0.5965,WARNING
NODE_01,0.2221,0.2869,0.1552,SAFE
NODE_01,0.2349,0.2798,0.1217,SAFE
NODE_01,8.3117,4.4118,5.4614,DANGER
NODE_01,0.6891,1.0369,0.4075,WARNING
NODE_01,0.2688,0.0729,0.0068,SAFE
NODE_01,0.2021,0.1997,0.1033,SAFE
NODE_01,0.297,0.0652,0.1658,SAFE
NODE_01,0.2847,0.0656,0.1767,SAFE
NODE_01,0.8162,0.8131,0.9934,WARNING
NODE_01,7.9577,4.8651,5.8605,DANGER
NODE_01,0.2297,0.0645,0.1808,SAFE
NODE_01,7.5989,3.1598,2.0916,DANGER
NODE_01,0.0196,0.2201,0.0111,SAFE
NODE_01,1.5526,0.3912,0.9298,WARNING
NODE_01,0.1277,0.2101,0.0829,SAFE
NODE_01,0.1225,0.2489,0.1382,SAFE
NODE_01,0.1736,0.1536,0.0683,SAFE
NODE_01,14.1911,5.4442,5.8101,DANGER
NODE_01,0.0795,0.1596,0.1723,SAFE
NODE_01,0.1484,0.1223,0.1766,SAFE
NODE_01,0.6958,1.0237,0.7354,WARNING
NODE_01,0.148,0.2838,0.0656,SAFE
NODE_01,0.2964,0.0677,0.0998,SAFE
NODE_01,0.0977,0.2171,0.1934,SAFE
NODE_01,8.8272,3.8741,7.9112,DANGER
NODE_01,1.4991,0.804,0.8727,WARNING
NODE_01,0.1792,0.0495,0.0558,SAFE
NODE_01,0.1238,0.1977,0.1388,SAFE
NODE_01,2.3236,0.8036,1.5433,WARNING
NODE_01,0.2787,0.1244,0.1862,SAFE
NODE_01,0.1573,0.041,0.1283,SAFE
NODE_01,0.0734,0.2328,0.1181,SAFE
NODE_01,0.0313,0.1337,0.1698,SAFE
NODE_01,1.9796,0.5405,0.9827,WARNING
NODE_01,0.1323,0.1866,0.0708,SAFE
NODE_01,0.1991,0.2697,0.0068,SAFE
NODE_01,0.2833,0.1946,0.1969,SAFE
NODE_01,0.2964,0.1515,0.0839,SAFE
NODE_01,0.0251,0.0958,0.1338,SAFE
NODE_01,0.2215,0.2397,0.1268,SAFE
NODE_01,0.007,0.22,0.1706,SAFE
NODE_01,1.203,0.6556,1.5632,WARNING
NODE_01,0.1332,0.0395,0.1838,SAFE
NODE_01,0.2384,0.0838,0.1405,SAFE
NODE_01,3.3199,0.9587,0.4966,WARNING
NODE_01,0.0164,0.1385,0.029,SAFE
NODE_01,0.0117,0.1562,0.1382,SAFE
NODE_01,2.2951,0.6118,1.5275,WARNING
NODE_01,4.7908,3.8863,5.8385,DANGER
NODE_01,0.1641,0.2564,0.1715,SAFE
NODE_01,0.1119,0.1131,0.0137,SAFE
NODE_01,13.9957,3.9861,2.7033,DANGER
NODE_01,2.8736,0.9946,1.2097,WARNING
NODE_01,11.1668,2.2234,3.5565,DANGER
NODE_01,0.0011,0.129,0.0583,SAFE
NODE_01,1.062,0.3995,1.0172,WARNING
NODE_01,0.0347,0.1748,0.0298,SAFE
NODE_01,0.1204,0.1387,0.0492,SAFE
NODE_01,3.214,0.7905,1.5453,WARNING
NODE_01,0.085,0.1878,0.1879,SAFE
NODE_01,3.095,0.5358,0.8698,WARNING
NODE_01,11.614,3.4917,7.2481,DANGER
NODE_01,0.016,0.2103,0.1496,SAFE
NODE_01,2.8924,0.5239,1.6232,WARNING
NODE_01,1.4996,0.7208,0.9339,WARNING
NODE_01,6.6103,1.742,4.1341,DANGER
NODE_01,0.1935,0.1852,0.1334,SAFE
NODE_01,12.2264,5.5176,6.2183,DANGER
NODE_01,0.1767,0.1541,0.181,SAFE
NODE_01,0.2423,0.0779,0.1824,SAFE
NODE_01,0.0482,0.1041,0.1089,SAFE
NODE_01,0.154,0.1044,0.039,SAFE
NODE_01,0.2389,0.0606,0.0738,SAFE
NODE_01,0.1166,0.062,0.064,SAFE
NODE_01,0.0893,0.2259,0.0324,SAFE
NODE_01,1.7733,0.5094,1.6146,WARNING
NODE_01,0.6524,0.5575,1.0332,WARNING
NODE_01,10.528,3.5297,6.8041,DANGER
NODE_01,0.1761,0.216,0.0376,SAFE
NODE_01,0.0135,0.274,0.1466,SAFE
NODE_01,0.0046,0.1435,0.0134,SAFE
NODE_01,1.8027,0.4865,0.6156,WARNING
NODE_01,12.0347,4.8079,6.0913,DANGER
NODE_01,1.398,0.3937,0.4559,WARNING
NODE_01,1.334,0.7902,1.7501,WARNING
NODE_01,1.4369,0.7247,0.7191,WARNING
NODE_01,0.2661,0.2948,0.0733,SAFE
NODE_01,0.5431,0.7013,0.9869,WARNING
NODE_01,0.1978,0.2862,0.0207,SAFE
NODE_01,3.0646,0.6441,0.736,WARNING
NODE_01,0.2611,0.2464,0.0367,SAFE
NODE_01,5.9405,4.9506,2.9275,DANGER
NODE_01,0.1872,0.231,0.1077,SAFE
NODE_01,2.6287,0.7771,0.8851,WARNING
NODE_01,0.1056,0.2091,0.0876,SAFE
NODE_01,0.2432,0.231,0.0949,SAFE
NODE_01,8.261,3.545,4.4292,DANGER
NODE_01,0.0834,0.1358,0.1357,SAFE
NODE_01,0.0192,0.0948,0.0286,SAFE
NODE_01,0.0027,0.1907,0.0701,SAFE
NODE_01,1.3868,1.0543,0.5103,WARNING
NODE_01,0.1737,0.086,0.0331,SAFE
NODE_01,0.2381,0.2393,0.0727,SAFE
NODE_01,0.1657,0.0101,0.0554,SAFE
NODE_01,0.2332,0.2064,0.1092,SAFE
NODE_01,2.5802,1.116,1.3174,WARNING
NODE_01,0.004,0.2583,0.0256,SAFE
NODE_01,0.1104,0.147,0.1928,SAFE
NODE_01,0.1071,0.2987,0.1789,SAFE
NODE_01,0.1719,0.2278,0.032,SAFE
NODE_01,0.2184,0.1456,0.0017,SAFE
NODE_01,9.0273,1.3907,4.7948,DANGER
NODE_01,2.8356,0.9772,0.9333,WARNING
NODE_01,6.4173,5.0748,5.974,DANGER
NODE_01,0.0969,0.0104,0.0755,SAFE
NODE_01,0.0183,0.2467,0.0937,SAFE
NODE_01,3.2094,0.9111,0.5129,WARNING
NODE_01,3.0403,0.6606,1.0646,WARNING
NODE_01,0.131,0.1414,0.154,SAFE
NODE_01,0.0583,0.0262,0.1401,SAFE
NODE_01,0.2143,0.1517,0.176,SAFE
NODE_01,0.1854,0.2414,0.055,SAFE
NODE_01,0.2059,0.221,0.1667,SAFE
NODE_01,0.1369,0.1374,0.0037,SAFE
NODE_01,0.0546,0.2774,0.1024,SAFE
NODE_01,0.0505,0.2884,0.1513,SAFE
NODE_01,0.7566,1.0734,1.3949,WARNING
NODE_01,2.8175,0.7948,0.5293,WARNING
NODE_01,0.1612,0.0357,0.0731,SAFE
NODE_01,0.8894,0.3858,1.4846,WARNING
NODE_01,0.0718,0.2222,0.0247,SAFE
NODE_01,0.0404,0.292,0.1697,SAFE
NODE_01,0.1285,0.0887,0.1299,SAFE
NODE_01,8.8888,2.2028,6.0024,DANGER
NODE_01,0.1584,0.2614,0.0053,SAFE
NODE_01,0.2674,0.1682,0.0282,SAFE
NODE_01,0.0136,0.2225,0.1233,SAFE
NODE_01,0.2805,0.1595,0.018,SAFE
NODE_01,3.4114,0.9228,1.2463,WARNING
NODE_01,0.033,0.0602,0.0114,SAFE
NODE_01,10.9815,1.9076,7.8799,DANGER
NODE_01,0.2428,0.1032,0.0994,SAFE
NODE_01,0.0315,0.219,0.047,SAFE
NODE_01,0.2874,0.1434,0.1027,SAFE
NODE_01,0.0104,0.2386,0.1979,SAFE
NODE_01,3.2362,0.8435,0.7019,WARNING
NODE_01,0.063,0.1717,0.0446,SAFE
NODE_01,0.1008,0.2977,0.0492,SAFE
NODE_01,0.0561,0.129,0.1993,SAFE
NODE_01,0.0223,0.0467,0.0272,SAFE
NODE_01,0.2156,0.2312,0.0097,SAFE
NODE_01,1.5945,0.9315,1.348,WARNING
NODE_01,0.1591,0.2951,0.0822,SAFE
NODE_01,0.0073,0.2268,0.0543,SAFE
NODE_01,1.6259,0.9853,0.5865,WARNING
NODE_01,0.0435,0.2092,0.1689,SAFE
NODE_01,13.148,5.9586,5.989,DANGER
NODE_01,0.0101,0.1209,0.0393,SAFE
NODE_01,2.1736,0.8477,1.0608,WARNING
NODE_01,0.0273,0.138,0.1395,SAFE
NODE_01,10.2194,1.331,3.6453,DANGER
NODE_01,0.2935,0.2512,0.0295,SAFE
NODE_01,0.2197,0.1036,0.1285,SAFE
NODE_01,0.2417,0.0346,0.1564,SAFE
NODE_01,12.949,5.9879,7.5276,DANGER
NODE_01,1.845,0.6611,0.4381,WARNING
NODE_01,9.0913,3.5722,4.9673,DANGER
NODE_01,0.148,0.1704,0.0499,SAFE
NODE_01,1.8127,0.5397,1.3807,WARNING
NODE_01,3.2854,0.7324,1.14,WARNING
NODE_01,0.1174,0.1459,0.0217,SAFE
NODE_01,0.2937,0.2244,0.028,SAFE
NODE_01,0.2405,0.0592,0.1263,SAFE
NODE_01,0.2888,0.2843,0.0705,SAFE
NODE_01,8.284,3.5763,4.8126,DANGER
NODE_01,0.0959,0.2069,0.0725,SAFE
NODE_01,0.2902,0.0253,0.193,SAFE
NODE_01,0.2731,0.2789,0.1262,SAFE
NODE_01,0.1645,0.1919,0.1503,SAFE
NODE_01,0.1174,0.2042,0.0091,SAFE
NODE_01,0.9134,0.9663,0.8525,WARNING
NODE_01,0.6842,0.8417,1.4563,WARNING
NODE_01,1.4819,0.5108,1.3869,WARNING
NODE_01,0.9443,0.6827,1.7399,WARNING
NODE_01,0.039,0.1682,0.0029,SAFE
NODE_01,0.2095,0.2351,0.0646,SAFE
NODE_01,0.291,0.2437,0.1824,SAFE
NODE_01,0.1455,0.2113,0.0045,SAFE
NODE_01,0.033,0.2218,0.0586,SAFE
NODE_01,0.1749,0.2437,0.0868,SAFE
NODE_01,0.2473,0.1828,0.0241,SAFE
NODE_01,0.2344,0.0417,0.1076,SAFE
NODE_01,0.2589,0.2466,0.1935,SAFE
NODE_01,2.907,0.9014,0.8297,WARNING
NODE_01,2.4235,1.1927,1.6668,WARNING
NODE_01,2.3907,0.7108,1.428,WARNING
NODE_01,0.291,0.0883,0.1726,SAFE
NODE_01,13.1386,3.1524,3.0395,DANGER
NODE_01,0.1434,0.0358,0.1246,SAFE
NODE_01,13.1744,4.0063,3.1154,DANGER
NODE_01,2.5572,0.6623,0.6204,WARNING
NODE_01,2.7211,0.7738,0.5712,WARNING
NODE_01,0.0195,0.118,0.0339,SAFE
NODE_01,0.2423,0.0609,0.1301,SAFE
NODE_01,0.0342,0.2627,0.0751,SAFE
NODE_01,2.5777,0.9014,1.0728,WARNING
NODE_01,0.2728,0.2391,0.0908,SAFE
NODE_01,0.2122,0.2827,0.1731,SAFE
NODE_01,11.424,2.9152,2.7073,DANGER
NODE_01,0.291,0.1826,0.0939,SAFE
NODE_01,0.0564,0.2189,0.1004,SAFE
NODE_01,1.6761,0.5758,1.2445,WARNING
NODE_01,0.1521,0.1792,0.1471,SAFE
NODE_01,0.1807,0.1752,0.0503,SAFE
NODE_01,0.2792,0.0615,0.0074,SAFE
NODE_01,0.049,0.0803,0.0384,SAFE
NODE_01,14.3724,5.9667,2.4388,DANGER
NODE_01,0.2852,0.1838,0.0427,SAFE
NODE_01,0.1562,0.1587,0.117,SAFE
NODE_01,0.2524,0.257,0.0723,SAFE
NODE_01,1.9166,0.5012,1.0629,WARNING
NODE_01,0.261,0.112,0.085,SAFE
NODE_01,0.6764,1.0569,1.7613,WARNING
NODE_01,0.2747,0.0509,0.1956,SAFE
NODE_01,13.4819,1.6796,5.6878,DANGER
NODE_01,1.6271,0.9726,0.7117,WARNING
NODE_01,0.0412,0.113,0.1152,SAFE
NODE_01,0.0329,0.2558,0.0581,SAFE
NODE_01,1.3872,0.8557,1.2818,WARNING
NODE_01,0.2633,0.0121,0.1621,SAFE
NODE_01,0.7446,0.8894,0.5036,WARNING
NODE_01,5.4037,3.3363,5.9037,DANGER
NODE_01,12.0566,5.5275,3.9355,DANGER
NODE_01,0.1645,0.0132,0.0507,SAFE
NODE_01,0.2624,0.0959,0.0857,SAFE
NODE_01,0.2068,0.2373,0.1589,SAFE
NODE_01,14.3376,5.882,5.1053,DANGER
NODE_01,12.6482,5.252,7.9131,DANGER
NODE_01,2.7568,1.1692,1.1525,WARNING
NODE_01,0.1994,0.1106,0.1897,SAFE
NODE_01,0.0073,0.1264,0.1004,SAFE
NODE_01,0.0125,0.1068,0.183,SAFE
NODE_01,0.2251,0.1774,0.0412,SAFE
NODE_01,12.8393,2.5185,6.5644,DANGER
NODE_01,3.089,1.1153,1.522,WARNING
NODE_01,0.0048,0.1006,0.0015,SAFE
NODE_01,1.9114,0.8144,0.6399,WARNING
NODE_01,2.6767,0.616,1.6356,WARNING
NODE_01,0.2722,0.027,0.104,SAFE
NODE_01,0.2569,0.156,0.0941,SAFE
NODE_01,0.0088,0.0294,0.1441,SAFE
NODE_01,0.1296,0.2636,0.1048,SAFE
NODE_01,0.2507,0.0918,0.1971,SAFE
NODE_01,0.2606,0.1039,0.0659,SAFE
NODE_01,3.1864,0.8614,1.0292,WARNING
NODE_01,0.1898,0.0158,0.1931,SAFE
NODE_01,0.1691,0.0521,0.1427,SAFE
NODE_01,0.0265,0.1877,0.1737,SAFE
NODE_01,2.5443,0.8266,1.6451,WARNING
NODE_01,6.238,5.7614,5.33,DANGER
NODE_01,3.3946,0.7959,0.8459,WARNING
NODE_01,4.2125,1.9645,3.2264,DANGER
NODE_01,2.1918,0.866,1.4697,WARNING
NODE_01,0.0565,0.0543,0.0045,SAFE
NODE_01,0.0596,0.0742,0.0044,SAFE
NODE_01,0.1103,0.0127,0.1039,SAFE
NODE_01,0.2897,0.2025,0.0381,SAFE
NODE_01,0.1234,0.1623,0.1786,SAFE
NODE_01,0.059,0.0428,0.1841,SAFE
NODE_01,0.162,0.1506,0.1433,SAFE
NODE_01,0.2725,0.2219,0.0927,SAFE
NODE_01,0.1445,0.1494,0.048,SAFE
NODE_01,0.0478,0.2038,0.1049,SAFE
NODE_01,0.1021,0.0255,0.1277,SAFE
NODE_01,0.1704,0.1319,0.0829,SAFE
NODE_01,0.0415,0.0334,0.0743,SAFE
NODE_01,0.024,0.1009,0.1756,SAFE
NODE_01,3.3921,0.6791,0.7615,WARNING
NODE_01,0.1447,0.161,0.0757,SAFE
NODE_01,0.2247,0.137,0.0991,SAFE
NODE_01,2.3617,0.4568,0.5168,WARNING
NODE_01,0.231,0.1352,0.1836,SAFE
NODE_01,0.0716,0.1857,0.0308,SAFE
NODE_01,0.0136,0.1481,0.1951,SAFE
NODE_01,0.2333,0.2793,0.157,SAFE
NODE_01,0.198,0.106,0.0669,SAFE
NODE_01,9.8161,1.9991,4.5463,DANGER
NODE_01,0.1612,0.2997,0.1149,SAFE
NODE_01,0.2444,0.1917,0.1526,SAFE
NODE_01,0.2859,0.0154,0.0711,SAFE
NODE_01,0.2624,0.1439,0.0394,SAFE
NODE_01,2.5696,0.4708,0.7916,WARNING
NODE_01,0.2849,0.0589,0.0677,SAFE
NODE_01,0.0761,0.1148,0.0286,SAFE
NODE_01,0.952,0.4146,1.4543,WARNING
NODE_01,2.0522,1.0568,1.7922,WARNING
NODE_01,0.0774,0.1665,0.0536,SAFE
NODE_01,0.8143,0.6345,0.5411,WARNING
NODE_01,0.1013,0.2635,0.1261,SAFE
NODE_01,0.04,0.2125,0.0545,SAFE
NODE_01,0.0888,0.1129,0.0616,SAFE
NODE_01,0.0765,0.2277,0.0248,SAFE
NODE_01,0.265,0.1715,0.1289,SAFE
NODE_01,0.1371,0.1329,0.0849,SAFE
NODE_01,0.2167,0.0413,0.1827,SAFE
NODE_01,4.2685,4.0966,5.8921,DANGER
NODE_01,1.3362,0.6343,1.4384,WARNING
NODE_01,4.4303,3.0013,2.096,DANGER
NODE_01,0.2486,0.0731,0.0394,SAFE
NODE_01,0.0669,0.0421,0.0298,SAFE
NODE_01,0.2683,0.1437,0.1996,SAFE
NODE_01,3.3413,1.1413,1.3835,WARNING
NODE_01,0.0504,0.1905,0.0274,SAFE
NODE_01,0.0766,0.2146,0.1218,SAFE
NODE_01,3.4403,0.7157,1.0335,WARNING
NODE_01,3.4379,1.0596,0.5488,WARNING
NODE_01,0.1906,0.0169,0.0361,SAFE
NODE_01,0.0815,0.2003,0.0566,SAFE
NODE_01,0.0645,0.0655,0.1547,SAFE
NODE_01,4.1481,4.1413,4.1074,DANGER
NODE_01,0.0778,0.0165,0.027,SAFE
NODE_01,0.0141,0.1565,0.0787,SAFE
NODE_01,0.262,0.0148,0.0292,SAFE
NODE_01,0.0223,0.0451,0.1849,SAFE
NODE_01,0.8225,0.6515,1.3175,WARNING
NODE_01,0.036,0.2089,0.1217,SAFE
NODE_01,0.1411,0.1877,0.0702,SAFE
NODE_01,0.269,0.212,0.0496,SAFE
NODE_01,0.0535,0.1915,0.1592,SAFE
NODE_01,2.5865,0.6143,1.2976,WARNING
NODE_01,0.0829,0.2034,0.178,SAFE
NODE_01,0.2596,0.0852,0.091,SAFE
NODE_01,0.297,0.292,0.0585,SAFE
NODE_01,0.2175,0.099,0.1236,SAFE
NODE_01,0.1018,0.2386,0.1841,SAFE
NODE_01,0.1751,0.0184,0.0209,SAFE
NODE_01,0.1735,0.1713,0.159,SAFE
NODE_01,0.179,0.1102,0.1407,SAFE
NODE_01,0.2344,0.2026,0.0208,SAFE
NODE_01,4.1225,4.2556,4.391,DANGER
NODE_01,0.1156,0.1636,0.1434,SAFE
NODE_01,0.2578,0.172,0.0311,SAFE
NODE_01,0.1126,0.2718,0.0207,SAFE
NODE_01,0.1563,0.228,0.1148,SAFE
NODE_01,13.979,3.0287,6.0462,DANGER
NODE_01,0.0721,0.1012,0.1723,SAFE
NODE_01,2.1546,0.4305,0.4721,WARNING
NODE_01,0.1979,0.1539,0.0551,SAFE
NODE_01,0.166,0.2534,0.1575,SAFE
NODE_01,0.1936,0.0787,0.0245,SAFE
NODE_01,0.0983,0.0906,0.1327,SAFE
NODE_01,0.2118,0.0882,0.1664,SAFE
NODE_01,0.296,0.1902,0.158,SAFE
NODE_01,2.1566,0.8321,0.8357,WARNING
NODE_01,0.132,0.0504,0.0263,SAFE
NODE_01,0.9057,1.0677,1.5142,WARNING
NODE_01,0.1554,0.2516,0.03,SAFE
NODE_01,0.0329,0.2473,0.1194,SAFE
NODE_01,0.2708,0.2523,0.0125,SAFE
NODE_01,0.1448,0.0576,0.1724,SAFE
NODE_01,6.8088,2.0604,4.3951,DANGER
NODE_01,0.1878,0.2532,0.0062,SAFE
NODE_01,0.0881,0.2277,0.0982,SAFE
NODE_01,0.1184,0.2006,0.0373,SAFE
NODE_01,0.1067,0.0595,0.1059,SAFE
NODE_01,1.4216,0.7435,1.4132,WARNING
NODE_01,0.1735,0.2002,0.0327,SAFE
NODE_01,0.8476,0.7092,1.524,WARNING
NODE_01,0.2779,0.2135,0.0038,SAFE
NODE_01,2.9206,1.1326,0.6881,WARNING
NODE_01,0.0145,0.1867,0.0794,SAFE
NODE_01,0.2008,0.1523,0.016,SAFE
NODE_01,0.0427,0.2469,0.0559,SAFE
NODE_01,0.0266,0.2666,0.0852,SAFE
NODE_01,0.1994,0.1279,0.1731,SAFE
NODE_01,0.0178,0.0753,0.1483,SAFE
NODE_01,0.1813,0.2486,0.0589,SAFE
NODE_01,1.1677,0.4568,0.8633,WARNING
NODE_01,0.2004,0.269,0.0478,SAFE
NODE_01,0.0823,0.1989,0.0047,SAFE
NODE_01,0.0037,0.152,0.1096,SAFE
NODE_01,0.166,0.202,0.1524,SAFE
NODE_01,0.0814,0.1912,0.17,SAFE
NODE_01,0.2733,0.2236,0.1442,SAFE
NODE_01,0.1392,0.2591,0.0714,SAFE
NODE_01,0.0288,0.1824,0.176,SAFE
NODE_01,0.033,0.2035,0.1209,SAFE
NODE_01,0.1138,0.1504,0.049,SAFE
NODE_01,6.3578,2.6455,4.9697,DANGER
NODE_01,8.097,5.7957,7.0599,DANGER
NODE_01,0.0755,0.0294,0.06,SAFE
NODE_01,0.2912,0.0508,0.1051,SAFE
NODE_01,0.1954,0.2198,0.1104,SAFE
NODE_01,0.1422,0.0349,0.1087,SAFE
NODE_01,1.0892,0.4854,0.4758,WARNING
NODE_01,0.0221,0.0635,0.0018,SAFE
NODE_01,0.2846,0.0452,0.0734,SAFE
NODE_01,3.499,0.3895,0.5979,WARNING
NODE_01,0.2801,0.2874,0.0949,SAFE
NODE_01,0.1308,0.1773,0.1546,SAFE
NODE_01,0.1516,0.2456,0.0015,SAFE
NODE_01,0.2853,0.0642,0.0188,SAFE
NODE_01,2.5438,0.4733,1.1379,WARNING
NODE_01,0.1523,0.1726,0.0399,SAFE
NODE_01,0.2697,0.2333,0.0635,SAFE
NODE_01,13.4847,1.409,7.162,DANGER
NODE_01,0.0051,0.1877,0.0589,SAFE
NODE_01,6.0682,2.3237,4.03,DANGER
NODE_01,0.1599,0.2145,0.0705,SAFE
NODE_01,0.0681,0.1576,0.1748,SAFE
NODE_01,0.2163,0.2702,0.0965,SAFE
NODE_01,0.259,0.1633,0.0965,SAFE
NODE_01,0.9304,0.582,0.5103,WARNING
NODE_01,0.0353,0.0845,0.1728,SAFE
NODE_01,0.0585,0.2936,0.185,SAFE
NODE_01,0.057,0.08,0.0527,SAFE
NODE_01,0.8942,0.5629,0.4467,WARNING
NODE_01,1.5997,0.9656,0.846,WARNING
NODE_01,0.5658,0.9455,0.7114,WARNING
NODE_01,0.0294,0.0705,0.1142,SAFE
NODE_01,0.0365,0.2177,0.0492,SAFE
NODE_01,0.0993,0.0448,0.0844,SAFE
NODE_01,8.1848,1.4529,3.0856,DANGER
NODE_01,10.2283,5.9903,5.7718,DANGER
NODE_01,0.2413,0.2433,0.071,SAFE
NODE_01,0.081,0.1967,0.0394,SAFE
NODE_01,11.3662,1.3478,5.9214,DANGER
NODE_01,9.7479,4.5794,3.9292,DANGER
NODE_01,1.4119,0.9633,0.7328,WARNING
NODE_01,0.147,0.2706,0.0137,SAFE
NODE_01,0.1631,0.0426,0.1816,SAFE
NODE_01,0.0506,0.0154,0.1944,SAFE
NODE_01,0.125,0.1798,0.0806,SAFE
NODE_01,2.0175,0.8316,0.5945,WARNING
NODE_01,0.1546,0.106,0.1742,SAFE
NODE_01,0.1073,0.1356,0.0872,SAFE
NODE_01,0.0398,0.0777,0.1372,SAFE
NODE_01,0.2498,0.09,0.1341,SAFE
NODE_01,0.2217,0.0212,0.0783,SAFE
NODE_01,0.1956,0.0994,0.0888,SAFE
NODE_01,0.106,0.1168,0.1283,SAFE
NODE_01,0.2625,0.0469,0.1742,SAFE
NODE_01,0.1111,0.2387,0.1445,SAFE
NODE_01,0.0529,0.2638,0.1368,SAFE
NODE_01,0.1884,0.0617,0.0785,SAFE
NODE_01,12.2967,1.3481,3.2408,DANGER
NODE_01,0.2645,0.1628,0.1196,SAFE
NODE_01,0.2741,0.0407,0.1091,SAFE
NODE_01,0.2403,0.0825,0.1375,SAFE
NODE_01,0.1718,0.1656,0.01,SAFE
NODE_01,13.1077,3.5681,3.5861,DANGER
NODE_01,0.1021,0.2559,0.0789,SAFE
NODE_01,7.1116,5.1218,2.1167,DANGER
NODE_01,0.1763,0.0736,0.0733,SAFE
NODE_01,0.1815,0.1398,0.0944,SAFE
NODE_01,0.0566,0.2289,0.1318,SAFE
NODE_01,0.1123,0.0364,0.1678,SAFE
NODE_01,0.1582,0.1078,0.0682,SAFE
NODE_01,0.9806,1.0342,1.7076,WARNING
NODE_01,0.132,0.114,0.0376,SAFE
NODE_01,0.1927,0.0611,0.0017,SAFE
NODE_01,0.0924,0.0189,0.0667,SAFE
NODE_01,0.2907,0.1224,0.0191,SAFE
NODE_01,0.2753,0.2792,0.0854,SAFE
NODE_01,0.0747,0.2397,0.1339,SAFE
NODE_01,0.1622,0.2182,0.0147,SAFE
NODE_01,0.1975,0.2403,0.0715,SAFE
NODE_01,0.2889,0.1664,0.174,SAFE
NODE_01,0.2521,0.2556,0.0608,SAFE
NODE_01,0.1951,0.1309,0.0675,SAFE
NODE_01,0.2326,0.031,0.1154,SAFE
NODE_01,4.8091,5.0925,2.4388,DANGER
NODE_01,0.2341,0.1378,0.1342,SAFE
NODE_01,0.1736,0.0435,0.1271,SAFE
NODE_01,0.1901,0.0512,0.1587,SAFE
NODE_01,0.2056,0.1659,0.1053,SAFE
NODE_01,0.0574,0.146,0.1285,SAFE
NODE_01,10.3478,4.876,4.0635,DANGER
NODE_01,0.2092,0.238,0.0567,SAFE
NODE_01,0.5947,0.9913,0.7808,WARNING
NODE_01,1.2587,1.0087,1.4806,WARNING
NODE_01,4.8134,4.2643,6.4942,DANGER
NODE_01,0.0949,0.1354,0.0893,SAFE
NODE_01,0.2003,0.1415,0.1026,SAFE
NODE_01,0.0052,0.0552,0.0407,SAFE
NODE_01,0.2563,0.2829,0.192,SAFE
NODE_01,1.1858,0.9652,1.3012,WARNING
NODE_01,0.1719,0.2267,0.0697,SAFE
NODE_01,0.1908,0.1246,0.1956,SAFE
NODE_01,2.9149,0.6269,0.7583,WARNING
NODE_01,0.2622,0.0685,0.1918,SAFE
NODE_01,0.1712,0.1968,0.1208,SAFE
NODE_01,0.2579,0.2288,0.1019,SAFE
NODE_01,2.7271,0.5621,0.419,WARNING
NODE_01,0.0787,0.1526,0.0395,SAFE
NODE_01,0.5104,0.403,1.0151,WARNING
NODE_01,0.1623,0.2941,0.1074,SAFE
NODE_01,2.8381,1.047,0.58,WARNING
NODE_01,0.0227,0.014,0.0603,SAFE
NODE_01,5.8873,2.9429,2.1777,DANGER
NODE_01,1.4595,0.4544,0.5524,WARNING
NODE_01,0.1953,0.0374,0.0983,SAFE
NODE_01,0.0593,0.0316,0.1848,SAFE
NODE_01,0.2751,0.1776,0.1058,SAFE
NODE_01,0.2353,0.1673,0.1883,SAFE
NODE_01,0.01,0.0816,0.013,SAFE
NODE_01,0.087,0.0833,0.0163,SAFE
NODE_01,0.0605,0.0118,0.0867,SAFE
NODE_01,0.2549,0.0846,0.1135,SAFE
NODE_01,0.0857,0.1496,0.1236,SAFE
NODE_01,1.9132,0.859,1.3196,WARNING
NODE_01,0.0165,0.1563,0.0116,SAFE
NODE_01,0.2555,0.1249,0.0065,SAFE
NODE_01,0.0493,0.202,0.1575,SAFE
NODE_01,0.039,0.0566,0.1563,SAFE
NODE_01,0.0941,0.0973,0.0913,SAFE
NODE_01,0.1595,0.0846,0.1387,SAFE
NODE_01,0.2454,0.2354,0.0056,SAFE
NODE_01,10.8694,3.1741,3.2535,DANGER
NODE_01,0.0081,0.2184,0.0888,SAFE
NODE_01,11.6883,5.3054,6.2395,DANGER
NODE_01,0.0936,0.1346,0.105,SAFE
NODE_01,0.1436,0.2961,0.1449,SAFE
NODE_01,0.0411,0.0647,0.1002,SAFE
NODE_01,1.8033,0.8174,0.5874,WARNING
NODE_01,0.0968,0.2629,0.1166,SAFE
NODE_01,0.1634,0.1144,0.0483,SAFE
NODE_01,0.2264,0.0752,0.0674,SAFE
NODE_01,0.2617,0.2847,0.0103,SAFE
NODE_01,0.001,0.1996,0.0438,SAFE
NODE_01,0.138,0.1668,0.1323,SAFE
NODE_01,0.1851,0.1718,0.1845,SAFE
NODE_01,0.1324,0.0862,0.043,SAFE
NODE_01,0.2576,0.189,0.0234,SAFE
NODE_01,0.1675,0.0896,0.1907,SAFE
NODE_01,0.1299,0.119,0.1037,SAFE
NODE_01,2.3387,0.4857,1.2069,WARNING
NODE_01,0.2823,0.1576,0.172,SAFE
NODE_01,0.1647,0.0185,0.0333,SAFE
NODE_01,0.2816,0.2605,0.1512,SAFE
NODE_01,0.2911,0.0643,0.1945,SAFE
NODE_01,0.2974,0.0128,0.1224,SAFE
NODE_01,10.8336,2.267,6.2934,DANGER
NODE_01,0.1064,0.2331,0.1221,SAFE
NODE_01,0.0472,0.0127,0.0924,SAFE
NODE_01,0.0528,0.1999,0.0107,SAFE
NODE_01,0.1238,0.0715,0.1132,SAFE
NODE_01,0.2762,0.2604,0.0827,SAFE
NODE_01,0.2932,0.1865,0.0936,SAFE
NODE_01,0.0864,0.0613,0.0578,SAFE
NODE_01,2.0768,0.5939,1.3074,WARNING
NODE_01,0.0412,0.2685,0.0311,SAFE
NODE_01,0.0833,0.0815,0.0138,SAFE
NODE_01,0.116,0.0245,0.0088,SAFE
NODE_01,0.1905,0.2069,0.1014,SAFE
NODE_01,0.0103,0.1597,0.0094,SAFE
NODE_01,1.4311,0.568,0.7319,WARNING
NODE_01,0.1262,0.2692,0.1187,SAFE
NODE_01,13.932,3.2271,3.4319,DANGER
NODE_01,0.0134,0.0311,0.0028,SAFE
NODE_01,6.1431,4.9662,7.9666,DANGER
NODE_01,2.5092,0.9951,1.0332,WARNING
NODE_01,0.1624,0.2499,0.0926,SAFE
NODE_01,0.1197,0.2911,0.0704,SAFE
NODE_01,0.0499,0.1593,0.1779,SAFE
NODE_01,0.1814,0.2036,0.0061,SAFE
NODE_01,0.266,0.0737,0.1017,SAFE
NODE_01,0.2492,0.2425,0.0195,SAFE
NODE_01,1.685,0.7472,1.4793,WARNING
NODE_01,0.1807,0.2429,0.0219,SAFE
NODE_01,1.4596,0.797,1.5525,WARNING
NODE_01,1.1906,1.168,0.6083,WARNING
NODE_01,8.1573,5.911,7.1643,DANGER
NODE_01,0.1191,0.2785,0.0968,SAFE
NODE_01,0.5298,0.6708,1.1252,WARNING
NODE_01,0.1111,0.0725,0.0218,SAFE
NODE_01,0.2974,0.209,0.1006,SAFE
NODE_01,0.0428,0.0379,0.1164,SAFE
NODE_01,2.3316,0.7747,0.5013,WARNING
NODE_01,0.7551,0.7987,0.975,WARNING
NODE_01,0.2152,0.0497,0.0738,SAFE
NODE_01,0.1973,0.258,0.0513,SAFE
NODE_01,0.0618,0.116,0.1889,SAFE
NODE_01,0.0065,0.1578,0.1549,SAFE
NODE_01,0.1898,0.023,0.1567,SAFE
NODE_01,0.1617,0.141,0.0793,SAFE
NODE_01,2.4558,0.4623,1.0582,WARNING
NODE_01,0.1367,0.0362,0.1797,SAFE
NODE_01,0.1381,0.0235,0.1462,SAFE
NODE_01,0.2151,0.1973,0.1343,SAFE
NODE_01,2.4833,0.9189,1.4542,WARNING
NODE_01,0.0706,0.1815,0.0137,SAFE
NODE_01,3.3871,0.931,1.1428,WARNING
NODE_01,0.0404,0.1982,0.175,SAFE
NODE_01,0.8779,1.1844,1.4512,WARNING
NODE_01,2.354,0.7244,1.123,WARNING
NODE_01,0.2804,0.2186,0.0588,SAFE
NODE_01,0.1638,0.0433,0.1638,SAFE
NODE_01,5.4659,2.6361,4.5122,DANGER
NODE_01,2.9902,0.6638,0.8777,WARNING
NODE_01,1.3523,0.8114,0.4988,WARNING
NODE_01,0.2208,0.1683,0.1039,SAFE
NODE_01,0.0023,0.0407,0.0983,SAFE
NODE_01,0.8398,1.0285,1.4463,WARNING
NODE_01,0.785,1.1266,0.5324,WARNING
NODE_01,1.5882,0.7418,1.7004,WARNING
NODE_01,0.0303,0.2971,0.1475,SAFE
NODE_01,0.012,0.2188,0.1276,SAFE
NODE_01,0.0221,0.2546,0.1784,SAFE
NODE_01,0.2916,0.2516,0.0841,SAFE
NODE_01,10.6424,5.0958,3.3084,DANGER
NODE_01,0.2456,0.1153,0.0326,SAFE
NODE_01,0.138,0.2475,0.1518,SAFE
NODE_01,0.0368,0.0239,0.1285,SAFE
NODE_01,0.0849,0.1573,0.0029,SAFE
NODE_01,0.1747,0.0543,0.1848,SAFE
NODE_01,1.2429,0.8343,1.3001,WARNING
NODE_01,2.8931,0.4995,0.7392,WARNING
NODE_01,2.3349,0.4708,1.1224,WARNING
NODE_01,0.1817,0.1344,0.1264,SAFE
NODE_01,0.2357,0.0863,0.0202,SAFE
NODE_01,0.021,0.1713,0.0808,SAFE
NODE_01,0.2432,0.2895,0.085,SAFE
NODE_01,2.6757,0.7469,1.541,WARNING
NODE_01,0.1397,0.1155,0.1732,SAFE
NODE_01,6.6096,3.6677,3.7057,DANGER
NODE_01,0.2079,0.1969,0.176,SAFE
NODE_01,0.2401,0.2844,0.1505,SAFE
NODE_01,0.1081,0.0235,0.0714,SAFE
NODE_01,0.1293,0.0721,0.1076,SAFE
NODE_01,1.2426,0.9176,0.9751,WARNING
NODE_01,12.2051,1.5908,5.4268,DANGER
NODE_01,0.9159,0.6412,0.8617,WARNING
NODE_01,0.2607,0.1979,0.148,SAFE
NODE_01,13.9455,4.5058,2.7454,DANGER
NODE_01,0.2272,0.1587,0.0675,SAFE
NODE_01,1.0983,0.9409,0.7863,WARNING
NODE_01,1.7507,0.5199,1.545,WARNING
NODE_01,1.5157,0.428,1.6892,WARNING
NODE_01,0.0389,0.2469,0.0095,SAFE
NODE_01,0.2453,0.2738,0.1703,SAFE
NODE_01,0.1258,0.092,0.0067,SAFE
NODE_01,1.0733,0.4119,1.0103,WARNING
NODE_01,0.1958,0.0736,0.1803,SAFE
NODE_01,0.993,0.6859,0.9051,WARNING
NODE_01,0.0067,0.0855,0.1197,SAFE
NODE_01,1.6366,1.1777,1.1051,WARNING
NODE_01,0.2605,0.2024,0.0262,SAFE
NODE_01,0.2622,0.0811,0.1077,SAFE
NODE_01,5.6061,3.185,6.6596,DANGER
NODE_01,0.2932,0.1367,0.1798,SAFE
NODE_01,0.0408,0.1256,0.0241,SAFE
NODE_01,0.0349,0.0752,0.0438,SAFE
NODE_01,0.117,0.1601,0.0697,SAFE
NODE_01,0.152,0.0938,0.1275,SAFE
NODE_01,0.2905,0.1504,0.1126,SAFE
NODE_01,0.0021,0.2501,0.0083,SAFE
NODE_01,0.1562,0.1331,0.1922,SAFE
NODE_01,0.2804,0.1331,0.198,SAFE
NODE_01,14.0009,5.69,3.5523,DANGER
NODE_01,0.1082,0.0421,0.1485,SAFE
NODE_01,1.2011,0.3926,1.3176,WARNING
NODE_01,0.2036,0.0659,0.1882,SAFE
NODE_01,0.2972,0.1985,0.0027,SAFE
NODE_01,10.3157,3.1699,6.2207,DANGER
NODE_01,2.9975,0.3602,1.1314,WARNING
NODE_01,0.1263,0.0438,0.0732,SAFE
NODE_01,1.9694,1.115,1.4317,WARNING
NODE_01,0.0243,0.2205,0.1972,SAFE
NODE_01,1.3819,0.7673,0.7262,WARNING
NODE_01,2.8797,1.1589,0.5051,WARNING
NODE_01,2.6829,0.669,0.9403,WARNING
NODE_01,12.9252,4.2124,2.7458,DANGER
NODE_01,0.0163,0.1493,0.1095,SAFE
NODE_01,6.5873,3.8879,5.5883,DANGER
NODE_01,0.0932,0.1327,0.1295,SAFE
NODE_01,0.1744,0.2913,0.1992,SAFE
NODE_01,2.377,0.8973,0.9278,WARNING
NODE_01,0.008,0.1692,0.0523,SAFE
NODE_01,0.0129,0.248,0.1997,SAFE
NODE_01,0.1611,0.1868,0.0919,SAFE
NODE_01,8.2235,2.6551,3.1436,DANGER
NODE_01,5.1312,1.5049,5.607,DANGER
NODE_01,0.1428,0.1997,0.0751,SAFE
NODE_01,2.1606,1.1798,1.4117,WARNING
NODE_01,0.1393,0.1708,0.0793,SAFE
NODE_01,4.3301,1.5981,3.7244,DANGER
NODE_01,2.2688,0.9769,0.6687,WARNING
NODE_01,0.0722,0.1758,0.0565,SAFE
NODE_01,0.0751,0.1763,0.0313,SAFE
NODE_01,1.2398,1.1937,1.7917,WARNING
NODE_01,0.172,0.1482,0.1789,SAFE
NODE_01,0.1599,0.0893,0.1711,SAFE
NODE_01,0.2205,0.2863,0.1942,SAFE
NODE_01,0.1828,0.1887,0.1918,SAFE
NODE_01,0.2236,0.0926,0.0925,SAFE
NODE_01,0.9697,1.148,0.461,WARNING
NODE_01,0.0861,0.1049,0.1518,SAFE
NODE_01,0.1695,0.0562,0.1097,SAFE
NODE_01,2.7666,0.5298,0.949,WARNING
NODE_01,0.2891,0.229,0.1641,SAFE
NODE_01,11.6448,1.3847,5.0473,DANGER
NODE_01,0.8943,0.9662,1.4299,WARNING
NODE_01,0.241,0.2562,0.0476,SAFE
NODE_01,0.2782,0.1852,0.1508,SAFE
NODE_01,0.1172,0.2836,0.1543,SAFE
NODE_01,0.2607,0.216,0.1988,SAFE
NODE_01,0.2289,0.0537,0.1432,SAFE
NODE_01,0.1814,0.2312,0.0559,SAFE
NODE_01,0.1071,0.2309,0.1496,SAFE
NODE_01,0.2413,0.2678,0.1662,SAFE
NODE_01,0.1463,0.1659,0.1075,SAFE
NODE_01,0.6394,0.7419,0.5768,WARNING
NODE_01,0.1473,0.2682,0.0347,SAFE
NODE_01,0.209,0.0501,0.1128,SAFE
NODE_01,0.0022,0.0293,0.1926,SAFE
NODE_01,1.5539,0.7838,1.5074,WARNING
NODE_01,0.6754,0.5662,1.6612,WARNING
NODE_01,0.0303,0.1617,0.1108,SAFE
NODE_01,1.1203,1.173,1.6523,WARNING
NODE_01,13.6472,4.2887,5.2563,DANGER
NODE_01,1.3189,1.0173,0.402,WARNING
NODE_01,0.1209,0.065,0.0489,SAFE
NODE_01,0.1034,0.2297,0.0908,SAFE
NODE_01,0.1559,0.2593,0.0663,SAFE
NODE_01,0.2926,0.0351,0.1863,SAFE
NODE_01,0.0363,0.0165,0.147,SAFE
NODE_01,0.2989,0.1352,0.1401,SAFE
NODE_01,3.1266,0.3631,1.7709,WARNING
NODE_01,6.6435,2.3695,7.5973,DANGER
NODE_01,11.6861,5.2188,5.9622,DANGER
NODE_01,5.748,5.2717,2.1193,DANGER
NODE_01,0.1259,0.1553,0.1495,SAFE
NODE_01,1.6308,1.0231,0.9722,WARNING
NODE_01,0.2379,0.0153,0.0737,SAFE
NODE_01,2.8621,1.1029,0.9685,WARNING
NODE_01,0.1484,0.1347,0.1978,SAFE
NODE_01,0.1555,0.1341,0.1628,SAFE
NODE_01,0.2323,0.2929,0.0471,SAFE
NODE_01,0.0711,0.2053,0.1155,SAFE
NODE_01,0.2895,0.2281,0.1916,SAFE
NODE_01,9.0891,1.7429,3.8632,DANGER
NODE_01,0.1886,0.1622,0.1749,SAFE
NODE_01,12.677,5.4025,5.6102,DANGER
NODE_01,3.0423,1.1256,0.5494,WARNING
NODE_01,0.2018,0.1996,0.1326,SAFE
NODE_01,0.1494,0.0494,0.0952,SAFE
NODE_01,3.4202,0.9592,1.5664,WARNING
NODE_01,0.1237,0.282,0.0511,SAFE
NODE_01,2.915,1.1444,1.5618,WARNING
NODE_01,0.1168,0.1371,0.1879,SAFE
NODE_01,0.2673,0.2099,0.0675,SAFE
NODE_01,11.798,4.5695,2.2808,DANGER
NODE_01,0.264,0.1173,0.1753,SAFE
NODE_01,0.1426,0.1249,0.0374,SAFE
NODE_01,2.4062,0.653,0.5893,WARNING
NODE_01,0.1691,0.1557,0.1613,SAFE
NODE_01,0.7391,0.6842,1.2638,WARNING
NODE_01,0.0416,0.2489,0.1501,SAFE
NODE_01,1.4191,0.4159,0.9411,WARNING
NODE_01,1.0494,0.4924,1.587,WARNING
NODE_01,0.1233,0.1113,0.0159,SAFE
NODE_01,4.8841,3.4278,2.2093,DANGER
NODE_01,0.2124,0.1561,0.0301,SAFE
NODE_01,3.3095,0.4291,1.3293,WARNING
NODE_01,14.9705,2.6428,6.7468,DANGER
NODE_01,0.1459,0.1687,0.1056,SAFE
NODE_01,0.2301,0.1103,0.0907,SAFE
NODE_01,0.2809,0.0851,0.0963,SAFE
NODE_01,0.2011,0.2032,0.0739,SAFE
NODE_01,2.5234,0.3677,1.3026,WARNING
NODE_01,0.213,0.0217,0.1311,SAFE
NODE_01,1.999,0.9664,0.5635,WARNING
NODE_01,5.3264,2.0329,2.9688,DANGER
NODE_01,0.041,0.1256,0.1551,SAFE
NODE_01,0.1435,0.0249,0.1492,SAFE
NODE_01,0.1077,0.2562,0.0824,SAFE
NODE_01,0.1507,0.2959,0.1522,SAFE
NODE_01,0.2221,0.2424,0.1075,SAFE
NODE_01,0.2432,0.2754,0.1707,SAFE
NODE_01,12.1401,1.6693,7.6768,DANGER
NODE_01,0.2573,0.052,0.0949,SAFE
NODE_01,0.1552,0.1054,0.0796,SAFE
NODE_01,0.0401,0.1066,0.0511,SAFE
NODE_01,0.6993,0.9927,0.4321,WARNING
NODE_01,10.3948,4.2243,5.8413,DANGER
NODE_01,3.2744,0.6702,1.4564,WARNING
NODE_01,0.1502,0.0177,0.1928,SAFE
NODE_01,0.1278,0.0434,0.0152,SAFE
NODE_01,0.0644,0.2071,0.1611,SAFE
NODE_01,10.3882,2.1529,6.705,DANGER
NODE_01,0.0776,0.0111,0.1502,SAFE
NODE_01,6.2125,4.0241,4.1578,DANGER
NODE_01,0.2861,0.1822,0.1908,SAFE
NODE_01,0.1474,0.2593,0.1567,SAFE
NODE_01,0.0715,0.2054,0.1627,SAFE
NODE_01,0.2726,0.2957,0.0091,SAFE
NODE_01,1.6477,0.7085,0.9858,WARNING
NODE_01,0.2439,0.2933,0.0761,SAFE
NODE_01,0.1025,0.1314,0.1702,SAFE
NODE_01,0.2036,0.2521,0.1086,SAFE
NODE_01,0.01,0.2447,0.1205,SAFE
NODE_01,0.2271,0.0596,0.0051,SAFE
NODE_01,0.1644,0.2068,0.1267,SAFE
NODE_01,0.1186,0.1159,0.0794,SAFE
NODE_01,0.1744,0.0862,0.0165,SAFE
NODE_01,0.2491,0.0575,0.0697,SAFE
NODE_01,0.1007,0.1294,0.0623,SAFE
NODE_01,0.0274,0.2791,0.0895,SAFE
NODE_01,0.0751,0.1046,0.1811,SAFE
NODE_01,1.8144,0.9597,0.5686,WARNING
NODE_01,0.0586,0.1928,0.1599,SAFE
NODE_01,0.1952,0.2841,0.0881,SAFE
NODE_01,0.2263,0.0198,0.123,SAFE
NODE_01,0.1309,0.1786,0.1971,SAFE
NODE_01,4.5363,2.0848,5.451,DANGER
NODE_01,11.5155,2.1616,2.1675,DANGER
NODE_01,0.1974,0.1622,0.1031,SAFE
NODE_01,0.085,0.2338,0.1141,SAFE
NODE_01,3.4518,0.9458,1.5603,WARNING
NODE_01,3.2168,0.3539,0.8502,WARNING
NODE_01,0.2484,0.0743,0.1916,SAFE
NODE_01,0.1306,0.2743,0.0872,SAFE
NODE_01,0.2171,0.2932,0.1172,SAFE
NODE_01,2.7524,0.6404,1.7238,WARNING
NODE_01,2.817,1.1504,0.7966,WARNING
NODE_01,0.0144,0.132,0.0265,SAFE
NODE_01,0.0431,0.0698,0.1623,SAFE
NODE_01,0.1911,0.2925,0.124,SAFE
NODE_01,1.9914,0.7283,1.2989,WARNING
NODE_01,0.1798,0.1522,0.0455,SAFE
NODE_01,0.2028,0.2862,0.0322,SAFE
NODE_01,0.1335,0.1938,0.1437,SAFE
NODE_01,0.0369,0.0819,0.0431,SAFE
NODE_01,0.072,0.1911,0.0189,SAFE
NODE_01,1.6525,0.7624,0.8612,WARNING
NODE_01,0.2252,0.238,0.1979,SAFE
NODE_01,0.0406,0.2556,0.1486,SAFE
NODE_01,0.14,0.0112,0.1482,SAFE
NODE_01,0.2933,0.1495,0.0414,SAFE
NODE_01,6.6775,3.0333,7.6343,DANGER
NODE_01,0.0727,0.0712,0.1659,SAFE
NODE_01,0.1238,0.1877,0.1677,SAFE
NODE_01,0.0478,0.2433,0.1865,SAFE
NODE_01,0.1033,0.0399,0.0407,SAFE
NODE_01,0.2361,0.1447,0.138,SAFE
NODE_01,14.6919,3.7592,6.8371,DANGER
NODE_01,3.1249,0.9594,0.5904,WARNING
NODE_01,1.792,1.042,1.6914,WARNING
NODE_01,0.2432,0.1754,0.0634,SAFE
NODE_01,0.2923,0.0888,0.0473,SAFE
NODE_01,0.2318,0.0693,0.0149,SAFE
NODE_01,2.5538,0.9395,1.18,WARNING
NODE_01,0.1998,0.0283,0.0308,SAFE
NODE_01,1.7814,0.9391,1.7706,WARNING
NODE_01,0.2833,0.1881,0.0088,SAFE
NODE_01,0.1648,0.1526,0.0042,SAFE
NODE_01,0.1802,0.2832,0.1199,SAFE
NODE_01,0.1383,0.1477,0.1516,SAFE
NODE_01,0.041,0.1695,0.1808,SAFE
NODE_01,2.3324,0.9117,1.506,WARNING
NODE_01,0.2039,0.1385,0.0233,SAFE
NODE_01,0.1368,0.1335,0.0203,SAFE
NODE_01,0.2311,0.0988,0.1909,SAFE
NODE_01,0.2273,0.1961,0.1204,SAFE
NODE_01,0.2384,0.2781,0.0878,SAFE
NODE_01,0.216,0.0897,0.0869,SAFE
NODE_01,12.7276,4.9079,2.3183,DANGER
NODE_01,0.1122,0.0757,0.1833,SAFE
NODE_01,0.2336,0.2533,0.0557,SAFE
NODE_01,7.3473,2.0862,4.1108,DANGER
NODE_01,0.1858,0.2076,0.122,SAFE
NODE_01,0.2857,0.2155,0.1738,SAFE
NODE_01,0.2522,0.0961,0.1167,SAFE
NODE_01,0.0091,0.121,0.168,SAFE
NODE_01,0.2299,0.0831,0.1221,SAFE
NODE_01,0.2314,0.084,0.0808,SAFE
NODE_01,0.2695,0.103,0.0503,SAFE
NODE_01,0.0955,0.0915,0.1512,SAFE
NODE_01,0.0432,0.0662,0.0661,SAFE
NODE_01,0.1815,0.2583,0.1946,SAFE
NODE_01,1.1136,1.1578,1.273,WARNING
NODE_01,7.452,4.1338,3.4608,DANGER
NODE_01,1.4118,1.1723,1.2738,WARNING
NODE_01,2.5962,1.0725,0.8543,WARNING
NODE_01,3.4627,0.909,0.8187,WARNING
NODE_01,0.2073,0.1853,0.0655,SAFE
NODE_01,0.255,0.2388,0.1227,SAFE
NODE_01,0.5208,0.5052,0.6346,WARNING
NODE_01,1.2282,1.1911,0.9874,WARNING
NODE_01,0.1638,0.2017,0.0117,SAFE
NODE_01,0.185,0.0156,0.0303,SAFE
NODE_01,0.14,0.1587,0.1392,SAFE
NODE_01,0.9901,0.4382,1.4357,WARNING
NODE_01,2.4279,1.0851,0.8858,WARNING
NODE_01,0.0062,0.1122,0.1216,SAFE
NODE_01,0.1602,0.1082,0.1114,SAFE
NODE_01,0.153,0.0234,0.1217,SAFE
NODE_01,0.1388,0.1926,0.0809,SAFE
NODE_01,0.0729,0.0222,0.0547,SAFE
NODE_01,0.2758,0.1497,0.0469,SAFE
NODE_01,4.9839,4.8326,7.245,DANGER
NODE_01,0.2679,0.0864,0.0042,SAFE
NODE_01,0.0605,0.0115,0.1037,SAFE
NODE_01,0.2268,0.1403,0.1879,SAFE
NODE_01,0.1966,0.0338,0.08,SAFE
NODE_01,0.2883,0.0954,0.0726,SAFE
NODE_01,12.4721,2.1325,2.7502,DANGER
NODE_01,0.1542,0.0508,0.0408,SAFE
NODE_01,0.0319,0.1111,0.1225,SAFE
NODE_01,0.0581,0.1844,0.1306,SAFE
NODE_01,3.1152,0.6497,0.4339,WARNING
NODE_01,8.1235,5.3804,7.4529,DANGER
NODE_01,0.2899,0.0639,0.1253,SAFE
NODE_01,0.0281,0.1692,0.1066,SAFE
NODE_01,3.2162,0.7038,0.7532,WARNING
NODE_01,7.0617,3.8946,2.1778,DANGER
NODE_01,0.2456,0.0304,0.1384,SAFE
NODE_01,0.2435,0.2995,0.1009,SAFE
NODE_01,0.0513,0.1404,0.0483,SAFE
NODE_01,0.1739,0.1903,0.1122,SAFE
NODE_01,2.8217,0.6929,1.73,WARNING
NODE_01,0.2397,0.2301,0.0795,SAFE
NODE_01,0.1047,0.1074,0.1388,SAFE
NODE_01,2.5076,0.4901,1.612,WARNING
NODE_01,0.2187,0.1372,0.1524,SAFE
NODE_01,3.3361,0.9636,1.7269,WARNING
NODE_01,0.2503,0.1202,0.1388,SAFE
NODE_01,2.9422,0.7702,1.3491,WARNING
NODE_01,0.1851,0.0877,0.0099,SAFE
NODE_01,0.2611,0.0767,0.1184,SAFE
NODE_01,0.1228,0.1247,0.0914,SAFE
NODE_01,0.0713,0.1496,0.1249,SAFE
NODE_01,0.1327,0.1848,0.1875,SAFE
NODE_01,0.1838,0.1992,0.1351,SAFE
NODE_01,0.0967,0.2893,0.0452,SAFE
NODE_01,0.2672,0.1255,0.1233,SAFE
NODE_01,0.2315,0.1134,0.1392,SAFE
NODE_01,0.2193,0.1328,0.0978,SAFE
NODE_01,0.0562,0.063,0.1452,SAFE
NODE_01,0.2084,0.0344,0.105,SAFE
NODE_01,0.2538,0.0656,0.1515,SAFE
NODE_01,8.8515,2.895,5.2293,DANGER
NODE_01,0.0325,0.0662,0.1056,SAFE
NODE_01,3.2794,0.5014,0.5741,WARNING
NODE_01,0.2024,0.0962,0.0512,SAFE
NODE_01,12.5158,3.8376,7.2407,DANGER
NODE_01,3.4066,1.045,0.4661,WARNING
NODE_01,0.2163,0.0639,0.0445,SAFE
NODE_01,0.2813,0.2116,0.0163,SAFE
NODE_01,0.1464,0.0699,0.1213,SAFE
NODE_01,0.1087,0.205,0.1953,SAFE
NODE_01,0.2986,0.2141,0.0409,SAFE
NODE_01,0.2348,0.0926,0.1447,SAFE
NODE_01,0.1374,0.1935,0.0696,SAFE
NODE_01,0.1806,0.2856,0.1147,SAFE
NODE_01,0.2667,0.0941,0.1142,SAFE
NODE_01,0.2222,0.2805,0.199,SAFE
NODE_01,0.226,0.2171,0.0403,SAFE
NODE_01,0.2685,0.0618,0.1843,SAFE
NODE_01,1.5404,1.0843,0.5797,WARNING
NODE_01,0.097,0.2916,0.102,SAFE
NODE_01,0.2998,0.1419,0.1788,SAFE
NODE_01,0.2499,0.1515,0.1078,SAFE
NODE_01,2.5299,0.5469,1.0665,WARNING
NODE_01,0.2179,0.0273,0.1451,SAFE
NODE_01,1.4231,0.5825,1.1016,WARNING
NODE_01,0.0076,0.2817,0.0874,SAFE
NODE_01,0.2215,0.1683,0.0749,SAFE
NODE_01,0.5327,1.1549,0.5506,WARNING
NODE_01,0.0082,0.0438,0.1769,SAFE
NODE_01,0.0899,0.1254,0.0666,SAFE
NODE_01,0.1168,0.0306,0.1707,SAFE
NODE_01,0.0216,0.2935,0.1437,SAFE
NODE_01,0.2978,0.2212,0.0514,SAFE
NODE_01,0.2763,0.2748,0.16,SAFE
NODE_01,0.2015,0.2808,0.1865,SAFE
NODE_01,0.1051,0.0847,0.0992,SAFE
NODE_01,0.0788,0.2722,0.1123,SAFE
NODE_01,0.1095,0.1076,0.0703,SAFE
NODE_01,0.1749,0.2044,0.1369,SAFE
NODE_01,0.0438,0.1097,0.0686,SAFE
NODE_01,0.1075,0.1344,0.1154,SAFE
NODE_01,0.9833,0.6327,1.113,WARNING
NODE_01,0.015,0.0712,0.1335,SAFE
NODE_01,0.0247,0.2017,0.0869,SAFE
NODE_01,0.2215,0.0143,0.1387,SAFE
NODE_01,0.0515,0.2037,0.032,SAFE
NODE_01,0.1926,0.2834,0.155,SAFE
NODE_01,1.79,0.6915,0.4916,WARNING
NODE_01,0.0231,0.1948,0.025,SAFE
NODE_01,2.6248,0.8373,0.7643,WARNING
NODE_01,0.1281,0.251,0.1871,SAFE
NODE_01,0.086,0.2774,0.1908,SAFE
NODE_01,14.4927,2.8631,4.167,DANGER
NODE_01,0.1194,0.0508,0.1008,SAFE
NODE_01,7.3371,5.1604,4.3591,DANGER
NODE_01,3.2208,0.7328,1.3247,WARNING
NODE_01,0.2536,0.1699,0.0808,SAFE
NODE_01,0.0487,0.2563,0.1906,SAFE
NODE_01,0.2695,0.1671,0.1732,SAFE
NODE_01,0.1165,0.0393,0.0851,SAFE
NODE_01,0.2386,0.2515,0.0011,SAFE
NODE_01,1.9667,1.012,1.3664,WARNING
NODE_01,0.2002,0.0677,0.1034,SAFE
NODE_01,0.0216,0.1012,0.1717,SAFE
NODE_01,0.0842,0.227,0.129,SAFE
NODE_01,0.5813,1.1828,0.9804,WARNING
NODE_01,0.0988,0.1706,0.0417,SAFE
NODE_01,0.217,0.1473,0.1952,SAFE
NODE_01,0.0218,0.1409,0.0537,SAFE
NODE_01,1.3759,0.5151,1.7432,WARNING
NODE_01,0.0263,0.0815,0.186,SAFE
NODE_01,0.2257,0.0959,0.1876,SAFE
NODE_01,0.0972,0.1533,0.1027,SAFE
NODE_01,14.4083,5.8008,5.661,DANGER
NODE_01,0.2606,0.0621,0.0553,SAFE
NODE_01,3.4487,0.6098,0.7968,WARNING
NODE_01,0.2195,0.0567,0.0876,SAFE
NODE_01,0.016,0.0948,0.0482,SAFE
NODE_01,0.0196,0.2775,0.0732,SAFE
NODE_01,7.2875,1.5529,6.1363,DANGER
NODE_01,0.0347,0.047,0.1611,SAFE
NODE_01,0.0389,0.194,0.179,SAFE
NODE_01,0.1849,0.0843,0.0869,SAFE
NODE_01,12.0032,4.1148,2.4054,DANGER
NODE_01,12.2457,1.8733,7.5917,DANGER
NODE_01,0.0031,0.1409,0.0716,SAFE
NODE_01,0.2195,0.1736,0.1408,SAFE
NODE_01,0.0481,0.0446,0.1342,SAFE
NODE_01,0.0073,0.0642,0.0218,SAFE
NODE_01,0.1783,0.2505,0.1156,SAFE
NODE_01,0.2398,0.1235,0.0524,SAFE
NODE_01,0.0532,0.0172,0.154,SAFE
NODE_01,14.0763,3.6562,4.3289,DANGER
NODE_01,0.2144,0.0782,0.0461,SAFE
NODE_01,0.0267,0.0172,0.1105,SAFE
NODE_01,0.0803,0.2696,0.1048,SAFE
NODE_01,2.3073,0.77,1.4998,WARNING
NODE_01,0.2301,0.1383,0.028,SAFE
NODE_01,9.7576,4.5588,6.4629,DANGER
NODE_01,0.0265,0.2513,0.0735,SAFE
NODE_01,0.2411,0.2151,0.0272,SAFE
NODE_01,0.1029,0.2358,0.0709,SAFE
NODE_01,0.0342,0.2844,0.0772,SAFE
NODE_01,0.0568,0.0291,0.0136,SAFE
NODE_01,1.0718,1.0014,1.0073,WARNING
NODE_01,0.2724,0.1336,0.1479,SAFE
NODE_01,2.4755,0.7175,1.5963,WARNING
NODE_01,1.8707,0.4525,0.712,WARNING
NODE_01,0.8303,0.8955,1.3696,WARNING
NODE_01,0.0476,0.1193,0.1833,SAFE
NODE_01,0.0283,0.1089,0.1605,SAFE
NODE_01,14.7452,2.8341,5.7437,DANGER
NODE_01,0.2431,0.2841,0.0521,SAFE
NODE_01,0.1259,0.0592,0.0487,SAFE
NODE_01,0.2469,0.158,0.0766,SAFE
NODE_01,0.6596,0.5893,1.6277,WARNING
NODE_01,0.1418,0.0709,0.0871,SAFE
NODE_01,0.1163,0.1678,0.1087,SAFE
NODE_01,0.1294,0.0128,0.1652,SAFE
NODE_01,0.0705,0.1818,0.1645,SAFE
NODE_01,0.2463,0.2828,0.0576,SAFE
NODE_01,0.1562,0.1283,0.0428,SAFE
NODE_01,0.1284,0.1417,0.0759,SAFE
NODE_01,6.0681,4.1677,7.4409,DANGER
NODE_01,0.0687,0.0442,0.0138,SAFE
NODE_01,10.2651,5.0696,5.4537,DANGER
NODE_01,0.2535,0.2047,0.0592,SAFE
NODE_01,0.2901,0.1631,0.1005,SAFE
NODE_01,0.0236,0.195,0.108,SAFE
NODE_01,0.2729,0.2664,0.0577,SAFE
NODE_01,0.0722,0.0575,0.0528,SAFE
NODE_01,0.2703,0.2536,0.1347,SAFE
NODE_01,1.5407,0.3833,1.589,WARNING
NODE_01,0.1761,0.2352,0.1148,SAFE
NODE_01,0.1022,0.0817,0.0838,SAFE
NODE_01,0.1735,0.0234,0.0418,SAFE
NODE_01,0.8213,1.1577,1.1861,WARNING
NODE_01,1.0256,1.0755,0.5041,WARNING
NODE_01,0.0177,0.1729,0.0918,SAFE
NODE_01,0.0697,0.1688,0.0373,SAFE
NODE_01,0.29,0.0945,0.0847,SAFE
NODE_01,0.2409,0.2175,0.1486,SAFE
NODE_01,0.1287,0.1498,0.1461,SAFE
NODE_01,2.2919,0.735,0.7685,WARNING
NODE_01,0.1177,0.0884,0.1981,SAFE
NODE_01,0.0511,0.1891,0.1802,SAFE
NODE_01,0.0785,0.1053,0.094,SAFE
NODE_01,5.2228,1.6053,3.4792,DANGER
NODE_01,12.6772,2.3924,4.3244,DANGER
NODE_01,0.0738,0.0182,0.1927,SAFE
NODE_01,3.3818,0.4913,0.7081,WARNING
NODE_01,0.123,0.2177,0.1591,SAFE
NODE_01,7.4798,4.2146,3.5464,DANGER
NODE_01,0.0972,0.1998,0.1526,SAFE
NODE_01,14.3189,5.4863,5.3164,DANGER
NODE_01,2.1626,1.1898,1.0821,WARNING
NODE_01,0.2152,0.136,0.1322,SAFE
NODE_01,1.1739,0.6785,0.6653,WARNING
NODE_01,9.9546,3.0086,7.4475,DANGER
NODE_01,0.064,0.2167,0.1413,SAFE
NODE_01,0.2317,0.17,0.1295,SAFE
NODE_01,0.1871,0.1972,0.0344,SAFE
NODE_01,0.2293,0.043,0.1475,SAFE
NODE_01,0.0392,0.1376,0.162,SAFE
NODE_01,0.0178,0.1825,0.0501,SAFE
NODE_01,0.1644,0.0881,0.1859,SAFE
NODE_01,0.2296,0.0895,0.1252,SAFE
NODE_01,0.0956,0.0457,0.1631,SAFE
NODE_01,0.2825,0.1492,0.0161,SAFE
NODE_01,0.2007,0.2889,0.1061,SAFE
NODE_01,2.3902,0.8475,1.7632,WARNING
NODE_01,1.2652,1.0375,1.0876,WARNING
NODE_01,0.2766,0.0447,0.1696,SAFE
NODE_01,0.0815,0.0263,0.1401,SAFE
NODE_01,0.1626,0.0897,0.0177,SAFE
NODE_01,0.2959,0.1818,0.1992,SAFE
NODE_01,0.0734,0.1578,0.082,SAFE
NODE_01,0.1431,0.294,0.0012,SAFE
NODE_01,0.2284,0.0722,0.1917,SAFE
NODE_01,0.2496,0.2337,0.0616,SAFE
NODE_01,0.1777,0.219,0.0462,SAFE
NODE_01,0.0661,0.1392,0.1195,SAFE
NODE_01,0.2937,0.0398,0.137,SAFE
NODE_01,4.343,2.4025,3.6454,DANGER
NODE_01,0.2301,0.2314,0.0318,SAFE
NODE_01,3.0057,0.9124,1.3897,WARNING
NODE_01,0.1565,0.1251,0.0879,SAFE
NODE_01,0.0436,0.2208,0.0353,SAFE
NODE_01,0.2528,0.2213,0.0425,SAFE
NODE_01,0.2227,0.2708,0.1168,SAFE
NODE_01,0.1614,0.2544,0.1613,SAFE
NODE_01,0.0767,0.2677,0.0259,SAFE
NODE_01,0.13,0.1592,0.0123,SAFE
NODE_01,9.798,1.9309,5.1516,DANGER
NODE_01,0.0175,0.0864,0.1473,SAFE
NODE_01,8.2207,4.1295,3.6992,DANGER
NODE_01,3.2407,0.8687,0.8804,WARNING
NODE_01,1.0226,0.5764,1.2449,WARNING
NODE_01,0.1366,0.1749,0.0913,SAFE
NODE_01,0.2691,0.1728,0.1753,SAFE
NODE_01,0.2083,0.0922,0.0337,SAFE
NODE_01,0.0745,0.1964,0.03,SAFE
NODE_01,0.1428,0.1466,0.0592,SAFE
NODE_01,0.0748,0.2125,0.0705,SAFE
NODE_01,3.0985,1.0666,0.9162,WARNING
NODE_01,12.6001,2.2803,7.6263,DANGER
NODE_01,3.388,0.7538,0.7824,WARNING
NODE_01,0.1075,0.1144,0.0234,SAFE
NODE_01,0.1263,0.0658,0.1417,SAFE
NODE_01,0.2602,0.2928,0.1675,SAFE
NODE_01,1.0803,0.6601,1.3505,WARNING
NODE_01,1.4653,0.7164,1.0597,WARNING
NODE_01,0.0464,0.188,0.1146,SAFE
NODE_01,0.1207,0.0713,0.0886,SAFE
NODE_01,0.2875,0.195,0.1869,SAFE
NODE_01,0.2464,0.0685,0.1699,SAFE
NODE_01,0.1918,0.2601,0.0663,SAFE
NODE_01,0.0251,0.1355,0.1276,SAFE
NODE_01,0.2924,0.0478,0.1186,SAFE
NODE_01,2.9494,1.1779,1.0093,WARNING
NODE_01,0.1825,0.1054,0.1368,SAFE
NODE_01,0.0611,0.2786,0.1632,SAFE
NODE_01,0.1483,0.2489,0.1465,SAFE
NODE_01,0.0364,0.0571,0.1151,SAFE
NODE_01,0.0386,0.0994,0.054,SAFE
NODE_01,0.1833,0.2437,0.0955,SAFE
NODE_01,0.1232,0.0958,0.1521,SAFE
NODE_01,0.2112,0.1916,0.013,SAFE
NODE_01,3.4997,1.0656,0.4248,WARNING
NODE_01,0.1833,0.0459,0.1001,SAFE
NODE_01,0.0923,0.1345,0.1714,SAFE
NODE_01,3.0157,1.1113,1.0941,WARNING
NODE_01,0.2646,0.134,0.0632,SAFE
NODE_01,0.1887,0.1734,0.0776,SAFE
NODE_01,0.199,0.1909,0.0967,SAFE
NODE_01,0.1896,0.0322,0.0933,SAFE
NODE_01,3.3433,0.7521,1.5941,WARNING
NODE_01,0.2651,0.0978,0.061,SAFE
NODE_01,0.216,0.1896,0.1875,SAFE
NODE_01,2.8669,0.5891,1.2459,WARNING
NODE_01,0.2603,0.0909,0.1508,SAFE
NODE_01,1.8143,1.0064,1.676,WARNING
NODE_01,0.0294,0.0391,0.1588,SAFE
NODE_01,13.0832,3.2373,2.5434,DANGER
NODE_01,0.0626,0.1452,0.1261,SAFE
NODE_01,0.0814,0.2917,0.0098,SAFE
NODE_01,0.0347,0.2726,0.1705,SAFE
NODE_01,0.2004,0.2756,0.1649,SAFE
NODE_01,0.0361,0.0131,0.0401,SAFE
NODE_01,0.2447,0.2993,0.0545,SAFE
NODE_01,0.17,0.2876,0.1174,SAFE
NODE_01,0.2763,0.1003,0.1844,SAFE
NODE_01,0.149,0.0736,0.1184,SAFE
NODE_01,0.2754,0.2397,0.0637,SAFE
NODE_01,1.1463,1.1418,0.8836,WARNING
NODE_01,2.276,0.7784,1.4311,WARNING
NODE_01,2.342,1.0864,1.763,WARNING
NODE_01,0.2042,0.1797,0.0692,SAFE
NODE_01,0.1575,0.1178,0.0219,SAFE
NODE_01,0.0341,0.1561,0.172,SAFE
NODE_01,2.1407,0.5993,1.5517,WARNING
NODE_01,0.256,0.2456,0.1991,SAFE
NODE_01,1.6965,1.0242,0.9464,WARNING
NODE_01,0.0053,0.1722,0.126,SAFE
NODE_01,0.0379,0.1398,0.1292,SAFE
NODE_01,0.1207,0.1407,0.0676,SAFE
NODE_01,0.0084,0.2359,0.1785,SAFE
NODE_01,3.0424,0.5839,0.6397,WARNING
NODE_01,0.2494,0.0747,0.1866,SAFE
NODE_01,8.8416,4.1669,4.5663,DANGER
NODE_01,0.1635,0.2864,0.1138,SAFE
NODE_01,0.2298,0.2616,0.0614,SAFE
NODE_01,0.1605,0.0641,0.1704,SAFE
NODE_01,3.347,1.1192,0.7393,WARNING
NODE_01,0.0988,0.1962,0.1324,SAFE
NODE_01,0.258,0.0405,0.1633,SAFE
NODE_01,7.6749,2.0135,5.2828,DANGER
NODE_01,2.8498,0.5716,0.5684,WARNING
NODE_01,1.4316,0.9771,1.6738,WARNING
NODE_01,0.1188,0.289,0.0347,SAFE
NODE_01,0.247,0.0172,0.1898,SAFE
NODE_01,0.0792,0.2749,0.0019,SAFE
NODE_01,2.4233,1.143,1.4948,WARNING
NODE_01,0.0967,0.1154,0.1064,SAFE
NODE_01,0.2208,0.2094,0.1661,SAFE
NODE_01,4.1014,3.6102,2.2441,DANGER
NODE_01,12.7984,3.496,7.157,DANGER
NODE_01,0.2388,0.1287,0.1359,SAFE
NODE_01,12.5118,3.1716,3.3549,DANGER
NODE_01,0.1258,0.2033,0.1774,SAFE
NODE_01,9.5464,1.7043,3.0029,DANGER
NODE_01,0.0605,0.0692,0.1935,SAFE
NODE_01,0.0087,0.0723,0.1566,SAFE
NODE_01,0.2873,0.2022,0.0638,SAFE
NODE_01,1.6301,0.5048,1.7904,WARNING
NODE_01,0.9444,0.5845,0.5472,WARNING
NODE_01,0.1686,0.2448,0.126,SAFE
NODE_01,0.2776,0.2339,0.1699,SAFE
NODE_01,0.2739,0.105,0.1659,SAFE
NODE_01,0.8666,0.7664,1.193,WARNING
NODE_01,1.5405,0.8985,1.3152,WARNING
NODE_01,2.9596,1.1322,1.6068,WARNING
NODE_01,0.284,0.1599,0.1803,SAFE
NODE_01,0.2127,0.0704,0.1963,SAFE
NODE_01,0.2785,0.2769,0.1883,SAFE
NODE_01,0.2466,0.2985,0.0514,SAFE
NODE_01,0.1675,0.1702,0.1833,SAFE
NODE_01,1.6882,0.9567,1.0233,WARNING
NODE_01,0.2838,0.1696,0.0017,SAFE
NODE_01,0.2348,0.0679,0.1013,SAFE
NODE_01,2.8461,0.9403,0.9225,WARNING
NODE_01,0.1179,0.2328,0.0803,SAFE
NODE_01,0.1281,0.2827,0.1028,SAFE
NODE_01,0.0635,0.1885,0.0636,SAFE
NODE_01,0.6774,0.7162,0.7994,WARNING
NODE_01,0.1624,0.1879,0.1665,SAFE
NODE_01,0.0855,0.1352,0.0958,SAFE
NODE_01,3.4681,0.4349,1.3882,WARNING
NODE_01,1.7558,0.9891,1.2425,WARNING
NODE_01,0.1288,0.2865,0.1422,SAFE
NODE_01,0.2795,0.0117,0.1437,SAFE
NODE_01,0.0271,0.039,0.1813,SAFE
NODE_01,0.1453,0.169,0.083,SAFE
NODE_01,0.0396,0.1242,0.0661,SAFE
NODE_01,2.6532,1.1393,1.37,WARNING
NODE_01,0.2346,0.2095,0.1054,SAFE
NODE_01,0.0791,0.0803,0.1222,SAFE
NODE_01,0.2132,0.0452,0.0427,SAFE
NODE_01,4.4617,4.5655,4.2164,DANGER
NODE_01,0.2848,0.0716,0.0752,SAFE
NODE_01,0.049,0.2109,0.1111,SAFE
NODE_01,2.3289,1.1272,0.5517,WARNING
NODE_01,1.6714,0.3675,0.5863,WARNING
NODE_01,0.099,0.1976,0.0901,SAFE
NODE_01,0.2179,0.169,0.1837,SAFE
NODE_01,0.5193,1.1588,0.4738,WARNING
NODE_01,13.1025,1.8137,4.988,DANGER
NODE_01,2.7256,0.8362,1.241,WARNING
NODE_01,0.0061,0.242,0.1158,SAFE
NODE_01,0.1865,0.2165,0.1469,SAFE
NODE_01,3.2479,0.3996,0.6548,WARNING
NODE_01,0.1226,0.1636,0.0649,SAFE
NODE_01,9.7131,5.2548,4.641,DANGER
NODE_01,0.083,0.1292,0.1904,SAFE
NODE_01,0.2285,0.0617,0.0725,SAFE
NODE_01,0.061,0.083,0.1568,SAFE
NODE_01,0.2095,0.2529,0.0112,SAFE
NODE_01,0.1355,0.0286,0.1358,SAFE
NODE_01,0.2987,0.1708,0.1831,SAFE
NODE_01,0.2655,0.2787,0.0936,SAFE
NODE_01,0.2585,0.0184,0.0324,SAFE
NODE_01,0.2173,0.0673,0.1566,SAFE
NODE_01,14.6313,2.6684,3.5699,DANGER
NODE_01,0.0957,0.0945,0.0663,SAFE
NODE_01,0.1019,0.057,0.094,SAFE
NODE_01,0.0373,0.0997,0.0014,SAFE
NODE_01,0.1904,0.234,0.0264,SAFE
NODE_01,0.1201,0.221,0.0564,SAFE
NODE_01,1.9112,0.5657,0.7711,WARNING
NODE_01,0.1835,0.0152,0.1315,SAFE
NODE_01,0.2084,0.12,0.1058,SAFE
NODE_01,0.2057,0.1715,0.0075,SAFE
NODE_01,0.1668,0.2754,0.05,SAFE
NODE_01,0.0946,0.1943,0.1235,SAFE
NODE_01,12.5234,1.8208,7.3947,DANGER
NODE_01,1.1648,0.4354,1.554,WARNING
NODE_01,0.2179,0.0197,0.0949,SAFE
NODE_01,4.1471,2.2172,5.4082,DANGER
NODE_01,0.289,0.0437,0.0211,SAFE
NODE_01,0.0335,0.2923,0.1374,SAFE
NODE_01,0.1182,0.0808,0.0346,SAFE
NODE_01,0.2443,0.2805,0.0188,SAFE
NODE_01,5.8383,3.387,4.1336,DANGER
NODE_01,2.9278,1.0038,1.2195,WARNING
NODE_01,0.0394,0.0363,0.0141,SAFE
NODE_01,0.0041,0.181,0.1445,SAFE
NODE_01,0.0553,0.1881,0.1457,SAFE
NODE_01,0.0581,0.0128,0.1722,SAFE
NODE_01,0.1984,0.0689,0.0236,SAFE
NODE_01,0.1071,0.0129,0.0914,SAFE
NODE_01,2.1284,0.8273,1.6627,WARNING
NODE_01,0.2763,0.1461,0.1918,SAFE
NODE_01,6.0733,5.5548,5.9681,DANGER
NODE_01,0.2928,0.0289,0.0462,SAFE
NODE_01,0.0382,0.1448,0.0941,SAFE
NODE_01,2.7144,1.187,0.5036,WARNING
NODE_01,2.7071,1.0734,1.3222,WARNING
NODE_01,3.4916,0.8544,0.4522,WARNING
NODE_01,7.6158,5.6135,6.4758,DANGER
NODE_01,0.1952,0.1336,0.1148,SAFE
NODE_01,0.0173,0.1223,0.01,SAFE
NODE_01,0.213,0.1799,0.0837,SAFE
NODE_01,7.6993,5.1002,4.7174,DANGER
NODE_01,0.2508,0.017,0.1256,SAFE
NODE_01,14.3118,5.4201,4.4353,DANGER
NODE_01,0.0816,0.1945,0.1899,SAFE
NODE_01,0.1751,0.1245,0.0156,SAFE
NODE_01,0.0075,0.1462,0.166,SAFE
NODE_01,0.1706,0.2432,0.0107,SAFE
NODE_01,3.3803,1.1197,1.7144,WARNING
NODE_01,0.2309,0.182,0.1629,SAFE
NODE_01,0.2744,0.0266,0.0672,SAFE
NODE_01,1.6712,0.6989,1.7608,WARNING
NODE_01,0.0679,0.1023,0.1015,SAFE
NODE_01,0.2844,0.2719,0.1554,SAFE
NODE_01,0.0341,0.0134,0.1782,SAFE
NODE_01,3.4422,0.7377,0.9716,WARNING
NODE_01,0.0848,0.2519,0.156,SAFE
NODE_01,1.4607,0.3694,1.1113,WARNING
NODE_01,0.29,0.1094,0.138,SAFE
NODE_01,1.7129,0.6868,0.4586,WARNING
NODE_01,6.8121,1.3764,5.6051,DANGER
NODE_01,0.0512,0.0401,0.1012,SAFE
NODE_01,0.2417,0.2634,0.0135,SAFE
NODE_01,0.1611,0.0895,0.1107,SAFE
NODE_01,0.0131,0.1922,0.0916,SAFE
NODE_01,2.4548,0.3643,1.037,WARNING
NODE_01,0.0434,0.2805,0.0611,SAFE
NODE_01,0.2307,0.2851,0.0193,SAFE
NODE_01,0.1527,0.2088,0.04,SAFE
NODE_01,0.2763,0.1387,0.0042,SAFE
NODE_01,2.5119,0.5041,1.4989,WARNING
NODE_01,0.2786,0.2849,0.1148,SAFE
NODE_01,1.9195,0.5809,0.7181,WARNING
NODE_01,0.2088,0.0952,0.0304,SAFE
NODE_01,0.7636,0.5539,1.1944,WARNING
NODE_01,0.2932,0.0511,0.1732,SAFE
NODE_01,3.3534,0.9178,1.5433,WARNING
NODE_01,9.6895,3.4808,4.1085,DANGER
NODE_01,0.1873,0.1069,0.0123,SAFE
NODE_01,0.2944,0.2117,0.0156,SAFE
NODE_01,0.2895,0.2775,0.179,SAFE
NODE_01,0.1725,0.1715,0.1228,SAFE
NODE_01,0.0188,0.2331,0.0034,SAFE
NODE_01,0.2962,0.2182,0.185,SAFE
NODE_01,2.0819,0.38,0.4391,WARNING
NODE_01,11.0605,5.0416,7.6428,DANGER
NODE_01,0.2793,0.0279,0.1058,SAFE
NODE_01,2.0246,1.0713,1.3462,WARNING
NODE_01,5.7258,2.4005,3.6796,DANGER
NODE_01,0.1706,0.1306,0.1022,SAFE
NODE_01,0.0403,0.2314,0.0031,SAFE
NODE_01,10.5232,2.2349,7.8818,DANGER
NODE_01,3.3635,1.0082,1.3263,WARNING
NODE_01,0.2003,0.1878,0.0444,SAFE
NODE_01,0.2872,0.0847,0.1077,SAFE
NODE_01,0.0681,0.1409,0.0091,SAFE
NODE_01,0.1793,0.1102,0.1382,SAFE
NODE_01,0.1792,0.1804,0.005,SAFE
NODE_01,0.1032,0.2112,0.1074,SAFE
NODE_01,1.7197,0.3514,1.1761,WARNING
NODE_01,0.2221,0.1248,0.1817,SAFE
NODE_01,0.095,0.1583,0.193,SAFE
NODE_01,0.0953,0.0975,0.0925,SAFE
NODE_01,0.0265,0.2878,0.0941,SAFE
NODE_01,0.0512,0.1225,0.1145,SAFE
NODE_01,0.0687,0.2476,0.1359,SAFE
NODE_01,0.2588,0.0442,0.1032,SAFE
NODE_01,0.2882,0.0359,0.0732,SAFE
NODE_01,0.1691,0.0418,0.0482,SAFE
NODE_01,0.0609,0.1196,0.0486,SAFE
NODE_01,0.2001,0.1446,0.0481,SAFE
NODE_01,2.2264,1.1857,0.5072,WARNING
NODE_01,2.3674,1.0223,1.4066,WARNING
NODE_01,0.0613,0.2808,0.1862,SAFE
NODE_01,2.4455,1.1412,0.8416,WARNING
NODE_01,0.8611,1.1646,1.2217,WARNING
NODE_01,0.2852,0.0837,0.1225,SAFE
NODE_01,0.2078,0.0821,0.1396,SAFE
NODE_01,1.1389,0.3623,1.0536,WARNING
NODE_01,0.276,0.2585,0.0272,SAFE
NODE_01,0.1686,0.1254,0.1107,SAFE
NODE_01,0.0822,0.2246,0.1083,SAFE
NODE_01,1.4156,0.6515,0.484,WARNING
NODE_01,3.0241,0.4301,0.7859,WARNING
NODE_01,0.0993,0.0627,0.1246,SAFE
NODE_01,0.2979,0.2217,0.0813,SAFE
NODE_01,2.3706,0.5705,1.6333,WARNING
NODE_01,0.1397,0.1059,0.0494,SAFE
NODE_01,3.0824,1.1647,0.6177,WARNING
NODE_01,0.1989,0.1448,0.1367,SAFE
NODE_01,0.06,0.2453,0.0262,SAFE
NODE_01,0.0161,0.1644,0.0634,SAFE
NODE_01,0.0196,0.1334,0.0126,SAFE
NODE_01,2.8054,1.1049,1.7901,WARNING
NODE_01,0.0724,0.1495,0.0068,SAFE
NODE_01,0.2935,0.2681,0.1842,SAFE
NODE_01,0.0445,0.2019,0.0969,SAFE
NODE_01,1.9311,0.3974,1.0878,WARNING
NODE_01,0.2901,0.1409,0.102,SAFE
NODE_01,0.1971,0.1923,0.1,SAFE
NODE_01,0.2889,0.1004,0.1668,SAFE
NODE_01,0.0565,0.1986,0.1941,SAFE
NODE_01,0.172,0.1646,0.1295,SAFE
NODE_01,0.2868,0.2548,0.1201,SAFE
NODE_01,0.2756,0.2979,0.1406,SAFE
NODE_01,0.1466,0.0352,0.0245,SAFE
NODE_01,0.2252,0.2124,0.1462,SAFE
NODE_01,0.2336,0.2523,0.009,SAFE
NODE_01,5.3565,5.5072,2.9564,DANGER
NODE_01,0.135,0.1685,0.0992,SAFE
NODE_01,2.648,0.3838,1.6691,WARNING
NODE_01,0.1121,0.2452,0.1712,SAFE
NODE_01,0.0197,0.0793,0.0423,SAFE
NODE_01,11.9007,3.0293,3.9398,DANGER
NODE_01,5.2213,1.3507,6.1336,DANGER
NODE_01,0.1132,0.1154,0.0611,SAFE
NODE_01,0.0167,0.1193,0.1872,SAFE
NODE_01,2.7305,1.0042,0.6738,WARNING
NODE_01,0.1082,0.1561,0.0758,SAFE
NODE_01,0.2273,0.2641,0.1699,SAFE
NODE_01,0.1884,0.2431,0.1533,SAFE
NODE_01,0.25,0.0172,0.1331,SAFE
NODE_01,1.1038,0.4112,1.7218,WARNING
NODE_01,0.0593,0.2365,0.1676,SAFE
NODE_01,0.2385,0.0407,0.109,SAFE
NODE_01,0.112,0.1332,0.1957,SAFE
NODE_01,0.1627,0.0675,0.0393,SAFE
NODE_01,0.2815,0.158,0.0388,SAFE
NODE_01,11.9212,2.2665,4.8939,DANGER
NODE_01,0.1871,0.087,0.0444,SAFE
NODE_01,2.1139,0.7284,1.3632,WARNING
NODE_01,0.292,0.1414,0.1016,SAFE
NODE_01,0.2088,0.0517,0.0648,SAFE
NODE_01,0.2908,0.2571,0.0431,SAFE
NODE_01,0.2003,0.1606,0.0476,SAFE
NODE_01,3.0198,0.6473,0.8756,WARNING
NODE_01,1.0748,0.9748,1.1038,WARNING
NODE_01,0.1383,0.2048,0.0969,SAFE
NODE_01,0.098,0.0876,0.1663,SAFE
NODE_01,0.0478,0.2144,0.0521,SAFE
NODE_01,1.3738,0.7897,1.3901,WARNING
NODE_01,0.2177,0.0693,0.1428,SAFE
NODE_01,0.1865,0.2451,0.0093,SAFE
NODE_01,0.1987,0.2705,0.0287,SAFE
NODE_01,0.811,0.9668,0.9839,WARNING
NODE_01,0.2799,0.0165,0.0216,SAFE
NODE_01,0.0277,0.0511,0.0945,SAFE
NODE_01,0.2977,0.1707,0.1393,SAFE
NODE_01,4.1244,2.5196,2.7553,DANGER
NODE_01,0.1689,0.076,0.066,SAFE
NODE_01,4.5706,3.2056,5.1284,DANGER
NODE_01,0.2128,0.1649,0.1413,SAFE
NODE_01,0.2285,0.2216,0.0084,SAFE
NODE_01,0.2478,0.0348,0.0932,SAFE
NODE_01,3.4242,0.9848,0.7783,WARNING
NODE_01,3.128,0.5765,1.1923,WARNING
NODE_01,12.3087,4.0917,6.382,DANGER
NODE_01,0.0269,0.1856,0.0116,SAFE
NODE_01,0.0682,0.0681,0.0909,SAFE
NODE_01,2.3842,0.7663,1.2426,WARNING
NODE_01,0.203,0.2237,0.0597,SAFE
NODE_01,11.0528,3.9945,4.2025,DANGER
NODE_01,0.1348,0.0227,0.0377,SAFE
NODE_01,0.1194,0.0193,0.1623,SAFE
NODE_01,0.1585,0.2445,0.1209,SAFE
NODE_01,1.6762,0.8714,0.7433,WARNING
NODE_01,1.8102,0.8662,1.2924,WARNING
NODE_01,0.2529,0.2895,0.1435,SAFE
NODE_01,0.0292,0.0727,0.1456,SAFE
NODE_01,2.2658,0.9131,1.6748,WARNING
NODE_01,12.5851,1.9004,2.8078,DANGER
NODE_01,0.2151,0.1996,0.0055,SAFE
NODE_01,0.2445,0.1926,0.0881,SAFE
NODE_01,0.1364,0.0725,0.1946,SAFE
NODE_01,0.0512,0.0668,0.1509,SAFE
NODE_01,0.0476,0.1117,0.1583,SAFE
NODE_01,0.1454,0.1435,0.0192,SAFE
NODE_01,0.0479,0.2229,0.0141,SAFE
NODE_01,0.2201,0.0312,0.0974,SAFE
NODE_01,0.0618,0.0226,0.034,SAFE
NODE_01,0.1989,0.0914,0.0189,SAFE
NODE_01,0.093,0.1682,0.1561,SAFE
NODE_01,1.596,0.6619,1.5352,WARNING
NODE_01,0.1223,0.0425,0.1092,SAFE
NODE_01,0.0966,0.0104,0.1824,SAFE
NODE_01,0.2553,0.1031,0.1877,SAFE
NODE_01,0.2588,0.0124,0.0691,SAFE
NODE_01,0.0359,0.1832,0.1634,SAFE
NODE_01,0.0319,0.1461,0.1446,SAFE
NODE_01,0.2695,0.0958,0.04,SAFE
NODE_01,0.1762,0.1569,0.1805,SAFE
NODE_01,4.6476,2.0433,5.921,DANGER
NODE_01,0.0315,0.1519,0.0802,SAFE
NODE_01,0.2618,0.2848,0.07,SAFE
NODE_01,6.9374,2.5992,5.5362,DANGER
NODE_01,0.1834,0.1686,0.178,SAFE
NODE_01,0.6613,0.7484,1.3711,WARNING
NODE_01,0.126,0.2919,0.1624,SAFE
NODE_01,0.1036,0.2395,0.087,SAFE
NODE_01,0.0214,0.0959,0.0951,SAFE
NODE_01,1.7427,0.5162,0.9864,WARNING
NODE_01,0.2484,0.1586,0.1917,SAFE
NODE_01,0.2533,0.0797,0.0587,SAFE
NODE_01,0.1809,0.1681,0.1387,SAFE
NODE_01,1.2354,0.6754,0.5971,WARNING
NODE_01,0.1302,0.2576,0.1868,SAFE
NODE_01,0.1705,0.284,0.0857,SAFE
NODE_01,0.075,0.1118,0.0487,SAFE
NODE_01,0.2274,0.2243,0.0884,SAFE
NODE_01,0.0309,0.0268,0.0153,SAFE
NODE_01,0.1072,0.2117,0.1996,SAFE
NODE_01,2.5988,0.5383,1.0658,WARNING
NODE_01,2.2573,1.0131,1.5737,WARNING
NODE_01,2.744,1.1893,1.492,WARNING
NODE_01,2.2745,0.7884,1.1137,WARNING
NODE_01,0.0553,0.284,0.0895,SAFE
NODE_01,0.2606,0.1202,0.0627,SAFE
NODE_01,0.2957,0.0884,0.1516,SAFE
NODE_01,0.5082,0.8428,1.7929,WARNING
NODE_01,0.0165,0.2303,0.1433,SAFE
NODE_01,0.2769,0.1015,0.1861,SAFE
NODE_01,0.1928,0.2637,0.0424,SAFE
NODE_01,0.5969,0.6292,0.4497,WARNING
NODE_01,0.0773,0.1569,0.0313,SAFE
NODE_01,0.2874,0.2371,0.128,SAFE
NODE_01,0.2202,0.0506,0.0801,SAFE
NODE_01,0.041,0.2748,0.0334,SAFE
NODE_01,0.1051,0.0209,0.0829,SAFE
NODE_01,0.2711,0.241,0.1802,SAFE
NODE_01,0.1226,0.1069,0.0554,SAFE
NODE_01,0.0893,0.18,0.1429,SAFE
NODE_01,1.1147,0.911,1.5828,WARNING
NODE_01,0.2704,0.0248,0.0822,SAFE
NODE_01,0.1559,0.0775,0.0547,SAFE
NODE_01,12.7101,2.2848,7.14,DANGER
NODE_01,0.0964,0.0683,0.0624,SAFE
NODE_01,0.0085,0.064,0.1302,SAFE
NODE_01,0.1009,0.0681,0.0526,SAFE
NODE_01,0.0288,0.1724,0.0846,SAFE
NODE_01,9.8741,5.4376,4.1462,DANGER
NODE_01,0.1735,0.1875,0.1587,SAFE
NODE_01,0.1449,0.0904,0.1292,SAFE
NODE_01,9.4066,3.4317,2.3086,DANGER
NODE_01,0.0627,0.0645,0.156,SAFE
NODE_01,0.1599,0.1348,0.1303,SAFE
NODE_01,0.2295,0.0643,0.1845,SAFE
NODE_01,8.3412,5.5546,3.9398,DANGER
NODE_01,0.2622,0.1932,0.0044,SAFE
NODE_01,0.2944,0.0873,0.0467,SAFE
NODE_01,0.0869,0.1755,0.1891,SAFE
NODE_01,0.2755,0.0321,0.016,SAFE
NODE_01,7.6842,5.8374,7.5878,DANGER
NODE_01,2.098,0.785,1.7092,WARNING
NODE_01,2.2341,0.4126,0.6527,WARNING
NODE_01,0.6826,0.3861,1.7689,WARNING
NODE_01,0.2577,0.1361,0.0981,SAFE
NODE_01,0.5388,0.6318,0.8024,WARNING
NODE_01,12.2482,5.7525,5.9636,DANGER
NODE_01,2.5593,0.7142,1.7328,WARNING
NODE_01,0.0812,0.0904,0.0417,SAFE
NODE_01,4.7682,3.4149,4.4579,DANGER
NODE_01,2.0726,0.5854,1.3208,WARNING
NODE_01,0.073,0.1548,0.1089,SAFE
NODE_01,0.074,0.2919,0.1083,SAFE
NODE_01,0.0572,0.1363,0.0543,SAFE
NODE_01,0.0745,0.041,0.1492,SAFE
NODE_01,3.4604,0.9645,1.3409,WARNING
NODE_01,0.0694,0.0933,0.0818,SAFE
NODE_01,0.0448,0.0135,0.0176,SAFE
NODE_01,0.1157,0.28,0.1837,SAFE
NODE_01,0.1851,0.0392,0.1169,SAFE
NODE_01,0.2415,0.1243,0.0288,SAFE
NODE_01,2.9045,0.4865,0.433,WARNING
NODE_01,14.5305,5.602,2.9209,DANGER
NODE_01,8.1874,1.6198,4.3272,DANGER
NODE_01,0.0366,0.2155,0.1779,SAFE
NODE_01,0.147,0.0255,0.1979,SAFE
NODE_01,0.1967,0.0956,0.0488,SAFE
NODE_01,0.2263,0.1952,0.18,SAFE
NODE_01,5.2772,1.741,5.1099,DANGER
NODE_01,0.1356,0.0225,0.1704,SAFE
NODE_01,0.1666,0.185,0.1132,SAFE
NODE_01,6.5907,4.4083,5.4776,DANGER
NODE_01,0.2391,0.2382,0.1297,SAFE
NODE_01,0.1703,0.0792,0.1473,SAFE
NODE_01,0.0884,0.0497,0.1205,SAFE
NODE_01,3.186,1.0293,0.9468,WARNING
NODE_01,0.1562,0.2041,0.1779,SAFE
NODE_01,0.1066,0.0606,0.1337,SAFE
NODE_01,0.2768,0.1447,0.1534,SAFE
NODE_01,0.2125,0.1906,0.1411,SAFE
NODE_01,0.1043,0.1755,0.1535,SAFE
NODE_01,0.2931,0.2842,0.1559,SAFE
NODE_01,0.0086,0.0786,0.1381,SAFE
NODE_01,11.8304,4.4086,3.5782,DANGER
NODE_01,0.0906,0.1564,0.1072,SAFE
NODE_01,1.2059,1.0329,1.7731,WARNING
NODE_01,0.1855,0.2829,0.0904,SAFE
NODE_01,6.6512,3.097,2.9249,DANGER
NODE_01,0.1407,0.0359,0.0446,SAFE
NODE_01,0.2348,0.2184,0.0398,SAFE
NODE_01,0.2528,0.1574,0.022,SAFE
NODE_01,0.2645,0.0738,0.0322,SAFE
NODE_01,0.1263,0.2998,0.0269,SAFE
NODE_01,0.186,0.2406,0.1013,SAFE
NODE_01,0.172,0.1049,0.1993,SAFE
NODE_01,0.1969,0.1605,0.0861,SAFE
NODE_01,2.0935,0.7346,1.1188,WARNING
NODE_01,3.4905,0.6392,1.6998,WARNING
NODE_01,0.1772,0.1027,0.1464,SAFE
NODE_01,0.201,0.169,0.1712,SAFE
NODE_01,0.1239,0.1451,0.0258,SAFE
NODE_01,0.0254,0.1599,0.1531,SAFE
NODE_01,10.4974,2.0277,2.0021,DANGER
NODE_01,2.4604,1.0757,0.4373,WARNING
NODE_01,11.0581,5.8996,3.2855,DANGER
NODE_01,0.0429,0.2043,0.0952,SAFE
NODE_01,0.0639,0.0358,0.1785,SAFE
NODE_01,0.0498,0.0533,0.011,SAFE
NODE_01,0.0607,0.0419,0.0595,SAFE
NODE_01,3.0115,0.6078,1.307,WARNING
NODE_01,1.6765,0.6323,0.6696,WARNING
NODE_01,0.1066,0.1494,0.1142,SAFE
NODE_01,0.1542,0.1908,0.0914,SAFE
NODE_01,0.1751,0.2642,0.0419,SAFE
NODE_01,0.169,0.1931,0.1388,SAFE
NODE_01,0.0938,0.1044,0.0637,SAFE
NODE_01,0.2359,0.2574,0.0128,SAFE
NODE_01,0.2519,0.1508,0.0496,SAFE
NODE_01,3.1219,0.6403,0.5341,WARNING
NODE_01,0.1843,0.2641,0.0738,SAFE
NODE_01,0.0401,0.1219,0.1017,SAFE
NODE_01,0.0014,0.2734,0.1333,SAFE
NODE_01,3.2434,0.8883,1.2395,WARNING
NODE_01,0.2187,0.1191,0.196,SAFE
NODE_01,6.4582,4.6915,3.595,DANGER
NODE_01,0.1682,0.1789,0.1578,SAFE
NODE_01,1.9347,0.7363,1.2644,WARNING
NODE_01,0.1925,0.2502,0.1377,SAFE
NODE_01,0.1717,0.1963,0.1969,SAFE
NODE_01,0.2652,0.1644,0.0886,SAFE
NODE_01,0.0634,0.2901,0.0185,SAFE
NODE_01,12.7599,3.1911,6.4295,DANGER
NODE_01,0.5297,0.7817,1.4938,WARNING
NODE_01,0.1302,0.1273,0.052,SAFE
NODE_01,0.1744,0.1242,0.0088,SAFE
NODE_01,3.0396,0.6478,1.6378,WARNING
NODE_01,0.2692,0.2322,0.1531,SAFE
NODE_01,2.0692,0.6453,0.9748,WARNING
NODE_01,0.1986,0.0399,0.0637,SAFE
NODE_01,2.3901,1.1833,0.9753,WARNING
NODE_01,0.0015,0.0703,0.0023,SAFE
NODE_01,0.0142,0.128,0.1467,SAFE
NODE_01,0.6862,0.8655,1.0339,WARNING
NODE_01,0.2071,0.1345,0.0208,SAFE
NODE_01,0.0493,0.1603,0.1536,SAFE
NODE_01,0.1012,0.0453,0.0289,SAFE
NODE_01,0.1033,0.174,0.1844,SAFE
NODE_01,0.0322,0.1783,0.103,SAFE
NODE_01,0.1992,0.0606,0.1027,SAFE
NODE_01,0.0656,0.1559,0.0098,SAFE
NODE_01,0.0073,0.0214,0.048,SAFE
NODE_01,0.1431,0.2913,0.1229,SAFE
NODE_01,0.1102,0.1688,0.1874,SAFE
NODE_01,11.8087,2.4048,2.5294,DANGER
NODE_01,0.2289,0.0703,0.1594,SAFE
NODE_01,1.1057,0.812,0.8607,WARNING
NODE_01,0.0623,0.1537,0.0942,SAFE
NODE_01,0.1053,0.1969,0.0562,SAFE
NODE_01,0.0472,0.1098,0.0415,SAFE
NODE_01,0.2885,0.2907,0.0258,SAFE
NODE_01,0.1204,0.2421,0.1135,SAFE
NODE_01,1.3287,0.5621,1.1736,WARNING
NODE_01,1.8208,0.5278,0.555,WARNING
NODE_01,0.2516,0.2973,0.0744,SAFE
NODE_01,0.0407,0.211,0.1668,SAFE
NODE_01,0.1237,0.0162,0.1771,SAFE
NODE_01,0.2541,0.21,0.1809,SAFE
NODE_01,0.2106,0.0423,0.0671,SAFE
NODE_01,0.0871,0.0758,0.1195,SAFE
NODE_01,0.0668,0.085,0.1661,SAFE
NODE_01,0.2008,0.2936,0.1621,SAFE
NODE_01,1.2062,0.4813,0.5268,WARNING
NODE_01,0.0181,0.0413,0.1493,SAFE
NODE_01,0.0719,0.1551,0.1076,SAFE
NODE_01,0.1213,0.1408,0.0262,SAFE
NODE_01,0.1929,0.0386,0.1968,SAFE
NODE_01,0.1641,0.0656,0.1583,SAFE
NODE_01,0.0394,0.11,0.0394,SAFE
NODE_01,2.4779,0.967,0.6379,WARNING
NODE_01,2.3074,0.8499,0.7059,WARNING
NODE_01,4.0588,3.45,4.9675,DANGER
NODE_01,0.2157,0.1612,0.1549,SAFE
NODE_01,0.2213,0.1276,0.0739,SAFE
NODE_01,0.2145,0.0618,0.1211,SAFE
NODE_01,2.9947,0.9681,1.0115,WARNING
NODE_01,0.0208,0.1224,0.0337,SAFE
NODE_01,10.8213,3.3237,2.7762,DANGER
NODE_01,0.1496,0.1544,0.0764,SAFE
NODE_01,0.0876,0.2643,0.0774,SAFE
NODE_01,12.5442,4.0471,6.4129,DANGER
NODE_01,0.2613,0.1623,0.1116,SAFE
NODE_01,0.1398,0.2555,0.0359,SAFE
NODE_01,9.4644,5.6222,4.7771,DANGER
NODE_01,0.0262,0.1549,0.1687,SAFE
NODE_01,0.0201,0.0772,0.1234,SAFE
NODE_01,0.0464,0.2698,0.1251,SAFE
NODE_01,0.1886,0.17,0.0882,SAFE
NODE_01,0.0993,0.188,0.1259,SAFE
NODE_01,0.1627,0.1479,0.0632,SAFE
NODE_01,0.0529,0.1648,0.183,SAFE
NODE_01,0.2791,0.0947,0.036,SAFE
NODE_01,0.0636,0.1428,0.087,SAFE
NODE_01,3.4398,1.147,0.4296,WARNING
NODE_01,0.1469,0.105,0.0541,SAFE
NODE_01,0.0278,0.2934,0.0491,SAFE
NODE_01,0.1372,0.1472,0.0559,SAFE
NODE_01,2.5914,0.9516,0.928,WARNING
NODE_01,3.3012,0.6215,0.9974,WARNING
NODE_01,0.2138,0.0833,0.1171,SAFE
NODE_01,0.1328,0.1919,0.1384,SAFE
NODE_01,2.0436,0.5026,1.6804,WARNING
NODE_01,0.0981,0.219,0.1447,SAFE
NODE_01,1.0732,0.9875,1.1799,WARNING
NODE_01,1.4946,0.5036,0.6752,WARNING
NODE_01,0.0458,0.0202,0.0495,SAFE
NODE_01,0.2891,0.0431,0.0617,SAFE
NODE_01,0.0313,0.0833,0.0921,SAFE
NODE_01,0.2343,0.2307,0.155,SAFE
NODE_01,0.1499,0.1345,0.016,SAFE
NODE_01,8.062,3.8646,4.6313,DANGER
NODE_01,0.1254,0.2561,0.1422,SAFE
NODE_01,0.0935,0.0463,0.0109,SAFE
NODE_01,1.6652,0.4161,0.9893,WARNING
NODE_01,0.0964,0.1621,0.098,SAFE
NODE_01,0.1599,0.2578,0.1723,SAFE
NODE_01,1.6149,0.9865,1.5573,WARNING
NODE_01,0.1319,0.2451,0.1351,SAFE
NODE_01,7.8006,5.5502,6.0491,DANGER
NODE_01,3.4921,0.9971,0.6423,WARNING
NODE_01,0.1427,0.227,0.0115,SAFE
NODE_01,3.0377,0.9679,1.0717,WARNING
NODE_01,0.1746,0.2592,0.0159,SAFE
NODE_01,0.8326,0.6679,0.5507,WARNING
NODE_01,0.0784,0.2139,0.0163,SAFE
NODE_01,1.9642,0.9138,0.9924,WARNING
NODE_01,0.2533,0.1322,0.1688,SAFE
NODE_01,0.1306,0.0588,0.0081,SAFE
NODE_01,0.0076,0.1562,0.0999,SAFE
NODE_01,0.2469,0.2879,0.1238,SAFE
NODE_01,0.1482,0.0585,0.1384,SAFE
NODE_01,0.1244,0.0172,0.1669,SAFE
NODE_01,0.2832,0.2738,0.0911,SAFE
NODE_01,0.1656,0.0551,0.1596,SAFE
NODE_01,0.1257,0.1647,0.031,SAFE
NODE_01,7.2022,5.0152,7.4566,DANGER
NODE_01,0.1562,0.1701,0.1331,SAFE
NODE_01,0.2944,0.0432,0.1494,SAFE
NODE_01,0.0958,0.2356,0.1226,SAFE
NODE_01,0.2412,0.1539,0.1993,SAFE
NODE_01,2.4339,0.8716,0.4206,WARNING
NODE_01,0.085,0.048,0.1513,SAFE
NODE_01,0.2421,0.2347,0.0252,SAFE
NODE_01,0.0507,0.2248,0.1844,SAFE
NODE_01,1.0176,0.7675,1.3448,WARNING
NODE_01,1.782,0.5158,1.3214,WARNING
NODE_01,3.4528,0.5803,1.6471,WARNING
NODE_01,0.2154,0.1003,0.1306,SAFE
NODE_01,0.2664,0.2299,0.0864,SAFE
NODE_01,0.2055,0.0964,0.1471,SAFE
NODE_01,7.4364,4.5733,4.9593,DANGER
NODE_01,0.0091,0.1977,0.1376,SAFE
NODE_01,2.782,1.1707,0.9384,WARNING
NODE_01,2.6939,0.813,1.2304,WARNING
NODE_01,0.0242,0.2666,0.1919,SAFE
NODE_01,3.4513,0.9183,1.144,WARNING
NODE_01,0.1593,0.1363,0.0116,SAFE
NODE_01,1.047,0.5738,1.7385,WARNING
NODE_01,0.055,0.1472,0.1028,SAFE
NODE_01,11.2695,5.8681,5.8011,DANGER
NODE_01,3.2377,0.8876,1.3857,WARNING
NODE_01,0.0284,0.0892,0.1305,SAFE
NODE_01,0.0463,0.0482,0.1916,SAFE
NODE_01,0.1901,0.1292,0.0194,SAFE
NODE_01,0.011,0.2284,0.0862,SAFE
NODE_01,0.1027,0.2658,0.1196,SAFE
NODE_01,10.4686,1.8913,6.046,DANGER
NODE_01,2.6075,0.6127,0.4932,WARNING
NODE_01,0.1229,0.0946,0.0689,SAFE
NODE_01,0.0899,0.2541,0.1666,SAFE
NODE_01,0.0821,0.0981,0.065,SAFE
NODE_01,1.3423,0.9083,1.5161,WARNING
NODE_01,0.1185,0.1028,0.1155,SAFE
NODE_01,0.0418,0.1464,0.0585,SAFE
NODE_01,0.2119,0.0913,0.1994,SAFE
NODE_01,3.0899,0.9185,1.6525,WARNING
NODE_01,0.0458,0.0175,0.148,SAFE
NODE_01,11.5104,1.6912,6.679,DANGER
NODE_01,2.4136,0.741,1.5976,WARNING
NODE_01,0.0683,0.1241,0.1944,SAFE
NODE_01,0.2531,0.2804,0.0038,SAFE
NODE_01,5.1227,3.0226,6.933,DANGER
NODE_01,2.2354,0.522,1.2476,WARNING
NODE_01,0.0748,0.272,0.0472,SAFE
NODE_01,1.6168,0.5297,1.3827,WARNING
NODE_01,1.3474,0.8021,0.4398,WARNING
NODE_01,1.7422,0.9719,0.5275,WARNING
NODE_01,0.1753,0.2627,0.1225,SAFE
NODE_01,2.4924,0.8366,1.4806,WARNING
NODE_01,0.226,0.2581,0.0715,SAFE
NODE_01,0.0828,0.0404,0.0717,SAFE
NODE_01,0.2411,0.2072,0.106,SAFE
NODE_01,0.1445,0.1159,0.1237,SAFE
NODE_01,2.142,0.9951,0.7606,WARNING
NODE_01,0.2354,0.2836,0.0152,SAFE
NODE_01,0.0576,0.1178,0.1202,SAFE
NODE_01,0.25,0.2611,0.1733,SAFE
NODE_01,0.2829,0.2264,0.172,SAFE
NODE_01,0.0733,0.1855,0.1258,SAFE
NODE_01,9.7604,5.7886,6.7166,DANGER
NODE_01,0.0449,0.099,0.0231,SAFE
NODE_01,0.2126,0.1757,0.0312,SAFE
NODE_01,2.0884,0.6303,0.8176,WARNING
NODE_01,0.024,0.2122,0.1633,SAFE
NODE_01,7.3677,4.3072,2.7485,DANGER
NODE_01,2.7615,0.775,1.6473,WARNING
NODE_01,0.15,0.1691,0.0244,SAFE
NODE_01,0.2639,0.0663,0.1546,SAFE
NODE_01,0.1698,0.1738,0.1988,SAFE
NODE_01,0.0317,0.0938,0.0031,SAFE
NODE_01,0.2965,0.2807,0.0818,SAFE
NODE_01,0.2417,0.1056,0.0019,SAFE
NODE_01,0.1849,0.2071,0.1095,SAFE
NODE_01,0.0872,0.0943,0.0527,SAFE
NODE_01,0.007,0.2706,0.0585,SAFE
NODE_01,0.2466,0.2185,0.014,SAFE
NODE_01,0.2587,0.1798,0.158,SAFE
NODE_01,1.0859,0.4796,0.8469,WARNING
NODE_01,0.2736,0.1225,0.0703,SAFE
NODE_01,0.0718,0.0391,0.1201,SAFE
NODE_01,0.0864,0.2526,0.0631,SAFE
NODE_01,0.1508,0.288,0.0235,SAFE
NODE_01,0.2035,0.085,0.0792,SAFE
NODE_01,0.2105,0.0777,0.1971,SAFE
NODE_01,0.0427,0.208,0.1791,SAFE
NODE_01,0.2329,0.026,0.0576,SAFE
NODE_01,1.9955,0.7844,0.8352,WARNING
